# 3ds Max Wavefront OBJ Exporter v0.97b - (c)2007 guruware
# File Created: 26.02.2016 17:38:33

mtllib DNA_002.mtl

#
# object DNA_001
#

v  -0.180586 0.041383 -0.027688
v  -0.181259 0.070077 -0.034277
v  -0.180292 0.096860 -0.010104
v  -0.179017 0.092565 0.022659
v  -0.180742 0.061933 0.028565
v  -0.180928 0.037958 0.004450
v  0.182065 0.035598 -0.011097
v  0.182091 0.060366 -0.036429
v  0.180816 0.090276 -0.028391
v  0.182663 0.090428 0.002637
v  0.182948 0.067776 0.024988
v  0.181677 0.042001 0.020245
v  -0.235794 0.123895 0.071451
v  -0.276533 0.125456 0.059683
v  -0.279169 0.133824 0.018205
v  -0.247818 0.137672 -0.006948
v  -0.213806 0.133300 0.011791
v  -0.202941 0.126218 0.050105
v  -0.245934 -0.001734 -0.000171
v  -0.271010 0.005455 -0.012274
v  -0.264067 0.005121 -0.041633
v  -0.240335 0.012894 -0.057328
v  -0.221337 0.007514 -0.036898
v  -0.219447 0.007252 -0.008134
v  -0.206935 0.106521 -0.009240
v  -0.247155 0.107146 -0.023504
v  -0.282520 0.104877 -0.002321
v  -0.279403 0.096813 0.039786
v  -0.240656 0.093594 0.058355
v  -0.205264 0.098364 0.036242
v  -0.206084 0.033877 -0.038476
v  -0.241969 0.038828 -0.057363
v  -0.277000 0.035295 -0.039201
v  -0.279993 0.028301 0.001294
v  -0.247241 0.022428 0.025698
v  -0.208941 0.028798 0.006728
v  -0.208933 0.072371 -0.041044
v  -0.246440 0.073511 -0.045447
v  -0.284320 0.070845 -0.024261
v  -0.285581 0.061712 0.021546
v  -0.246240 0.057718 0.045291
v  -0.210143 0.061616 0.033670
v  0.237658 0.122166 -0.077494
v  0.277311 0.125757 -0.061936
v  0.282500 0.135237 -0.019531
v  0.246891 0.135881 0.001305
v  0.210518 0.133067 -0.011700
v  0.207098 0.127275 -0.050822
v  0.245958 0.008383 -0.004188
v  0.263740 0.008659 0.015557
v  0.268296 0.012950 0.041661
v  0.240578 0.008418 0.051547
v  0.213691 0.009906 0.037671
v  0.222532 0.004426 0.011498
v  0.208024 0.102935 0.004793
v  0.246885 0.107146 0.021076
v  0.283018 0.104789 -0.000114
v  0.279603 0.096061 -0.042785
v  0.241948 0.091919 -0.063774
v  0.203196 0.098057 -0.041251
v  0.203439 0.032525 0.036046
v  0.241647 0.038003 0.055786
v  0.279730 0.036643 0.038420
v  0.282177 0.027514 -0.003186
v  0.247862 0.024869 -0.025877
v  0.209128 0.027631 -0.009469
v  0.208672 0.071097 0.036196
v  0.245383 0.072246 0.040706
v  0.283386 0.070563 0.021141
v  0.282456 0.061860 -0.022766
v  0.246214 0.059208 -0.044136
v  0.209481 0.060142 -0.039653
v  0.136242 0.067440 0.025931
v  0.136431 0.088686 0.004089
v  0.135672 0.092067 -0.026875
v  0.135774 0.061761 -0.039576
v  0.136018 0.036107 -0.014131
v  0.135763 0.040673 0.018509
v  -0.132044 0.062551 0.022282
v  -0.131673 0.087399 0.015015
v  -0.132164 0.092758 -0.013131
v  -0.132041 0.072323 -0.041296
v  -0.131678 0.040974 -0.028722
v  -0.132110 0.039248 0.003607
v  0.024141 0.046052 -0.012200
v  0.024660 0.066467 0.019717
v  0.024233 0.087193 0.008960
v  0.024185 0.084642 -0.013084
v  0.024157 0.065657 -0.023308
v  0.024953 0.049624 0.007688
v  -0.017693 0.045764 -0.013789
v  -0.019611 0.063489 0.016169
v  -0.019360 0.080015 0.006742
v  -0.018114 0.083308 -0.013629
v  -0.017548 0.063578 -0.023049
v  -0.018776 0.045613 0.006876
v  -0.063705 0.062287 0.017341
v  -0.063391 0.085030 0.010798
v  -0.063012 0.091539 -0.016234
v  -0.061716 0.068137 -0.037138
v  -0.062177 0.040153 -0.023264
v  -0.063481 0.038747 0.006386
v  0.068681 0.067331 0.024417
v  0.068825 0.089294 0.007786
v  0.067705 0.093556 -0.021039
v  0.067108 0.064972 -0.038818
v  0.068378 0.039425 -0.014707
v  0.068373 0.043617 0.014023
v  -0.000740 0.053451 -0.009507
v  -0.001515 0.063473 -0.013667
v  -0.001428 0.075067 -0.008571
v  -0.001630 0.074452 0.004366
v  -0.001735 0.063988 0.010476
v  -0.001477 0.053946 0.003239
v  0.007674 0.064689 -0.015532
v  0.008208 0.054946 -0.008911
v  0.007912 0.054016 0.003455
v  0.008172 0.064691 0.009933
v  0.008261 0.075228 0.003494
v  0.007640 0.075720 -0.008862
v  -0.180358 0.172439 0.026929
v  -0.183398 0.199613 0.016854
v  -0.175565 0.217947 0.043296
v  -0.165950 0.214606 0.071141
v  -0.165811 0.189715 0.076577
v  -0.172427 0.169676 0.055336
v  0.174203 0.167832 -0.059556
v  0.168016 0.189390 -0.080756
v  0.168961 0.214717 -0.073958
v  0.177445 0.216211 -0.048403
v  0.183212 0.196079 -0.027661
v  0.181109 0.171146 -0.032796
v  -0.206045 0.249841 0.136931
v  -0.245582 0.252386 0.134643
v  -0.263039 0.260223 0.096318
v  -0.239446 0.264473 0.062558
v  -0.199578 0.260508 0.068283
v  -0.180910 0.252725 0.104856
v  -0.200867 0.231813 0.050077
v  -0.243103 0.234381 0.046305
v  -0.267319 0.229946 0.078967
v  -0.253674 0.223151 0.116722
v  -0.214301 0.220599 0.122774
v  -0.181784 0.224721 0.093660
v  -0.208313 0.162412 0.021385
v  -0.247866 0.166609 0.009641
v  -0.277591 0.162104 0.039066
v  -0.270617 0.155058 0.078696
v  -0.231222 0.154172 0.086739
v  -0.197120 0.155764 0.064366
v  -0.211863 0.200124 0.020069
v  -0.246427 0.199095 0.028839
v  -0.275351 0.196460 0.058836
v  -0.264778 0.188866 0.099458
v  -0.224153 0.186971 0.107406
v  -0.191702 0.189590 0.090416
v  0.206787 0.252789 -0.135067
v  0.243763 0.255675 -0.130949
v  0.261458 0.261776 -0.097460
v  0.237273 0.263486 -0.067961
v  0.198027 0.260893 -0.069296
v  0.183170 0.254960 -0.105128
v  0.201218 0.230571 -0.053248
v  0.242059 0.233663 -0.050433
v  0.268629 0.231509 -0.079408
v  0.252595 0.225584 -0.114953
v  0.215085 0.222902 -0.122179
v  0.185546 0.225495 -0.093732
v  0.206566 0.161590 -0.023849
v  0.245889 0.164002 -0.016091
v  0.277378 0.163604 -0.040106
v  0.274714 0.155590 -0.082974
v  0.232272 0.152525 -0.093780
v  0.198554 0.156163 -0.067042
v  0.210841 0.198126 -0.025829
v  0.245818 0.198506 -0.031745
v  0.272254 0.196398 -0.060854
v  0.263384 0.190585 -0.100212
v  0.224160 0.188540 -0.108704
v  0.191650 0.188755 -0.094575
v  0.138032 0.195600 -0.016734
v  0.133200 0.214330 -0.034036
v  0.125596 0.213656 -0.058640
v  0.122466 0.189104 -0.070751
v  0.128585 0.167047 -0.049872
v  0.135787 0.172307 -0.023729
v  -0.120429 0.190776 0.057738
v  -0.122247 0.211449 0.051002
v  -0.129714 0.218126 0.026397
v  -0.136529 0.199144 0.002350
v  -0.132508 0.173251 0.016323
v  -0.125256 0.172850 0.042080
v  0.020977 0.174513 -0.018905
v  0.030549 0.193699 0.008083
v  0.027658 0.208642 -0.001733
v  0.021308 0.209271 -0.019826
v  0.016995 0.192155 -0.030705
v  0.027595 0.176898 0.000371
v  -0.021557 0.177002 -0.007419
v  -0.013942 0.193017 0.022049
v  -0.016331 0.208585 0.013230
v  -0.021316 0.210998 -0.006683
v  -0.024053 0.193977 -0.021018
v  -0.016845 0.176959 0.012177
v  -0.055470 0.192090 0.036966
v  -0.057883 0.210596 0.028261
v  -0.064451 0.214727 0.005038
v  -0.069504 0.196279 -0.014975
v  -0.065694 0.173249 -0.000365
v  -0.059278 0.173661 0.024256
v  0.072816 0.194128 -0.002122
v  0.069289 0.212331 -0.014254
v  0.061648 0.213883 -0.037838
v  0.057799 0.190509 -0.050290
v  0.062835 0.168503 -0.034056
v  0.070382 0.172726 -0.008787
v  -0.003407 0.181824 -0.007989
v  -0.005189 0.192938 -0.014821
v  -0.003404 0.203705 -0.007369
v  0.000618 0.204351 0.005871
v  0.002363 0.193337 0.011964
v  0.000184 0.182592 0.005390
v  0.002705 0.192505 -0.018177
v  0.005121 0.180634 -0.010769
v  0.009803 0.182390 0.002303
v  0.012003 0.193424 0.008457
v  0.010047 0.204218 0.002302
v  0.005667 0.203884 -0.010516
v  -0.163850 0.297139 0.077157
v  -0.168377 0.324340 0.072396
v  -0.155788 0.344939 0.092538
v  -0.139229 0.342652 0.115158
v  -0.136490 0.317695 0.120166
v  -0.148431 0.295679 0.102094
v  0.151346 0.297145 -0.105150
v  0.138512 0.317492 -0.124959
v  0.139753 0.344499 -0.120548
v  0.156118 0.344111 -0.097397
v  0.168419 0.324156 -0.078266
v  0.164810 0.300116 -0.082701
v  -0.156235 0.374768 0.194086
v  -0.203165 0.377313 0.209314
v  -0.235650 0.390144 0.169930
v  -0.217296 0.395477 0.124494
v  -0.171618 0.388808 0.119566
v  -0.137401 0.378895 0.150172
v  -0.178834 0.357830 0.105605
v  -0.224849 0.365575 0.108992
v  -0.243069 0.359545 0.152250
v  -0.214385 0.348495 0.190222
v  -0.169444 0.346179 0.182158
v  -0.147820 0.351605 0.141256
v  -0.191833 0.289525 0.077465
v  -0.236591 0.295228 0.075558
v  -0.259717 0.291438 0.113158
v  -0.237438 0.282068 0.152207
v  -0.195838 0.279240 0.152215
v  -0.168135 0.281226 0.117807
v  -0.195984 0.326812 0.079730
v  -0.232642 0.330475 0.091312
v  -0.251366 0.325677 0.132284
v  -0.227602 0.314620 0.173370
v  -0.182644 0.312364 0.169881
v  -0.154292 0.314665 0.143264
v  0.159904 0.378093 -0.190945
v  0.199754 0.381515 -0.198156
v  0.225595 0.387576 -0.169585
v  0.210272 0.389909 -0.132588
v  0.171673 0.386517 -0.125920
v  0.147699 0.381734 -0.154934
v  0.178431 0.356544 -0.110480
v  0.217186 0.358805 -0.119525
v  0.234359 0.357507 -0.152790
v  0.211278 0.351881 -0.182766
v  0.171190 0.348468 -0.180680
v  0.151143 0.352255 -0.144538
v  0.190770 0.289683 -0.079284
v  0.231679 0.291798 -0.084664
v  0.254189 0.291227 -0.115089
v  0.233339 0.285578 -0.146438
v  0.196542 0.281843 -0.150307
v  0.173292 0.285457 -0.118262
v  0.195186 0.325411 -0.085807
v  0.226915 0.325493 -0.100979
v  0.244731 0.324106 -0.134083
v  0.222249 0.318082 -0.165618
v  0.184343 0.315063 -0.167079
v  0.159088 0.316993 -0.143480
v  0.127920 0.322986 -0.055676
v  0.118604 0.343800 -0.070310
v  0.102918 0.344742 -0.093213
v  0.099176 0.318298 -0.099810
v  0.110869 0.298965 -0.082353
v  0.124179 0.300859 -0.061167
v  -0.096595 0.318811 0.092983
v  -0.101226 0.342834 0.085668
v  -0.116228 0.345352 0.063338
v  -0.126868 0.323902 0.046182
v  -0.121747 0.296991 0.053316
v  -0.107128 0.298306 0.077055
v  0.016403 0.302969 -0.022946
v  0.033188 0.321129 0.002323
v  0.027127 0.337702 -0.007664
v  0.015891 0.337626 -0.023977
v  0.010120 0.320506 -0.032499
v  0.027643 0.303186 -0.005211
v  -0.021892 0.303873 0.000002
v  -0.003494 0.320964 0.027989
v  -0.008799 0.338515 0.019574
v  -0.021132 0.338165 0.001397
v  -0.027041 0.321235 -0.008000
v  -0.011039 0.303554 0.017383
v  -0.039358 0.319992 0.055235
v  -0.045337 0.341618 0.045682
v  -0.059428 0.343634 0.024260
v  -0.067602 0.322457 0.011075
v  -0.061750 0.299082 0.019946
v  -0.048411 0.299850 0.041601
v  0.070420 0.321315 -0.021086
v  0.063831 0.342140 -0.031480
v  0.049761 0.342066 -0.052042
v  0.044417 0.319719 -0.060706
v  0.052633 0.297448 -0.048471
v  0.066241 0.300295 -0.026895
v  -0.004620 0.309792 -0.005962
v  -0.008091 0.320902 -0.011342
v  -0.004102 0.331677 -0.004774
v  0.004378 0.332733 0.006735
v  0.008479 0.321600 0.012826
v  0.002634 0.310423 0.005579
v  0.000415 0.320763 -0.015998
v  0.003772 0.309951 -0.010571
v  0.010901 0.309860 0.000797
v  0.015162 0.321415 0.006242
v  0.011803 0.332793 0.000732
v  0.003871 0.331795 -0.010591
v  -0.134497 0.426023 0.120944
v  -0.140303 0.452629 0.117565
v  -0.122599 0.473635 0.132704
v  -0.095948 0.475449 0.151629
v  -0.093946 0.445050 0.155561
v  -0.111663 0.421508 0.140253
v  0.117372 0.426465 -0.142219
v  0.101929 0.446854 -0.156301
v  0.103855 0.470448 -0.153439
v  0.125000 0.473230 -0.135329
v  0.143019 0.453197 -0.118535
v  0.136787 0.426022 -0.122453
v  -0.098776 0.505776 0.228071
v  -0.135597 0.509002 0.250125
v  -0.172726 0.518818 0.227321
v  -0.167514 0.521225 0.184376
v  -0.130669 0.516056 0.167090
v  -0.096883 0.509374 0.187085
v  -0.141816 0.487268 0.150623
v  -0.184136 0.493309 0.170419
v  -0.196712 0.491179 0.219486
v  -0.153799 0.479105 0.241404
v  -0.113002 0.475697 0.222113
v  -0.102750 0.480940 0.178189
v  -0.162167 0.417688 0.128564
v  -0.210718 0.425981 0.137866
v  -0.226683 0.421029 0.187213
v  -0.188525 0.409034 0.221338
v  -0.143217 0.405437 0.204353
v  -0.125595 0.408494 0.160195
v  -0.164811 0.454196 0.133245
v  -0.200246 0.459640 0.153934
v  -0.213391 0.455688 0.204417
v  -0.171424 0.444133 0.231819
v  -0.127080 0.440094 0.215972
v  -0.108420 0.443432 0.180961
v  0.094607 0.502015 -0.234304
v  0.136483 0.508114 -0.253131
v  0.180337 0.519100 -0.231075
v  0.175436 0.524267 -0.181380
v  0.132048 0.516974 -0.163227
v  0.095272 0.507825 -0.188325
v  0.142992 0.486290 -0.152883
v  0.187620 0.494422 -0.168430
v  0.192540 0.487780 -0.217355
v  0.152727 0.477339 -0.244429
v  0.110956 0.472962 -0.226707
v  0.107063 0.479379 -0.181053
v  0.162466 0.416540 -0.131195
v  0.202041 0.419720 -0.145691
v  0.216738 0.418223 -0.185123
v  0.185225 0.410740 -0.212414
v  0.144105 0.405394 -0.204674
v  0.132119 0.411657 -0.163329
v  0.166528 0.454739 -0.132693
v  0.197485 0.456684 -0.156633
v  0.204934 0.452530 -0.201492
v  0.170250 0.442846 -0.231392
v  0.126785 0.438637 -0.218968
v  0.112668 0.444264 -0.183020
v  0.114662 0.454046 -0.082710
v  0.096425 0.474050 -0.099076
v  0.075830 0.470773 -0.116554
v  0.070463 0.447194 -0.121420
v  0.085220 0.427968 -0.108689
v  0.105115 0.425762 -0.090294
v  -0.063065 0.446314 0.118770
v  -0.070135 0.473817 0.112208
v  -0.093119 0.474452 0.093553
v  -0.106987 0.452101 0.081384
v  -0.100153 0.426512 0.086863
v  -0.078864 0.422907 0.105497
v  0.011144 0.432753 -0.026398
v  0.034866 0.450584 -0.002933
v  0.024097 0.468335 -0.013135
v  0.007155 0.467577 -0.027740
v  0.001904 0.448581 -0.033757
v  0.025658 0.432478 -0.012945
v  -0.020312 0.432152 0.006956
v  0.006059 0.448146 0.028139
v  -0.001512 0.469124 0.021091
v  -0.018950 0.467648 0.007306
v  -0.028179 0.449402 -0.000428
v  -0.004268 0.429206 0.020053
v  -0.019231 0.447885 0.065776
v  -0.027601 0.474473 0.058172
v  -0.049074 0.472379 0.040528
v  -0.060582 0.450492 0.030538
v  -0.052365 0.427149 0.037412
v  -0.032403 0.424580 0.054893
v  0.068802 0.452063 -0.033146
v  0.053593 0.473373 -0.046867
v  0.033094 0.471388 -0.064245
v  0.027885 0.448183 -0.069341
v  0.039100 0.428174 -0.059949
v  0.058535 0.426582 -0.042161
v  -0.006168 0.436282 -0.004876
v  -0.011325 0.448730 -0.009051
v  -0.005471 0.461215 -0.004027
v  0.005611 0.461710 0.005391
v  0.010637 0.448272 0.009453
v  0.004910 0.435297 0.004278
v  -0.007286 0.448562 -0.017506
v  0.000960 0.437431 -0.011806
v  0.011214 0.436522 -0.002499
v  0.016149 0.449249 0.002750
v  0.011128 0.462734 -0.000883
v  -0.000501 0.461478 -0.011326
v  -0.095540 0.552168 0.153927
v  -0.104535 0.581125 0.151160
v  -0.081352 0.601892 0.161676
v  -0.052793 0.598615 0.172907
v  -0.048222 0.572521 0.176154
v  -0.068706 0.551283 0.166775
v  0.071483 0.551778 -0.169097
v  0.048444 0.571915 -0.179333
v  0.053153 0.600207 -0.175327
v  0.081443 0.600500 -0.164140
v  0.105399 0.580887 -0.151910
v  0.099409 0.550826 -0.153457
v  -0.031506 0.633607 0.244316
v  -0.058818 0.636892 0.270041
v  -0.095866 0.643139 0.259689
v  -0.105032 0.645551 0.222727
v  -0.077462 0.642309 0.198030
v  -0.041538 0.637508 0.207515
v  -0.091594 0.612751 0.187161
v  -0.119276 0.615165 0.215476
v  -0.114245 0.612993 0.253814
v  -0.076685 0.606391 0.268746
v  -0.049099 0.605124 0.241302
v  -0.049524 0.608291 0.200396
v  -0.117562 0.544201 0.172224
v  -0.152000 0.548553 0.195315
v  -0.151997 0.546573 0.235237
v  -0.116724 0.538790 0.256487
v  -0.085355 0.537630 0.231728
v  -0.079242 0.537882 0.190906
v  -0.118485 0.580576 0.176608
v  -0.137950 0.581796 0.205577
v  -0.131073 0.578502 0.243651
v  -0.096013 0.571853 0.265367
v  -0.067577 0.572288 0.237276
v  -0.053717 0.571430 0.204876
v  0.033333 0.634877 -0.246903
v  0.061110 0.637654 -0.276572
v  0.107398 0.648193 -0.269079
v  0.118750 0.653265 -0.222431
v  0.081555 0.645358 -0.194360
v  0.040024 0.637012 -0.205480
v  0.095492 0.615588 -0.184482
v  0.135695 0.624539 -0.213692
v  0.126650 0.618163 -0.263171
v  0.079048 0.606875 -0.275716
v  0.046798 0.604420 -0.245828
v  0.050551 0.608478 -0.201845
v  0.121918 0.545093 -0.166274
v  0.166467 0.554714 -0.191111
v  0.165325 0.549985 -0.242382
v  0.119822 0.538397 -0.263760
v  0.081038 0.534167 -0.237774
v  0.078682 0.537645 -0.192582
v  0.124659 0.583781 -0.171767
v  0.152730 0.588902 -0.203982
v  0.146783 0.583923 -0.253750
v  0.100124 0.573338 -0.267702
v  0.064018 0.570019 -0.242134
v  0.052684 0.570840 -0.206863
v  0.085425 0.579665 -0.111836
v  0.064280 0.600056 -0.122067
v  0.036838 0.600954 -0.133833
v  0.029950 0.571833 -0.137593
v  0.051123 0.553691 -0.128198
v  0.077184 0.550867 -0.115174
v  -0.028195 0.573323 0.131463
v  -0.037722 0.596699 0.127037
v  -0.062827 0.600471 0.115988
v  -0.081745 0.579430 0.107082
v  -0.072526 0.552838 0.110917
v  -0.046973 0.552913 0.123113
v  0.002517 0.559596 -0.028474
v  0.029369 0.576741 -0.016436
v  0.018387 0.593474 -0.021181
v  -0.002150 0.596435 -0.028718
v  -0.009667 0.575466 -0.032825
v  0.020596 0.559572 -0.020286
v  -0.017214 0.558250 0.011592
v  0.013345 0.575507 0.025036
v  0.002618 0.593170 0.020796
v  -0.016566 0.593260 0.012515
v  -0.027139 0.576355 0.007178
v  0.002085 0.557627 0.020358
v  0.000378 0.574715 0.068539
v  -0.011114 0.597884 0.063356
v  -0.035669 0.598093 0.052616
v  -0.050623 0.577395 0.045500
v  -0.040224 0.553495 0.049948
v  -0.015210 0.551897 0.061819
v  0.052908 0.577665 -0.053387
v  0.037279 0.597652 -0.060932
v  0.012496 0.599795 -0.071394
v  0.004062 0.573530 -0.075638
v  0.020938 0.555665 -0.068422
v  0.044205 0.552741 -0.056938
v  -0.005573 0.564906 -0.002510
v  -0.012259 0.576265 -0.005105
v  -0.005953 0.586523 -0.001804
v  0.006484 0.587329 0.003069
v  0.014115 0.575904 0.005727
v  0.006720 0.564672 0.002817
v  -0.009056 0.576342 -0.013654
v  -0.001467 0.565728 -0.011264
v  0.010817 0.564813 -0.005990
v  0.017657 0.576286 -0.003098
v  0.009578 0.587759 -0.006064
v  -0.003563 0.588282 -0.010801
v  -0.048434 0.679968 0.174246
v  -0.053776 0.706935 0.174792
v  -0.031597 0.730352 0.177796
v  -0.000821 0.730381 0.179983
v  0.004106 0.700339 0.182485
v  -0.018118 0.675655 0.179589
v  0.018981 0.676164 -0.181184
v  -0.003678 0.699805 -0.184853
v  0.001893 0.728011 -0.182370
v  0.033064 0.733868 -0.178891
v  0.057539 0.710200 -0.174993
v  0.047840 0.682272 -0.176423
v  0.042048 0.759279 0.243318
v  0.021157 0.763487 0.278946
v  -0.023014 0.772371 0.283418
v  -0.042572 0.775374 0.245434
v  -0.019953 0.770739 0.209773
v  0.021159 0.763356 0.208849
v  -0.035177 0.740615 0.204807
v  -0.056694 0.743987 0.241066
v  -0.041383 0.741430 0.279839
v  0.002074 0.733132 0.279620
v  0.024438 0.730522 0.245911
v  0.009041 0.735411 0.206491
v  -0.066612 0.672065 0.195446
v  -0.090695 0.675281 0.228787
v  -0.077807 0.672570 0.264399
v  -0.040143 0.666844 0.271646
v  -0.014666 0.663755 0.245304
v  -0.023824 0.667213 0.206645
v  -0.063092 0.707571 0.202421
v  -0.073708 0.708593 0.235923
v  -0.060489 0.706669 0.272833
v  -0.019971 0.700318 0.275172
v  0.005337 0.697624 0.247258
v  0.005206 0.699332 0.211609
v  -0.036247 0.762990 -0.243879
v  -0.019771 0.764270 -0.279247
v  0.020291 0.771929 -0.280877
v  0.040008 0.775410 -0.244313
v  0.020209 0.771737 -0.209333
v  -0.020748 0.764622 -0.209486
v  0.037212 0.742936 -0.203754
v  0.060984 0.747725 -0.242033
v  0.040809 0.742408 -0.278659
v  -0.000259 0.734920 -0.280290
v  -0.022019 0.732968 -0.246232
v  -0.010067 0.736046 -0.206529
v  0.069181 0.673527 -0.194262
v  0.105154 0.683181 -0.228506
v  0.085694 0.676714 -0.271080
v  0.041791 0.667147 -0.280928
v  0.014985 0.663574 -0.249014
v  0.022804 0.664984 -0.206580
v  0.069414 0.711343 -0.200361
v  0.085443 0.715570 -0.237007
v  0.062692 0.708811 -0.274487
v  0.020125 0.700869 -0.281589
v  -0.005844 0.697961 -0.249979
v  -0.007281 0.698204 -0.213099
v  0.048301 0.708301 -0.131833
v  0.029166 0.732135 -0.134681
v  0.000378 0.727978 -0.138224
v  -0.007667 0.701535 -0.139739
v  0.012458 0.682377 -0.137209
v  0.037432 0.682632 -0.133245
v  0.009482 0.700891 0.133850
v  0.000805 0.728013 0.132053
v  -0.029434 0.733729 0.128421
v  -0.045993 0.705866 0.125960
v  -0.036485 0.682276 0.127238
v  -0.009369 0.678047 0.131402
v  -0.005490 0.687158 -0.028369
v  0.026962 0.705556 -0.022369
v  0.013610 0.724220 -0.024085
v  -0.007602 0.722706 -0.027599
v  -0.017100 0.703831 -0.029475
v  0.014092 0.688705 -0.025557
v  -0.012698 0.688447 0.016541
v  0.018732 0.703353 0.020148
v  0.008305 0.724993 0.017929
v  -0.016558 0.728295 0.014609
v  -0.022943 0.705771 0.015041
v  0.007531 0.685158 0.019043
v  0.016587 0.701898 0.065224
v  0.006757 0.727128 0.063455
v  -0.021297 0.730783 0.059905
v  -0.035201 0.704920 0.057951
v  -0.025702 0.679972 0.058999
v  0.000890 0.681240 0.063313
v  0.036863 0.706497 -0.066140
v  0.022286 0.731326 -0.068017
v  -0.005556 0.728194 -0.071709
v  -0.014517 0.703131 -0.073455
v  0.001309 0.684044 -0.071656
v  0.024534 0.684162 -0.067963
v  -0.006041 0.694252 -0.000096
v  -0.014814 0.705642 -0.001647
v  -0.009455 0.718426 -0.001310
v  0.005530 0.717326 0.000525
v  0.013683 0.703739 0.001867
v  0.007486 0.692056 0.001166
v  -0.012814 0.704761 -0.011365
v  -0.005308 0.693130 -0.010227
v  0.008562 0.693218 -0.008505
v  0.015986 0.704386 -0.006634
v  0.007065 0.717398 -0.007757
v  -0.008730 0.718852 -0.010316
v  0.003600 0.808881 0.180752
v  -0.000274 0.834768 0.182679
v  0.019568 0.859185 0.179248
v  0.048673 0.855101 0.173844
v  0.052553 0.828237 0.174689
v  0.032023 0.806415 0.177394
v  -0.032257 0.806975 -0.181383
v  -0.053261 0.828672 -0.178369
v  -0.049605 0.855123 -0.177296
v  -0.020601 0.858337 -0.183075
v  0.001151 0.834325 -0.186453
v  -0.003062 0.807999 -0.183825
v  0.105465 0.889773 0.221958
v  0.097088 0.892678 0.261196
v  0.057933 0.901328 0.277510
v  0.028078 0.904529 0.246653
v  0.040442 0.898875 0.206735
v  0.078832 0.892248 0.195091
v  0.023221 0.869058 0.206008
v  0.008344 0.876042 0.249583
v  0.038542 0.871499 0.284141
v  0.080420 0.862036 0.268671
v  0.093111 0.858895 0.227840
v  0.068017 0.862679 0.193800
v  -0.009479 0.799619 0.205827
v  -0.030485 0.807318 0.248508
v  -0.004012 0.802850 0.285177
v  0.040558 0.793568 0.277726
v  0.061444 0.788141 0.239815
v  0.038115 0.792385 0.202159
v  -0.004716 0.836063 0.211939
v  -0.011866 0.841293 0.250960
v  0.017206 0.836754 0.285480
v  0.059741 0.828230 0.273618
v  0.078750 0.823767 0.235150
v  0.067337 0.825260 0.199823
v  -0.107125 0.887695 -0.223105
v  -0.096441 0.891557 -0.260329
v  -0.059989 0.897813 -0.273212
v  -0.034368 0.899569 -0.245900
v  -0.041507 0.897147 -0.208512
v  -0.077711 0.891419 -0.195566
v  -0.025779 0.866413 -0.209322
v  -0.015160 0.870629 -0.248772
v  -0.041529 0.867606 -0.277820
v  -0.079790 0.861159 -0.266850
v  -0.091879 0.858679 -0.230847
v  -0.066640 0.862783 -0.196882
v  0.007929 0.799730 -0.207787
v  0.021305 0.802774 -0.247020
v  -0.000569 0.800337 -0.279636
v  -0.039493 0.793643 -0.276332
v  -0.053958 0.792055 -0.241089
v  -0.036074 0.794523 -0.206520
v  0.004774 0.835630 -0.213983
v  0.005080 0.836672 -0.250324
v  -0.022309 0.832913 -0.277447
v  -0.059996 0.827327 -0.271913
v  -0.073086 0.826185 -0.237484
v  -0.064913 0.826217 -0.203561
v  0.009414 0.834752 -0.140695
v  -0.010469 0.858879 -0.137859
v  -0.039615 0.855795 -0.132832
v  -0.046320 0.829685 -0.132314
v  -0.028103 0.808083 -0.135195
v  -0.000219 0.809181 -0.138791
v  0.045423 0.828791 0.126112
v  0.036496 0.854460 0.127120
v  0.010081 0.857826 0.131366
v  -0.006599 0.834463 0.133937
v  0.000307 0.809196 0.132548
v  0.026968 0.807888 0.129055
v  -0.012699 0.814340 -0.025477
v  0.016223 0.832243 -0.029583
v  0.006028 0.850523 -0.027462
v  -0.015844 0.851271 -0.023380
v  -0.023384 0.830963 -0.023222
v  0.006642 0.815471 -0.028434
v  -0.007735 0.813416 0.019504
v  0.024718 0.830974 0.014609
v  0.013715 0.849537 0.015955
v  -0.006572 0.850493 0.019049
v  -0.018181 0.831951 0.020946
v  0.012721 0.813447 0.016755
v  0.033773 0.830264 0.058523
v  0.024252 0.854836 0.059464
v  -0.001562 0.855627 0.063654
v  -0.015514 0.833256 0.065766
v  -0.005771 0.809833 0.064060
v  0.019382 0.809066 0.060800
v  0.015944 0.833286 -0.073693
v  0.000750 0.855942 -0.071406
v  -0.025542 0.854600 -0.066992
v  -0.032289 0.830942 -0.066559
v  -0.019285 0.810544 -0.068883
v  0.005781 0.809777 -0.072152
v  -0.005617 0.820543 0.001569
v  -0.011644 0.831333 0.002714
v  -0.005796 0.842871 0.001406
v  0.007438 0.843159 -0.000931
v  0.014624 0.831266 -0.002095
v  0.007433 0.819940 -0.000768
v  -0.014163 0.831022 -0.006670
v  -0.007209 0.820372 -0.008247
v  0.005368 0.821126 -0.010593
v  0.011830 0.831633 -0.011462
v  0.005301 0.843124 -0.010165
v  -0.007811 0.842751 -0.007689
v  0.055454 0.937864 0.172821
v  0.049782 0.963457 0.175809
v  0.068615 0.987228 0.167098
v  0.096871 0.984371 0.153544
v  0.102335 0.955355 0.152298
v  0.081443 0.934435 0.161838
v  -0.080155 0.934291 -0.164759
v  -0.101496 0.954860 -0.154793
v  -0.097310 0.982640 -0.155285
v  -0.067831 0.989252 -0.170093
v  -0.051551 0.961505 -0.179067
v  -0.054937 0.936059 -0.175919
v  0.162944 1.017850 0.184832
v  0.167441 1.019265 0.220866
v  0.135532 1.024083 0.238125
v  0.101803 1.027706 0.223324
v  0.099754 1.025632 0.188237
v  0.130500 1.019677 0.165774
v  0.081046 0.996552 0.191535
v  0.084815 0.998917 0.230469
v  0.118704 0.994632 0.247285
v  0.151640 0.989150 0.231531
v  0.149952 0.988469 0.195200
v  0.118562 0.991303 0.171044
v  0.049806 0.928345 0.200353
v  0.044180 0.934047 0.244080
v  0.077009 0.930757 0.270310
v  0.115167 0.922513 0.253653
v  0.119939 0.920107 0.214333
v  0.093308 0.921448 0.185284
v  0.051203 0.965996 0.204815
v  0.064443 0.965849 0.238931
v  0.098623 0.963071 0.260854
v  0.133345 0.955961 0.242448
v  0.137110 0.954180 0.205037
v  0.118995 0.954872 0.176249
v  -0.169222 1.013466 -0.184441
v  -0.173281 1.017454 -0.230325
v  -0.134841 1.027362 -0.257108
v  -0.092912 1.032652 -0.233369
v  -0.094071 1.026494 -0.188261
v  -0.128879 1.019323 -0.166281
v  -0.077735 0.997156 -0.192442
v  -0.078134 1.000838 -0.237665
v  -0.117259 0.995560 -0.261772
v  -0.155781 0.987106 -0.238686
v  -0.155430 0.984963 -0.195442
v  -0.118694 0.990226 -0.170652
v  -0.051375 0.926473 -0.202543
v  -0.048906 0.929664 -0.243935
v  -0.078257 0.927852 -0.269514
v  -0.115532 0.921095 -0.255746
v  -0.123156 0.917029 -0.215216
v  -0.092096 0.921235 -0.186708
v  -0.054681 0.962828 -0.206266
v  -0.064798 0.963576 -0.240685
v  -0.098066 0.960943 -0.263195
v  -0.134358 0.954558 -0.245985
v  -0.142272 0.950614 -0.205421
v  -0.119542 0.953599 -0.176131
v  -0.029429 0.962149 -0.138109
v  -0.046662 0.988557 -0.130058
v  -0.075899 0.983735 -0.115677
v  -0.080742 0.956245 -0.113830
v  -0.062242 0.937285 -0.122646
v  -0.037518 0.935047 -0.133674
v  0.079083 0.957230 0.108673
v  0.074246 0.985662 0.110504
v  0.045872 0.986927 0.123877
v  0.029645 0.962113 0.131150
v  0.038034 0.937692 0.127247
v  0.062131 0.936859 0.116560
v  -0.019142 0.940422 -0.020523
v  0.010218 0.959411 -0.032759
v  -0.001164 0.978183 -0.027829
v  -0.021358 0.977657 -0.018528
v  -0.028116 0.958481 -0.016394
v  -0.000113 0.940262 -0.028522
v  -0.001212 0.942984 0.021684
v  0.026743 0.958813 0.008022
v  0.018198 0.979360 0.010460
v  -0.002654 0.978659 0.020707
v  -0.011004 0.959821 0.025633
v  0.016449 0.942179 0.013730
v  0.050504 0.958237 0.046098
v  0.042563 0.985143 0.048904
v  0.015678 0.985094 0.061904
v  0.001913 0.960832 0.068266
v  0.013684 0.939557 0.063124
v  0.035266 0.939234 0.053586
v  -0.001911 0.961106 -0.076325
v  -0.018196 0.983595 -0.068984
v  -0.044478 0.983608 -0.056017
v  -0.050974 0.957611 -0.053810
v  -0.036529 0.937557 -0.060844
v  -0.012847 0.935556 -0.071189
v  -0.007520 0.946694 0.004621
v  -0.015593 0.959562 0.007747
v  -0.008892 0.971948 0.004000
v  0.005009 0.972471 -0.002661
v  0.012011 0.959032 -0.004755
v  0.005326 0.946640 -0.001251
v  -0.017706 0.958795 -0.002032
v  -0.011037 0.945904 -0.004676
v  0.001818 0.946520 -0.010433
v  0.007754 0.958916 -0.013304
v  0.001294 0.970733 -0.010592
v  -0.012069 0.972200 -0.004556
v  0.101592 1.062331 0.150770
v  0.097721 1.090170 0.155395
v  0.113614 1.114641 0.140087
v  0.136733 1.112333 0.117545
v  0.140198 1.083393 0.118122
v  0.124321 1.062439 0.132413
v  -0.123526 1.060922 -0.135013
v  -0.141538 1.081671 -0.119064
v  -0.137573 1.109324 -0.120500
v  -0.115379 1.110682 -0.141886
v  -0.096351 1.090285 -0.157449
v  -0.100074 1.063351 -0.152695
v  0.214034 1.140587 0.126208
v  0.227460 1.144406 0.164705
v  0.201128 1.151875 0.196673
v  0.162632 1.154861 0.186595
v  0.148703 1.153002 0.150856
v  0.173793 1.146095 0.120823
v  0.131069 1.125087 0.160022
v  0.147236 1.126124 0.198297
v  0.187024 1.121472 0.207994
v  0.213336 1.114754 0.178225
v  0.202050 1.113132 0.141793
v  0.162663 1.118258 0.126739
v  0.108550 1.054872 0.178920
v  0.114341 1.058503 0.218909
v  0.151642 1.054425 0.230182
v  0.180446 1.049470 0.207704
v  0.175169 1.048027 0.172627
v  0.142299 1.048234 0.150394
v  0.111643 1.091031 0.180905
v  0.131467 1.091335 0.209554
v  0.169522 1.087534 0.218781
v  0.198480 1.081237 0.193377
v  0.190335 1.080620 0.157211
v  0.163292 1.082696 0.135792
v  -0.211286 1.143005 -0.130009
v  -0.227658 1.146971 -0.170240
v  -0.201408 1.156368 -0.207605
v  -0.155818 1.160488 -0.195600
v  -0.140751 1.155348 -0.153480
v  -0.171680 1.147574 -0.124386
v  -0.129921 1.123944 -0.162489
v  -0.141526 1.130782 -0.207796
v  -0.187139 1.126086 -0.220214
v  -0.217282 1.116412 -0.186007
v  -0.204080 1.113299 -0.143948
v  -0.163279 1.117323 -0.127011
v  -0.101620 1.055013 -0.179354
v  -0.109511 1.062005 -0.227200
v  -0.152322 1.058337 -0.248223
v  -0.189632 1.047672 -0.218415
v  -0.181380 1.043833 -0.172570
v  -0.140990 1.048517 -0.152818
v  -0.107545 1.092165 -0.183028
v  -0.126576 1.095400 -0.218912
v  -0.171370 1.092618 -0.237190
v  -0.204119 1.082166 -0.202837
v  -0.197544 1.077071 -0.156768
v  -0.164246 1.081263 -0.136108
v  -0.066881 1.089187 -0.123229
v  -0.084239 1.108134 -0.108679
v  -0.104767 1.108847 -0.089731
v  -0.109489 1.082862 -0.086143
v  -0.094259 1.064637 -0.099919
v  -0.073759 1.063589 -0.116876
v  0.106881 1.083838 0.082014
v  0.102246 1.110475 0.084925
v  0.080228 1.113020 0.104956
v  0.065631 1.089194 0.117762
v  0.072659 1.063753 0.111624
v  0.092749 1.066532 0.094926
v  -0.023149 1.069673 -0.015053
v  -0.001323 1.086748 -0.033879
v  -0.009341 1.103902 -0.026682
v  -0.025299 1.104468 -0.011879
v  -0.031547 1.084785 -0.007190
v  -0.009050 1.071017 -0.027446
v  0.006739 1.070572 0.020041
v  0.028093 1.085860 0.000866
v  0.020865 1.105053 0.005826
v  0.005039 1.106362 0.019967
v  -0.001192 1.087082 0.026459
v  0.020990 1.068353 0.007542
v  0.061231 1.085014 0.030815
v  0.053496 1.108562 0.036910
v  0.033334 1.111662 0.054877
v  0.023471 1.087107 0.063439
v  0.031220 1.064601 0.056833
v  0.050253 1.065423 0.040948
v  -0.025537 1.087656 -0.070616
v  -0.038251 1.107603 -0.059919
v  -0.057418 1.108083 -0.042286
v  -0.063020 1.083918 -0.037973
v  -0.052021 1.065418 -0.047961
v  -0.033966 1.065740 -0.063178
v  -0.002205 1.074792 0.004003
v  -0.008111 1.086946 0.009022
v  -0.004310 1.099151 0.004758
v  0.006580 1.097922 -0.004953
v  0.012694 1.085605 -0.009851
v  0.007931 1.073035 -0.005266
v  -0.015599 1.085839 0.002558
v  -0.009283 1.074906 -0.003484
v  0.000713 1.074691 -0.012497
v  0.005908 1.085936 -0.016837
v  -0.000174 1.097105 -0.011532
v  -0.010657 1.098093 -0.001898
v  0.140806 1.190470 0.114804
v  0.138821 1.217277 0.121064
v  0.150637 1.240675 0.102159
v  0.165644 1.237194 0.076000
v  0.169891 1.209397 0.069499
v  0.156885 1.185409 0.088767
v  -0.156944 1.190040 -0.095723
v  -0.168479 1.210657 -0.076816
v  -0.165417 1.238155 -0.078615
v  -0.150804 1.238354 -0.104120
v  -0.138726 1.217227 -0.123048
v  -0.140786 1.191225 -0.118216
v  0.240816 1.271801 0.065295
v  0.274969 1.272347 0.096445
v  0.254892 1.283347 0.140839
v  0.206054 1.288429 0.144975
v  0.181295 1.281670 0.105959
v  0.200321 1.274604 0.068196
v  0.173340 1.250457 0.116903
v  0.196932 1.256752 0.156020
v  0.245392 1.252896 0.157805
v  0.269071 1.240925 0.114190
v  0.237304 1.241172 0.079135
v  0.193223 1.245599 0.076360
v  0.154434 1.181213 0.139529
v  0.174406 1.185126 0.177481
v  0.216548 1.183133 0.187914
v  0.239481 1.174661 0.149952
v  0.223781 1.170443 0.110755
v  0.180174 1.173366 0.101678
v  0.159480 1.217911 0.141341
v  0.185562 1.220957 0.169353
v  0.231368 1.217858 0.173406
v  0.256127 1.207591 0.133540
v  0.234041 1.205103 0.093170
v  0.197165 1.208118 0.080227
v  -0.236764 1.271910 -0.067449
v  -0.261894 1.273859 -0.098685
v  -0.243720 1.280337 -0.132451
v  -0.204653 1.284471 -0.137169
v  -0.182985 1.280089 -0.105116
v  -0.198897 1.274815 -0.071243
v  -0.170183 1.251784 -0.119006
v  -0.195460 1.254867 -0.152221
v  -0.234250 1.251803 -0.150641
v  -0.251454 1.244973 -0.116252
v  -0.231161 1.242658 -0.082688
v  -0.191782 1.245927 -0.080848
v  -0.149885 1.183389 -0.143049
v  -0.170098 1.188204 -0.182297
v  -0.213902 1.187835 -0.194113
v  -0.233976 1.178633 -0.154781
v  -0.219910 1.173296 -0.115657
v  -0.178859 1.177794 -0.109217
v  -0.157021 1.218674 -0.143666
v  -0.183039 1.221822 -0.170208
v  -0.224411 1.220199 -0.172368
v  -0.241836 1.212489 -0.135892
v  -0.226028 1.208875 -0.099508
v  -0.195238 1.208955 -0.084188
v  -0.099451 1.216547 -0.098519
v  -0.110527 1.237745 -0.081415
v  -0.125664 1.238890 -0.056256
v  -0.129720 1.210634 -0.050751
v  -0.118985 1.190077 -0.068163
v  -0.104313 1.191598 -0.090476
v  0.126841 1.211928 0.046665
v  0.123234 1.238859 0.052227
v  0.107773 1.240955 0.077928
v  0.096518 1.217476 0.095094
v  0.102008 1.192756 0.085721
v  0.116724 1.190828 0.062812
v  -0.026093 1.197152 -0.007667
v  -0.010154 1.214187 -0.032158
v  -0.014904 1.232726 -0.023593
v  -0.026103 1.232228 -0.005040
v  -0.031633 1.213010 0.002138
v  -0.015198 1.196831 -0.024236
v  0.012029 1.197967 0.017893
v  0.028301 1.213676 -0.008844
v  0.023299 1.233436 -0.002699
v  0.011501 1.232953 0.016938
v  0.006066 1.214679 0.026357
v  0.022580 1.196689 0.001392
v  0.067096 1.213511 0.013015
v  0.062691 1.236950 0.019241
v  0.048474 1.239224 0.042418
v  0.040826 1.215966 0.054387
v  0.046494 1.193890 0.045452
v  0.060026 1.192544 0.024756
v  -0.044866 1.214833 -0.059306
v  -0.052692 1.236050 -0.047003
v  -0.066729 1.238399 -0.023547
v  -0.072058 1.211945 -0.016112
v  -0.063060 1.192806 -0.031105
v  -0.049984 1.193135 -0.051091
v  -0.000853 1.203716 0.004967
v  -0.004572 1.213836 0.010622
v  -0.000951 1.224584 0.004680
v  0.006113 1.225488 -0.007768
v  0.009877 1.214023 -0.013755
v  0.005877 1.203412 -0.005999
v  -0.013244 1.213609 0.006504
v  -0.009772 1.203486 -0.000326
v  -0.003063 1.204002 -0.011178
v  0.001368 1.214214 -0.017749
v  -0.002375 1.225014 -0.011371
v  -0.009405 1.225306 0.001093
v  0.165589 1.316559 0.072092
v  0.166167 1.345120 0.076765
v  0.172694 1.368814 0.054936
v  0.180962 1.365248 0.024338
v  0.183448 1.336815 0.019971
v  0.176522 1.317484 0.044206
v  -0.176296 1.314741 -0.045376
v  -0.182729 1.337511 -0.025115
v  -0.180249 1.364079 -0.030366
v  -0.173678 1.366352 -0.057913
v  -0.167099 1.344332 -0.080051
v  -0.167415 1.316823 -0.073340
v  0.247815 1.399470 -0.004114
v  0.279519 1.402471 0.018066
v  0.275404 1.409399 0.056574
v  0.237072 1.412902 0.072126
v  0.206443 1.409427 0.048116
v  0.214161 1.402663 0.009564
v  0.197694 1.380364 0.063885
v  0.231152 1.386693 0.094580
v  0.273208 1.381003 0.078606
v  0.281823 1.372091 0.037169
v  0.248093 1.370237 0.012403
v  0.208866 1.373181 0.019780
v  0.181132 1.310563 0.095124
v  0.215039 1.318705 0.131459
v  0.264697 1.315184 0.126075
v  0.276592 1.304535 0.079413
v  0.244083 1.302380 0.049279
v  0.201594 1.304010 0.051021
v  0.189755 1.347789 0.093610
v  0.224967 1.350919 0.112770
v  0.270989 1.348829 0.103814
v  0.277598 1.338863 0.059264
v  0.247176 1.337084 0.031144
v  0.212603 1.336410 0.023139
v  -0.247225 1.395657 0.007792
v  -0.280740 1.399616 -0.018321
v  -0.273291 1.408433 -0.060184
v  -0.234258 1.412450 -0.075902
v  -0.204553 1.407873 -0.050006
v  -0.211128 1.400981 -0.010101
v  -0.196900 1.378722 -0.066122
v  -0.228320 1.383224 -0.094204
v  -0.269630 1.378866 -0.080635
v  -0.276535 1.370421 -0.038517
v  -0.247165 1.366499 -0.009662
v  -0.205675 1.372311 -0.021416
v  -0.185235 1.308506 -0.093117
v  -0.214002 1.311739 -0.121065
v  -0.252073 1.310099 -0.115980
v  -0.265451 1.304820 -0.080679
v  -0.240300 1.302506 -0.051948
v  -0.201161 1.304113 -0.053369
v  -0.191304 1.344854 -0.092458
v  -0.221632 1.347149 -0.110119
v  -0.259979 1.343945 -0.097947
v  -0.270268 1.337999 -0.060127
v  -0.245156 1.335079 -0.030680
v  -0.210688 1.337151 -0.027573
v  -0.122567 1.343163 -0.066529
v  -0.128434 1.365840 -0.047419
v  -0.135567 1.363710 -0.020742
v  -0.137895 1.338308 -0.013616
v  -0.132731 1.317916 -0.031625
v  -0.124319 1.315308 -0.058461
v  0.135678 1.338334 0.007840
v  0.133226 1.365241 0.015434
v  0.125498 1.367769 0.044059
v  0.119942 1.343985 0.062327
v  0.122106 1.318442 0.053231
v  0.130233 1.319330 0.028003
v  -0.026463 1.322196 0.001779
v  -0.018596 1.341314 -0.027407
v  -0.021215 1.359623 -0.017409
v  -0.026680 1.357929 0.003206
v  -0.029525 1.339688 0.013280
v  -0.020985 1.324434 -0.018098
v  0.016480 1.323697 0.014395
v  0.025129 1.340930 -0.019164
v  0.021867 1.359247 -0.006950
v  0.015659 1.362795 0.014458
v  0.014576 1.342222 0.022124
v  0.022295 1.324624 -0.005009
v  0.069301 1.340103 -0.009591
v  0.065944 1.364502 0.001168
v  0.059129 1.365492 0.027114
v  0.054782 1.342759 0.041435
v  0.057901 1.320217 0.030097
v  0.065102 1.320099 0.006579
v  -0.059158 1.341906 -0.044594
v  -0.063548 1.364517 -0.030034
v  -0.070396 1.363193 -0.004334
v  -0.073018 1.339357 0.003316
v  -0.069276 1.318532 -0.010300
v  -0.061706 1.318470 -0.034573
v  0.001161 1.330089 0.005132
v  -0.000425 1.341563 0.011264
v  0.000395 1.353019 0.005658
v  0.003646 1.353038 -0.008096
v  0.005678 1.340992 -0.015253
v  0.004283 1.329553 -0.007778
v  -0.010205 1.340335 0.011121
v  -0.008391 1.329302 0.003108
v  -0.005207 1.329577 -0.009763
v  -0.003473 1.340636 -0.016872
v  -0.005447 1.352003 -0.009893
v  -0.008811 1.351836 0.003965
v  0.181723 1.447342 0.022317
v  0.182335 1.473441 0.028673
v  0.181718 1.497883 0.006813
v  0.181533 1.491971 -0.023278
v  0.182648 1.465661 -0.029786
v  0.183277 1.446335 -0.006251
v  -0.181878 1.443909 0.005991
v  -0.181171 1.464779 0.028577
v  -0.179318 1.492740 0.024043
v  -0.181493 1.494542 -0.006622
v  -0.181974 1.471895 -0.027891
v  -0.180299 1.446464 -0.022948
v  0.234428 1.524839 -0.078113
v  0.269211 1.528503 -0.062453
v  0.277710 1.535147 -0.023801
v  0.249168 1.538902 0.001344
v  0.211652 1.537138 -0.011758
v  0.208359 1.530606 -0.050349
v  0.207421 1.509434 0.007220
v  0.248092 1.508331 0.016967
v  0.279856 1.505279 -0.005206
v  0.271870 1.498753 -0.044478
v  0.238404 1.495290 -0.062712
v  0.205371 1.500761 -0.038571
v  0.206612 1.437999 0.035615
v  0.242218 1.441905 0.056716
v  0.276966 1.438437 0.037079
v  0.278477 1.432066 -0.001765
v  0.246966 1.427536 -0.025091
v  0.210471 1.432806 -0.007967
v  0.210910 1.474987 0.036005
v  0.247720 1.475383 0.039257
v  0.277792 1.470753 0.014823
v  0.275043 1.465265 -0.023813
v  0.243573 1.462941 -0.042949
v  0.210028 1.463908 -0.037527
v  -0.235014 1.521166 0.082545
v  -0.279595 1.527175 0.064429
v  -0.286431 1.538178 0.016331
v  -0.248604 1.543380 -0.011733
v  -0.206806 1.537078 0.006719
v  -0.200166 1.527327 0.051735
v  -0.205017 1.507595 -0.009751
v  -0.248146 1.513844 -0.030511
v  -0.286398 1.507269 -0.002528
v  -0.284062 1.495467 0.047176
v  -0.241387 1.492207 0.065935
v  -0.199085 1.499559 0.041020
v  -0.200351 1.436837 -0.040616
v  -0.239442 1.441546 -0.061065
v  -0.279307 1.438483 -0.042725
v  -0.283865 1.429400 0.001589
v  -0.247183 1.424602 0.027027
v  -0.206263 1.429621 0.008433
v  -0.208144 1.473877 -0.037320
v  -0.245599 1.478348 -0.050269
v  -0.283838 1.472777 -0.023207
v  -0.284134 1.462583 0.023854
v  -0.245665 1.458581 0.047301
v  -0.206770 1.461362 0.039247
v  -0.136083 1.471780 -0.027815
v  -0.136117 1.494416 -0.009803
v  -0.135274 1.491756 0.018656
v  -0.135527 1.465710 0.027552
v  -0.136036 1.444868 0.007985
v  -0.135592 1.447343 -0.018876
v  0.133309 1.467294 -0.026581
v  0.132752 1.492057 -0.020356
v  0.133151 1.496915 0.009661
v  0.133342 1.472837 0.027606
v  0.133006 1.447747 0.018356
v  0.133607 1.447453 -0.008731
v  -0.025268 1.452533 0.006963
v  -0.025070 1.469435 -0.021146
v  -0.024304 1.487844 -0.011218
v  -0.023863 1.487774 0.011040
v  -0.024587 1.468231 0.019288
v  -0.025157 1.452313 -0.012298
v  0.020298 1.451933 0.009914
v  0.020524 1.468927 -0.020537
v  0.019676 1.486425 -0.012045
v  0.019987 1.486619 0.009712
v  0.020115 1.469360 0.020603
v  0.020955 1.453147 -0.009837
v  0.064555 1.468881 -0.024249
v  0.064114 1.490791 -0.015866
v  0.064411 1.493254 0.010809
v  0.064452 1.470916 0.025899
v  0.064421 1.446877 0.015063
v  0.064954 1.449619 -0.010300
v  -0.068899 1.470418 -0.027513
v  -0.068874 1.493111 -0.012540
v  -0.068364 1.490648 0.013996
v  -0.068526 1.467537 0.023361
v  -0.068932 1.445715 0.009082
v  -0.068936 1.448790 -0.015606
v  0.002467 1.457868 0.006068
v  0.001995 1.469060 0.015501
v  0.002492 1.480491 0.007393
v  0.002525 1.479530 -0.007890
v  0.002452 1.468575 -0.015623
v  0.002848 1.458370 -0.007801
v  -0.007268 1.468964 0.013317
v  -0.007471 1.458088 0.005117
v  -0.007486 1.457918 -0.008457
v  -0.007749 1.468802 -0.014723
v  -0.006877 1.480334 -0.008290
v  -0.006546 1.481215 0.007378
v  0.180909 1.575599 -0.033119
v  0.182795 1.600723 -0.026397
v  0.175182 1.623158 -0.047612
v  0.163573 1.622382 -0.077688
v  0.164715 1.592351 -0.083770
v  0.173442 1.572589 -0.059585
v  -0.170164 1.568354 0.057156
v  -0.162046 1.590580 0.082437
v  -0.162942 1.621611 0.075193
v  -0.174674 1.624579 0.043038
v  -0.182102 1.601116 0.021557
v  -0.178803 1.573178 0.025576
v  0.203250 1.649119 -0.147418
v  0.249331 1.654907 -0.142067
v  0.271162 1.665622 -0.099705
v  0.244690 1.671386 -0.060476
v  0.199014 1.664913 -0.069701
v  0.181362 1.656518 -0.109256
v  0.199946 1.636032 -0.051824
v  0.246726 1.639473 -0.046670
v  0.278847 1.635403 -0.081014
v  0.259515 1.624232 -0.126342
v  0.213420 1.621032 -0.130786
v  0.180880 1.628311 -0.097310
v  0.208376 1.565336 -0.024371
v  0.248836 1.568936 -0.012536
v  0.277442 1.565106 -0.041479
v  0.268077 1.557696 -0.081524
v  0.231335 1.554957 -0.094263
v  0.200050 1.560119 -0.066870
v  0.211619 1.602418 -0.024196
v  0.250019 1.604328 -0.027293
v  0.279815 1.599703 -0.060767
v  0.267845 1.589357 -0.106588
v  0.224512 1.589792 -0.111411
v  0.191313 1.591947 -0.094889
v  -0.203541 1.652533 0.140696
v  -0.246533 1.656400 0.136652
v  -0.264898 1.664789 0.097482
v  -0.237278 1.667446 0.065049
v  -0.195435 1.665547 0.066973
v  -0.180447 1.657385 0.106107
v  -0.196899 1.638304 0.046650
v  -0.241230 1.638588 0.046666
v  -0.271902 1.635011 0.079038
v  -0.257110 1.624932 0.122972
v  -0.211914 1.621728 0.129172
v  -0.180028 1.628024 0.095746
v  -0.203354 1.565276 0.017226
v  -0.249338 1.572015 0.005835
v  -0.285554 1.568876 0.036235
v  -0.271955 1.557580 0.081435
v  -0.228382 1.551809 0.096263
v  -0.192608 1.555732 0.066901
v  -0.209412 1.603598 0.020051
v  -0.248092 1.606616 0.022936
v  -0.276078 1.600962 0.058535
v  -0.266130 1.590162 0.104087
v  -0.220995 1.586431 0.114601
v  -0.184642 1.587854 0.098944
v  -0.138962 1.600905 0.006996
v  -0.132986 1.623781 0.027033
v  -0.123491 1.619898 0.056034
v  -0.121714 1.593446 0.063277
v  -0.127931 1.574504 0.043527
v  -0.135632 1.572948 0.015611
v  0.118917 1.593975 -0.067858
v  0.120730 1.621073 -0.059616
v  0.130072 1.623395 -0.031157
v  0.135861 1.600140 -0.012374
v  0.132868 1.575533 -0.022211
v  0.125307 1.573779 -0.048297
v  -0.022055 1.580593 0.013917
v  -0.029648 1.597037 -0.015730
v  -0.026081 1.616264 -0.005395
v  -0.019276 1.616200 0.017121
v  -0.017477 1.596384 0.025975
v  -0.027098 1.579370 -0.005339
v  0.022300 1.578374 0.003418
v  0.012639 1.595829 -0.027624
v  0.014737 1.615357 -0.018548
v  0.021766 1.614828 0.002003
v  0.025044 1.596764 0.011981
v  0.016610 1.578623 -0.016447
v  0.054062 1.595980 -0.044801
v  0.055608 1.622149 -0.037404
v  0.064731 1.621266 -0.009752
v  0.069385 1.598200 0.005516
v  0.066089 1.575253 -0.005502
v  0.058579 1.573310 -0.031107
v  -0.073842 1.598574 -0.009313
v  -0.069329 1.621488 0.005830
v  -0.061192 1.618717 0.032694
v  -0.058529 1.595027 0.042716
v  -0.063909 1.577025 0.026071
v  -0.070391 1.576640 0.002687
v  0.004030 1.584692 0.004596
v  0.006157 1.596544 0.010595
v  0.004191 1.608755 0.005031
v  0.000307 1.607697 -0.008412
v  -0.001560 1.596252 -0.014981
v  0.000559 1.585105 -0.007967
v  -0.002473 1.596415 0.014654
v  -0.005618 1.585674 0.006791
v  -0.009084 1.585464 -0.005656
v  -0.010664 1.596376 -0.012697
v  -0.008524 1.607966 -0.006006
v  -0.004349 1.608075 0.007572
v  0.164581 1.700867 -0.079539
v  0.168783 1.729184 -0.072308
v  0.155961 1.753650 -0.091308
v  0.139544 1.749267 -0.118222
v  0.136939 1.720848 -0.125038
v  0.150500 1.701120 -0.105237
v  -0.150062 1.701028 0.103226
v  -0.135097 1.720494 0.124157
v  -0.136093 1.749839 0.119087
v  -0.155671 1.752208 0.092641
v  -0.168251 1.727139 0.075300
v  -0.164436 1.701657 0.079462
v  0.160158 1.782066 -0.192138
v  0.199006 1.783669 -0.204922
v  0.230153 1.793521 -0.172717
v  0.214742 1.797528 -0.130188
v  0.172918 1.792463 -0.122982
v  0.148952 1.786164 -0.153936
v  0.178321 1.765778 -0.103687
v  0.224656 1.769269 -0.112719
v  0.242741 1.763967 -0.155755
v  0.212399 1.754784 -0.187755
v  0.171540 1.752239 -0.181970
v  0.153857 1.756723 -0.143175
v  0.192875 1.693578 -0.079016
v  0.240986 1.701231 -0.076298
v  0.266200 1.696157 -0.118000
v  0.239952 1.684837 -0.159205
v  0.193572 1.680250 -0.160376
v  0.171359 1.686910 -0.121599
v  0.196828 1.731071 -0.081227
v  0.234914 1.734657 -0.094269
v  0.256012 1.730116 -0.137252
v  0.227780 1.719740 -0.175487
v  0.181608 1.715626 -0.174859
v  0.156944 1.719366 -0.146098
v  -0.158411 1.782458 0.188621
v  -0.195809 1.783833 0.199042
v  -0.218850 1.789447 0.168517
v  -0.207299 1.793044 0.130260
v  -0.170666 1.790750 0.122412
v  -0.147150 1.786069 0.151982
v  -0.177019 1.761409 0.106198
v  -0.215641 1.762687 0.116748
v  -0.230581 1.759923 0.153155
v  -0.208116 1.754053 0.183591
v  -0.168391 1.751159 0.180269
v  -0.148105 1.756757 0.141590
v  -0.191845 1.692783 0.081212
v  -0.234589 1.697324 0.079768
v  -0.257108 1.694590 0.114799
v  -0.236642 1.687001 0.151498
v  -0.194286 1.683172 0.152673
v  -0.171214 1.688169 0.117613
v  -0.194002 1.726940 0.086240
v  -0.227561 1.730006 0.097906
v  -0.247597 1.728717 0.133975
v  -0.223584 1.721115 0.167527
v  -0.182157 1.717309 0.167728
v  -0.156799 1.720325 0.141615
v  -0.129954 1.727214 0.048460
v  -0.118510 1.750634 0.065860
v  -0.100642 1.749805 0.091333
v  -0.097403 1.721740 0.097501
v  -0.109645 1.701782 0.079958
v  -0.123529 1.703482 0.058115
v  0.097084 1.722608 -0.096233
v  0.101235 1.748834 -0.088998
v  0.117185 1.750807 -0.064876
v  0.126851 1.727459 -0.049593
v  0.121713 1.701622 -0.057839
v  0.107902 1.702546 -0.080345
v  -0.015467 1.706583 0.020859
v  -0.031819 1.724763 -0.004259
v  -0.025943 1.743751 0.003226
v  -0.012879 1.743461 0.022270
v  -0.005735 1.722846 0.033083
v  -0.026412 1.707406 0.004352
v  0.022747 1.707476 -0.003260
v  0.005214 1.723558 -0.029506
v  0.010418 1.742640 -0.020926
v  0.022193 1.744521 -0.001894
v  0.028088 1.725164 0.006199
v  0.011789 1.705935 -0.020304
v  0.040689 1.723593 -0.056675
v  0.045819 1.746801 -0.048198
v  0.061019 1.750127 -0.025374
v  0.067985 1.725699 -0.014811
v  0.062205 1.702502 -0.023629
v  0.049201 1.703760 -0.044468
v  -0.070532 1.725384 0.016783
v  -0.064166 1.750426 0.025727
v  -0.047419 1.748224 0.050402
v  -0.041734 1.722420 0.060109
v  -0.052159 1.703322 0.045182
v  -0.065105 1.704391 0.024971
v  0.005890 1.713495 0.003344
v  0.009284 1.725348 0.008993
v  0.005559 1.737925 0.004538
v  -0.002361 1.737552 -0.008507
v  -0.005606 1.724286 -0.013673
v  -0.001294 1.713145 -0.007563
v  0.003581 1.724591 0.015557
v  -0.002130 1.713102 0.008754
v  -0.009666 1.713596 -0.002043
v  -0.013432 1.724830 -0.008166
v  -0.009860 1.737229 -0.003491
v  -0.001599 1.737579 0.008776
v  0.135209 1.828670 -0.123262
v  0.140472 1.855779 -0.119945
v  0.124070 1.881560 -0.133589
v  0.099380 1.876766 -0.154116
v  0.095707 1.848476 -0.159275
v  0.114093 1.826858 -0.143818
v  -0.114881 1.827328 0.140811
v  -0.096872 1.848625 0.155909
v  -0.098631 1.875738 0.152127
v  -0.122899 1.878325 0.132837
v  -0.140727 1.855540 0.117900
v  -0.136466 1.828983 0.119958
v  0.100844 1.910701 -0.226924
v  0.134152 1.912886 -0.246353
v  0.168737 1.919958 -0.226756
v  0.168422 1.924528 -0.184000
v  0.131922 1.920007 -0.166578
v  0.097708 1.912521 -0.189081
v  0.142555 1.891569 -0.151846
v  0.182824 1.895930 -0.170692
v  0.185978 1.890103 -0.216556
v  0.149699 1.881979 -0.240578
v  0.113699 1.879867 -0.222310
v  0.106204 1.883981 -0.181151
v  0.162689 1.820382 -0.127491
v  0.206807 1.826540 -0.142846
v  0.214749 1.822516 -0.185890
v  0.183562 1.814336 -0.214055
v  0.146236 1.811342 -0.203260
v  0.133063 1.815640 -0.163790
v  0.166611 1.858761 -0.132408
v  0.198184 1.861384 -0.155987
v  0.199925 1.855252 -0.201662
v  0.167508 1.846184 -0.232512
v  0.129440 1.845042 -0.215761
v  0.110305 1.847133 -0.184522
v  -0.099500 1.909831 0.224517
v  -0.131491 1.910031 0.246203
v  -0.162405 1.917115 0.222071
v  -0.160129 1.920018 0.183642
v  -0.127934 1.918165 0.166183
v  -0.097199 1.912958 0.187787
v  -0.138771 1.889376 0.150774
v  -0.172565 1.890587 0.171579
v  -0.176662 1.887323 0.209333
v  -0.147989 1.882115 0.231623
v  -0.113184 1.880368 0.217086
v  -0.102125 1.883964 0.177642
v  -0.161346 1.819893 0.128618
v  -0.198953 1.822820 0.142707
v  -0.207336 1.820059 0.181415
v  -0.181641 1.815043 0.208480
v  -0.145610 1.813095 0.197174
v  -0.132677 1.816242 0.160735
v  -0.164082 1.857298 0.131913
v  -0.189898 1.857836 0.155486
v  -0.191783 1.853586 0.194830
v  -0.165208 1.848650 0.220533
v  -0.128517 1.846304 0.208962
v  -0.109360 1.847148 0.180649
v  -0.111322 1.855097 0.082171
v  -0.094983 1.877503 0.096626
v  -0.070961 1.876701 0.116196
v  -0.067929 1.848842 0.119498
v  -0.083487 1.830585 0.106645
v  -0.103907 1.827825 0.088318
v  0.064580 1.849194 -0.120987
v  0.070131 1.877651 -0.115530
v  0.093638 1.877971 -0.096456
v  0.107558 1.854654 -0.084330
v  0.100527 1.829467 -0.090062
v  0.080619 1.829935 -0.107841
v  -0.008125 1.831281 0.024336
v  -0.031660 1.851219 0.004323
v  -0.022997 1.869615 0.011432
v  -0.004918 1.872598 0.025244
v  -0.000074 1.850495 0.030984
v  -0.024915 1.830432 0.009327
v  0.021368 1.835783 -0.009649
v  -0.002955 1.850845 -0.029708
v  0.001504 1.873696 -0.023968
v  0.020353 1.872135 -0.008888
v  0.029904 1.852264 -0.001482
v  0.005284 1.832308 -0.022980
v  0.020616 1.849263 -0.068038
v  0.028340 1.876556 -0.061015
v  0.051077 1.878793 -0.042220
v  0.061043 1.853320 -0.033888
v  0.053059 1.830743 -0.040731
v  0.034131 1.829667 -0.057288
v  -0.064796 1.852862 0.033667
v  -0.052768 1.875522 0.044094
v  -0.030656 1.876441 0.062160
v  -0.025628 1.849619 0.067322
v  -0.038168 1.831591 0.057199
v  -0.057720 1.825429 0.039680
v  0.006808 1.840625 0.001377
v  0.012904 1.851177 0.007678
v  0.006481 1.862842 0.001563
v  -0.003696 1.863158 -0.007254
v  -0.009125 1.851537 -0.011961
v  -0.002906 1.840442 -0.007274
v  0.006208 1.851023 0.013535
v  0.000343 1.839537 0.008581
v  -0.009706 1.839064 -0.000352
v  -0.015309 1.851640 -0.004652
v  -0.009662 1.863624 -0.000144
v  0.001075 1.863258 0.008666
v  0.097130 1.957249 -0.155735
v  0.103420 1.983938 -0.153357
v  0.082491 2.006743 -0.162734
v  0.055216 2.002319 -0.175349
v  0.051949 1.976543 -0.178238
v  0.071442 1.956344 -0.169206
v  -0.067431 1.952140 0.168207
v  -0.045244 1.974697 0.177308
v  -0.048883 2.003459 0.173908
v  -0.079232 2.005468 0.162324
v  -0.098810 1.981589 0.154460
v  -0.093577 1.958137 0.156604
v  0.027173 2.033848 -0.249101
v  0.056087 2.036898 -0.281109
v  0.100721 2.046727 -0.268627
v  0.114701 2.053578 -0.223813
v  0.080343 2.047981 -0.195009
v  0.040434 2.039811 -0.210105
v  0.094338 2.019118 -0.185717
v  0.125957 2.021958 -0.216128
v  0.115831 2.015854 -0.258799
v  0.075058 2.005997 -0.276821
v  0.046246 2.005594 -0.245597
v  0.050781 2.010612 -0.203200
v  0.120587 1.948558 -0.169998
v  0.156481 1.953581 -0.194360
v  0.152284 1.949113 -0.237157
v  0.116980 1.941182 -0.258162
v  0.086233 1.941044 -0.233210
v  0.078776 1.941067 -0.192849
v  0.123090 1.986518 -0.174116
v  0.143091 1.987444 -0.205711
v  0.134769 1.982486 -0.248359
v  0.096718 1.974360 -0.265917
v  0.065209 1.972921 -0.241864
v  0.056709 1.975068 -0.207003
v  -0.025500 2.034337 0.246509
v  -0.056010 2.037325 0.279808
v  -0.100885 2.047547 0.267455
v  -0.110939 2.052296 0.221246
v  -0.077850 2.048122 0.190452
v  -0.037681 2.039220 0.205150
v  -0.091127 2.017520 0.183412
v  -0.123864 2.020919 0.213897
v  -0.118611 2.016763 0.259671
v  -0.074266 2.006261 0.276248
v  -0.038357 2.003093 0.245554
v  -0.044987 2.010771 0.199483
v  -0.117360 1.947534 0.170838
v  -0.149914 1.949945 0.193790
v  -0.148770 1.947244 0.233688
v  -0.114368 1.940196 0.254912
v  -0.081928 1.938343 0.231813
v  -0.079909 1.942582 0.192090
v  -0.117448 1.983293 0.175112
v  -0.139497 1.985341 0.203897
v  -0.133881 1.981607 0.246340
v  -0.094828 1.973109 0.265544
v  -0.059222 1.970247 0.240589
v  -0.048669 1.972073 0.205036
v  -0.077463 1.980565 0.113275
v  -0.062892 2.004988 0.119563
v  -0.034070 2.002709 0.131498
v  -0.027767 1.975560 0.134702
v  -0.047319 1.955992 0.126710
v  -0.071236 1.958942 0.115881
v  0.032226 1.976327 -0.133068
v  0.037353 2.002508 -0.130139
v  0.064463 2.005580 -0.118045
v  0.081731 1.981964 -0.109936
v  0.073658 1.956798 -0.113495
v  0.049107 1.957653 -0.125549
v  -0.002193 1.963012 0.025859
v  -0.029532 1.979684 0.013067
v  -0.019600 1.999029 0.016869
v  0.002407 1.998129 0.025879
v  0.010694 1.978435 0.030354
v  -0.019554 1.964411 0.018189
v  0.018727 1.961377 -0.014760
v  -0.013675 1.976670 -0.028453
v  -0.003337 1.996638 -0.023605
v  0.017940 1.998930 -0.014136
v  0.026103 1.979497 -0.011422
v  0.000421 1.961879 -0.023534
v  0.001486 1.976342 -0.071248
v  0.012819 2.000356 -0.065698
v  0.038492 2.004802 -0.054240
v  0.048634 1.980069 -0.049850
v  0.041001 1.957825 -0.053285
v  0.018713 1.959286 -0.063977
v  -0.050233 1.980353 0.052105
v  -0.035328 1.999643 0.058578
v  -0.010301 2.002872 0.068676
v  -0.004174 1.977764 0.072092
v  -0.019037 1.958983 0.066136
v  -0.040760 1.959873 0.056269
v  0.006949 1.967824 -0.000451
v  0.013914 1.979351 0.003085
v  0.007591 1.991053 0.000340
v  -0.006635 1.990569 -0.006002
v  -0.013667 1.978115 -0.009067
v  -0.004870 1.968300 -0.006093
v  0.008873 1.979223 0.011259
v  0.002264 1.968600 0.008647
v  -0.009353 1.969080 0.003235
v  -0.016246 1.979205 -0.000475
v  -0.009472 1.990440 0.002500
v  0.003610 1.990156 0.008623
v  0.048956 2.083079 -0.176535
v  0.055590 2.110330 -0.176777
v  0.032482 2.134861 -0.179531
v  0.002099 2.130275 -0.183117
v  -0.000504 2.103764 -0.185205
v  0.019588 2.080722 -0.182307
v  -0.016717 2.079829 0.179179
v  0.007286 2.101243 0.181641
v  0.001882 2.130573 0.179092
v  -0.029412 2.131950 0.177637
v  -0.052908 2.110363 0.174992
v  -0.045516 2.084049 0.175243
v  -0.041420 2.163807 -0.247529
v  -0.023402 2.166926 -0.288225
v  0.020057 2.175522 -0.283919
v  0.042387 2.180738 -0.247494
v  0.019803 2.174173 -0.213419
v  -0.019328 2.167603 -0.212735
v  0.037458 2.145344 -0.206341
v  0.064810 2.153866 -0.243612
v  0.040274 2.145590 -0.282782
v  -0.004440 2.135640 -0.288986
v  -0.026503 2.133422 -0.249241
v  -0.007925 2.138542 -0.209579
v  0.068913 2.076194 -0.195178
v  0.101780 2.084060 -0.230975
v  0.085119 2.078479 -0.276727
v  0.038748 2.068405 -0.283289
v  0.009647 2.064262 -0.251033
v  0.023203 2.070093 -0.209286
v  0.067535 2.113092 -0.202939
v  0.086822 2.119424 -0.238597
v  0.063720 2.112545 -0.281256
v  0.017760 2.102023 -0.287063
v  -0.009557 2.099037 -0.251656
v  -0.008521 2.100740 -0.213447
v  0.048836 2.160223 0.243035
v  0.026558 2.165477 0.284670
v  -0.019497 2.175504 0.281589
v  -0.040273 2.179079 0.243088
v  -0.017402 2.173567 0.207201
v  0.024312 2.166187 0.205754
v  -0.034681 2.144586 0.201699
v  -0.059283 2.150010 0.240369
v  -0.038536 2.144834 0.279689
v  0.007057 2.134858 0.285379
v  0.031898 2.131319 0.245912
v  0.015615 2.138351 0.200691
v  -0.065304 2.075719 0.194326
v  -0.098448 2.082862 0.228455
v  -0.082924 2.077716 0.273859
v  -0.036439 2.066891 0.284120
v  -0.009333 2.064205 0.247418
v  -0.018169 2.066312 0.203228
v  -0.064255 2.111805 0.200478
v  -0.082389 2.117262 0.236234
v  -0.062779 2.112302 0.280082
v  -0.014768 2.100964 0.285975
v  0.013125 2.097337 0.248518
v  0.013778 2.098500 0.208721
v  -0.045736 2.109917 0.129830
v  -0.027398 2.133704 0.132458
v  0.002729 2.130908 0.135513
v  0.011074 2.102923 0.136969
v  -0.009789 2.082779 0.134584
v  -0.037131 2.083410 0.130638
v  -0.005754 2.103589 -0.136326
v  0.000186 2.129017 -0.135055
v  0.028621 2.134247 -0.131564
v  0.047862 2.109573 -0.128775
v  0.037915 2.084121 -0.129874
v  0.010652 2.082387 -0.134182
v  0.005447 2.090623 0.025505
v  -0.023040 2.106180 0.020834
v  -0.014543 2.126994 0.020904
v  0.008516 2.125147 0.024306
v  0.020371 2.105670 0.026003
v  -0.013559 2.088912 0.022587
v  0.014084 2.089429 -0.019424
v  -0.017464 2.104697 -0.023540
v  -0.008743 2.125220 -0.021675
v  0.013887 2.126604 -0.018624
v  0.025309 2.107927 -0.017419
v  -0.006902 2.086311 -0.022162
v  -0.014550 2.104295 -0.068196
v  -0.007488 2.130388 -0.066702
v  0.021656 2.133670 -0.063031
v  0.034413 2.108919 -0.061398
v  0.025132 2.084691 -0.062499
v  -0.000661 2.083878 -0.066451
v  -0.034206 2.107130 0.063643
v  -0.020926 2.131202 0.065507
v  0.008178 2.132362 0.068838
v  0.019654 2.104657 0.070856
v  0.000322 2.086374 0.068836
v  -0.024068 2.083621 0.064933
v  0.007425 2.094446 -0.001851
v  0.014997 2.106522 -0.000851
v  0.009062 2.118703 -0.001498
v  -0.005327 2.117799 -0.003768
v  -0.011726 2.105591 -0.004842
v  -0.005816 2.094028 -0.003849
v  0.013596 2.106191 0.008036
v  0.005114 2.095681 0.007879
v  -0.007414 2.094156 0.006113
v  -0.012923 2.105727 0.004917
v  -0.006704 2.118009 0.005144
v  0.007335 2.118015 0.007111
v  -0.004160 2.213000 -0.182925
v  0.001119 2.237581 -0.185199
v  -0.019546 2.260687 -0.182286
v  -0.047676 2.257153 -0.178065
v  -0.052851 2.231355 -0.178162
v  -0.031174 2.209630 -0.180597
v  0.034743 2.207613 0.176776
v  0.057616 2.229879 0.173450
v  0.051140 2.259277 0.173522
v  0.019869 2.264509 0.179583
v  -0.000856 2.237922 0.183623
v  0.005821 2.211143 0.180833
v  -0.106692 2.291804 -0.224544
v  -0.097587 2.294962 -0.262151
v  -0.061367 2.300992 -0.273129
v  -0.030549 2.305740 -0.247738
v  -0.040218 2.302177 -0.209729
v  -0.077044 2.296590 -0.202053
v  -0.021443 2.273321 -0.207448
v  -0.014231 2.274954 -0.249225
v  -0.042510 2.271036 -0.276472
v  -0.079736 2.264903 -0.268908
v  -0.093054 2.261570 -0.231177
v  -0.065428 2.266603 -0.200034
v  0.008300 2.202092 -0.208517
v  0.022214 2.207071 -0.249455
v  0.000440 2.204873 -0.282599
v  -0.040149 2.198513 -0.282332
v  -0.057733 2.194158 -0.244071
v  -0.035512 2.197238 -0.207127
v  0.003626 2.238013 -0.214203
v  0.003311 2.239473 -0.250691
v  -0.019767 2.238840 -0.282879
v  -0.058308 2.232325 -0.273866
v  -0.074065 2.229313 -0.238452
v  -0.064460 2.229671 -0.204683
v  0.107822 2.291913 0.220864
v  0.099824 2.294294 0.258220
v  0.062965 2.300687 0.269560
v  0.036840 2.302531 0.242199
v  0.045649 2.300199 0.206123
v  0.079799 2.295408 0.193694
v  0.025370 2.272183 0.204763
v  0.020118 2.272062 0.243580
v  0.044544 2.270099 0.272133
v  0.080939 2.265022 0.265070
v  0.092973 2.262822 0.227842
v  0.068541 2.267066 0.193642
v  -0.006241 2.201843 0.204198
v  -0.021485 2.206930 0.244473
v  0.002558 2.203443 0.276557
v  0.043289 2.196646 0.277549
v  0.063496 2.191294 0.239140
v  0.040261 2.194678 0.200458
v  -0.000110 2.237200 0.211219
v  -0.002139 2.239456 0.245852
v  0.024014 2.236145 0.274431
v  0.062072 2.230869 0.271298
v  0.080930 2.226733 0.234387
v  0.068764 2.228523 0.198931
v  -0.007596 2.237342 0.137649
v  0.010930 2.262147 0.134741
v  0.040877 2.260672 0.129598
v  0.048130 2.231775 0.128810
v  0.028662 2.211603 0.131983
v  0.003431 2.214132 0.135805
v  -0.044813 2.232262 -0.129160
v  -0.038788 2.258875 -0.129675
v  -0.009647 2.260927 -0.134473
v  0.008673 2.237647 -0.136880
v  -0.002257 2.215389 -0.134963
v  -0.026107 2.212690 -0.131950
v  0.012209 2.218955 0.023172
v  -0.015997 2.235142 0.026540
v  -0.004820 2.253021 0.024113
v  0.016470 2.254457 0.020031
v  0.025503 2.234382 0.019936
v  -0.006689 2.218261 0.025698
v  0.006709 2.218263 -0.022895
v  -0.025958 2.233438 -0.016259
v  -0.015681 2.254949 -0.017334
v  0.007332 2.253005 -0.022047
v  0.018048 2.234489 -0.024045
v  -0.011992 2.217667 -0.019915
v  -0.033591 2.233364 -0.060934
v  -0.025566 2.258165 -0.061643
v  0.002322 2.259203 -0.066401
v  0.017352 2.236022 -0.068696
v  0.004468 2.214956 -0.067026
v  -0.017351 2.216550 -0.063982
v  -0.013761 2.235971 0.070760
v  0.000112 2.258131 0.068460
v  0.027207 2.260577 0.063711
v  0.035542 2.234037 0.063106
v  0.019595 2.215025 0.066080
v  -0.003308 2.215175 0.069365
v  0.005749 2.223364 -0.004402
v  0.012349 2.234331 -0.005713
v  0.006688 2.245380 -0.004853
v  -0.006170 2.245194 -0.002608
v  -0.012714 2.233997 -0.001391
v  -0.006453 2.223182 -0.002454
v  0.014966 2.234889 0.003964
v  0.006796 2.224372 0.005942
v  -0.005152 2.224136 0.007606
v  -0.012039 2.234588 0.007937
v  -0.005088 2.246654 0.006296
v  0.009168 2.246686 0.004004
v  -0.054983 2.338574 -0.175657
v  -0.050610 2.365370 -0.178504
v  -0.068805 2.390244 -0.169122
v  -0.096072 2.385305 -0.155919
v  -0.100627 2.358757 -0.155600
v  -0.081436 2.336621 -0.164614
v  0.083563 2.337763 0.161963
v  0.107028 2.356468 0.149552
v  0.101284 2.387714 0.149867
v  0.072863 2.388670 0.165604
v  0.054180 2.365046 0.175790
v  0.058644 2.339007 0.172863
v  -0.169716 2.416145 -0.183287
v  -0.172034 2.420235 -0.225705
v  -0.136347 2.428537 -0.248984
v  -0.098754 2.432355 -0.228555
v  -0.096283 2.429730 -0.189101
v  -0.131663 2.422508 -0.169011
v  -0.078584 2.400927 -0.192671
v  -0.082850 2.402420 -0.234214
v  -0.119179 2.397839 -0.255230
v  -0.155459 2.390594 -0.236897
v  -0.155531 2.387811 -0.195584
v  -0.119520 2.393521 -0.171526
v  -0.052843 2.330578 -0.204642
v  -0.048299 2.333936 -0.244271
v  -0.080552 2.329652 -0.264867
v  -0.117018 2.323861 -0.255351
v  -0.122096 2.321634 -0.216688
v  -0.092444 2.325820 -0.190175
v  -0.055607 2.366552 -0.207429
v  -0.064016 2.368272 -0.241696
v  -0.100145 2.363249 -0.260203
v  -0.137027 2.356930 -0.247367
v  -0.139658 2.355466 -0.207645
v  -0.118922 2.357616 -0.178491
v  0.166993 2.419259 0.181874
v  0.165653 2.422924 0.218429
v  0.135189 2.428120 0.239816
v  0.103522 2.429478 0.220675
v  0.099026 2.428146 0.182804
v  0.132665 2.421786 0.162196
v  0.082848 2.399085 0.188096
v  0.087845 2.399527 0.227973
v  0.119271 2.397585 0.248147
v  0.151305 2.392395 0.229262
v  0.155014 2.388905 0.191050
v  0.122195 2.393623 0.163174
v  0.057067 2.329325 0.200486
v  0.053068 2.331681 0.239433
v  0.081548 2.329786 0.262660
v  0.117154 2.324686 0.251670
v  0.123079 2.321898 0.213196
v  0.094750 2.324313 0.184411
v  0.060241 2.364667 0.202966
v  0.069739 2.365052 0.235288
v  0.100671 2.363548 0.257147
v  0.133126 2.358793 0.239760
v  0.137516 2.357197 0.203437
v  0.121164 2.357012 0.173289
v  0.035619 2.364645 0.133010
v  0.051531 2.387496 0.125302
v  0.079062 2.388479 0.111222
v  0.084614 2.358298 0.109372
v  0.065211 2.340692 0.119220
v  0.042346 2.340075 0.129559
v  -0.078126 2.359959 -0.111519
v  -0.072859 2.385300 -0.113411
v  -0.046466 2.389229 -0.126206
v  -0.030441 2.365253 -0.133562
v  -0.038361 2.340121 -0.129526
v  -0.062197 2.339470 -0.118941
v  0.018829 2.346214 0.018995
v  -0.008132 2.362607 0.030381
v  0.001428 2.381830 0.024881
v  0.022302 2.384382 0.013656
v  0.030083 2.361813 0.012400
v  0.001367 2.345334 0.026547
v  0.002476 2.344288 -0.024135
v  -0.027154 2.361652 -0.010135
v  -0.018281 2.380507 -0.013454
v  0.001867 2.380902 -0.022776
v  0.011578 2.362555 -0.027928
v  -0.016046 2.345510 -0.016154
v  -0.049522 2.360854 -0.048906
v  -0.040355 2.384311 -0.052738
v  -0.015721 2.387300 -0.064458
v  -0.003032 2.364040 -0.070496
v  -0.012468 2.340574 -0.066107
v  -0.034253 2.343236 -0.056419
v  0.006345 2.363888 0.072409
v  0.020100 2.386307 0.065780
v  0.044432 2.386916 0.053485
v  0.052601 2.361126 0.050449
v  0.038468 2.341569 0.057820
v  0.017104 2.342711 0.067472
v  0.005325 2.351115 -0.005821
v  0.011595 2.361897 -0.008485
v  0.005710 2.372856 -0.005832
v  -0.006806 2.373730 0.000149
v  -0.014084 2.362162 0.003834
v  -0.006519 2.351719 -0.000471
v  0.014940 2.362165 0.000602
v  0.009016 2.351736 0.003921
v  -0.002411 2.351499 0.009000
v  -0.009886 2.362064 0.011917
v  -0.003490 2.374921 0.007865
v  0.009602 2.374474 0.001505
v  -0.101855 2.467543 -0.152156
v  -0.097301 2.493269 -0.156740
v  -0.114358 2.516214 -0.141479
v  -0.138096 2.515542 -0.118324
v  -0.143143 2.484698 -0.116489
v  -0.124734 2.463624 -0.133453
v  0.125496 2.462643 0.131191
v  0.141610 2.485811 0.117561
v  0.137530 2.512371 0.119276
v  0.116354 2.515567 0.140348
v  0.098585 2.492496 0.155533
v  0.103008 2.466270 0.150278
v  -0.211278 2.546679 -0.133629
v  -0.231839 2.547402 -0.171388
v  -0.200923 2.557239 -0.203715
v  -0.154939 2.564333 -0.198885
v  -0.146513 2.555680 -0.155938
v  -0.172385 2.549520 -0.125571
v  -0.130586 2.527495 -0.163490
v  -0.140601 2.535100 -0.210187
v  -0.187646 2.527942 -0.218918
v  -0.219662 2.518126 -0.186633
v  -0.205554 2.515992 -0.144043
v  -0.163340 2.521851 -0.128749
v  -0.104455 2.458568 -0.180636
v  -0.110824 2.463371 -0.224742
v  -0.153028 2.459508 -0.242160
v  -0.189970 2.450228 -0.216500
v  -0.181981 2.446830 -0.172123
v  -0.142744 2.451406 -0.153219
v  -0.109315 2.495142 -0.183484
v  -0.124704 2.499403 -0.220315
v  -0.170479 2.493822 -0.231691
v  -0.205010 2.484504 -0.202095
v  -0.197094 2.480683 -0.157650
v  -0.166331 2.483366 -0.134029
v  0.209684 2.545284 0.127774
v  0.222871 2.547761 0.163721
v  0.199400 2.554181 0.194173
v  0.162748 2.555449 0.182977
v  0.148645 2.553453 0.148272
v  0.172946 2.548159 0.119994
v  0.134292 2.524823 0.158477
v  0.148226 2.527421 0.194184
v  0.183572 2.525413 0.205115
v  0.213192 2.518665 0.178895
v  0.201434 2.517004 0.140416
v  0.162848 2.520600 0.125126
v  0.108046 2.456914 0.175951
v  0.117236 2.459169 0.214006
v  0.149699 2.458608 0.230522
v  0.180887 2.452579 0.207503
v  0.178522 2.448981 0.170056
v  0.143382 2.450420 0.148916
v  0.112042 2.493474 0.179350
v  0.130725 2.494329 0.207343
v  0.165967 2.492659 0.218158
v  0.196680 2.485969 0.193245
v  0.192789 2.482764 0.154900
v  0.165173 2.484338 0.132831
v  0.067775 2.492282 0.120704
v  0.083406 2.516406 0.107726
v  0.105813 2.514590 0.086996
v  0.109345 2.486853 0.084388
v  0.095679 2.467724 0.096662
v  0.074967 2.464890 0.113920
v  -0.108687 2.486378 -0.081559
v  -0.103237 2.515244 -0.085421
v  -0.079675 2.516484 -0.107403
v  -0.067657 2.491718 -0.118273
v  -0.073644 2.469504 -0.112869
v  -0.093689 2.466598 -0.095586
v  0.024051 2.473417 0.012305
v  -0.000535 2.489973 0.032294
v  0.008781 2.509736 0.023692
v  0.026516 2.509955 0.007316
v  0.033329 2.488676 0.002786
v  0.008736 2.471463 0.024874
v  -0.004730 2.473361 -0.023542
v  -0.028648 2.489084 -0.000983
v  -0.020668 2.509023 -0.007017
v  -0.003284 2.509386 -0.023014
v  0.004400 2.490407 -0.030583
v  -0.019895 2.471790 -0.010022
v  -0.062044 2.487923 -0.031123
v  -0.054983 2.515258 -0.036574
v  -0.033244 2.513948 -0.056880
v  -0.022066 2.491462 -0.066964
v  -0.030906 2.469554 -0.059304
v  -0.049535 2.468999 -0.043056
v  0.025865 2.490808 0.068295
v  0.037743 2.513883 0.057973
v  0.059093 2.514369 0.038504
v  0.064830 2.487942 0.034134
v  0.052985 2.469791 0.045106
v  0.034873 2.467854 0.060356
v  0.004569 2.478902 -0.007661
v  0.012537 2.489728 -0.013385
v  0.005420 2.501305 -0.007634
v  -0.005533 2.500346 0.001704
v  -0.010366 2.489492 0.005397
v  -0.005452 2.478738 0.000822
v  0.016896 2.489244 -0.006127
v  0.010803 2.478913 0.000211
v  0.001302 2.479177 0.008590
v  -0.004043 2.489735 0.012710
v  0.000776 2.500843 0.008186
v  0.011172 2.501421 -0.001800
v  -0.137741 2.589249 -0.118684
v  -0.135994 2.616982 -0.123846
v  -0.149585 2.638472 -0.104108
v  -0.165152 2.638535 -0.078324
v  -0.169636 2.609928 -0.073646
v  -0.156199 2.588185 -0.093544
v  0.157003 2.587947 0.091566
v  0.169780 2.609330 0.070305
v  0.165170 2.637134 0.075220
v  0.150170 2.640989 0.102141
v  0.138190 2.616787 0.121617
v  0.139339 2.588543 0.116912
v  -0.237245 2.672774 -0.071958
v  -0.259326 2.674537 -0.100615
v  -0.241556 2.680452 -0.134261
v  -0.204716 2.682708 -0.137799
v  -0.183078 2.680010 -0.107639
v  -0.201120 2.674780 -0.074145
v  -0.172181 2.650502 -0.119464
v  -0.195332 2.654964 -0.153478
v  -0.235121 2.652154 -0.152821
v  -0.254517 2.645361 -0.118112
v  -0.234101 2.643093 -0.085672
v  -0.192953 2.645999 -0.080404
v  -0.148755 2.582786 -0.144480
v  -0.169112 2.590448 -0.185476
v  -0.213311 2.585783 -0.188131
v  -0.241811 2.576759 -0.154510
v  -0.217835 2.576494 -0.120281
v  -0.178066 2.577036 -0.109204
v  -0.156555 2.618934 -0.144884
v  -0.183127 2.622506 -0.171891
v  -0.224593 2.618574 -0.170607
v  -0.248443 2.611023 -0.136144
v  -0.228742 2.608323 -0.100403
v  -0.195427 2.609999 -0.086505
v  0.243311 2.667048 0.060222
v  0.273442 2.670238 0.095172
v  0.250777 2.679469 0.135090
v  0.206965 2.682522 0.135693
v  0.182534 2.679488 0.103227
v  0.197643 2.671829 0.063731
v  0.172127 2.650381 0.114785
v  0.196390 2.653623 0.149389
v  0.240142 2.649302 0.149372
v  0.267258 2.639637 0.112601
v  0.237729 2.639275 0.076798
v  0.190608 2.645508 0.071544
v  0.153795 2.581034 0.138852
v  0.173984 2.584142 0.173661
v  0.212288 2.582935 0.180701
v  0.237421 2.574857 0.148930
v  0.219863 2.572724 0.112327
v  0.179544 2.575077 0.102600
v  0.157882 2.617682 0.141085
v  0.185274 2.618265 0.163009
v  0.226319 2.615709 0.164808
v  0.252576 2.607172 0.131345
v  0.232054 2.605072 0.092806
v  0.196583 2.607727 0.077995
v  0.099451 2.616853 0.096257
v  0.110426 2.639499 0.079577
v  0.125740 2.637436 0.054305
v  0.130647 2.609925 0.047087
v  0.119347 2.589221 0.065427
v  0.103408 2.590105 0.089064
v  -0.127131 2.611221 -0.048290
v  -0.122341 2.638527 -0.054943
v  -0.106816 2.637932 -0.080431
v  -0.095560 2.615170 -0.097374
v  -0.100465 2.590201 -0.089273
v  -0.116269 2.590414 -0.065423
v  0.026794 2.596076 0.004365
v  0.010274 2.614977 0.029769
v  0.016206 2.632922 0.020152
v  0.027334 2.632089 0.002111
v  0.032635 2.613238 -0.005460
v  0.016132 2.597878 0.021291
v  -0.009255 2.595213 -0.021637
v  -0.027880 2.613500 0.008443
v  -0.022170 2.635331 0.000578
v  -0.009426 2.634450 -0.020547
v  -0.002859 2.614171 -0.031127
v  -0.021240 2.596357 -0.003890
v  -0.068045 2.612501 -0.012643
v  -0.062098 2.637503 -0.021660
v  -0.047354 2.637938 -0.045682
v  -0.038965 2.614290 -0.058602
v  -0.044318 2.590005 -0.049739
v  -0.059485 2.591348 -0.026788
v  0.045273 2.615569 0.056860
v  0.052993 2.638063 0.044909
v  0.067303 2.636966 0.021450
v  0.072388 2.611637 0.013872
v  0.064024 2.591321 0.027662
v  0.050224 2.593059 0.048689
v  0.002993 2.603085 -0.008414
v  0.008531 2.613792 -0.015452
v  0.003915 2.625991 -0.008588
v  -0.003929 2.626344 0.004165
v  -0.007731 2.614586 0.008769
v  -0.004362 2.604228 0.002159
v  0.014993 2.613924 -0.009391
v  0.010973 2.603814 -0.002560
v  0.004372 2.604551 0.007963
v  0.000661 2.614630 0.013537
v  0.004081 2.625295 0.008038
v  0.011023 2.625003 -0.003263
v  -0.167259 2.716127 -0.074046
v  -0.166551 2.742131 -0.079826
v  -0.171672 2.767112 -0.060364
v  -0.179449 2.762525 -0.032237
v  -0.181798 2.736721 -0.029327
v  -0.175941 2.714258 -0.048239
v  0.176409 2.713022 0.043311
v  0.182691 2.734101 0.020865
v  0.180170 2.761584 0.026866
v  0.173304 2.763728 0.055392
v  0.166673 2.742695 0.078092
v  0.167695 2.716013 0.071024
v  -0.245681 2.796010 -0.001139
v  -0.274997 2.798246 -0.022801
v  -0.268562 2.803611 -0.059295
v  -0.234672 2.806610 -0.074825
v  -0.204641 2.805006 -0.052412
v  -0.212029 2.798709 -0.014652
v  -0.197733 2.775881 -0.066851
v  -0.230035 2.776280 -0.087862
v  -0.264437 2.774286 -0.077248
v  -0.272477 2.769186 -0.041535
v  -0.245764 2.767252 -0.016333
v  -0.207099 2.770846 -0.025703
v  -0.185072 2.708072 -0.096073
v  -0.211704 2.713282 -0.127890
v  -0.248753 2.708703 -0.116465
v  -0.263913 2.703313 -0.082310
v  -0.240326 2.701105 -0.054247
v  -0.202105 2.703400 -0.056314
v  -0.190428 2.744136 -0.095791
v  -0.222138 2.744395 -0.108998
v  -0.257632 2.741617 -0.097850
v  -0.269101 2.736321 -0.062123
v  -0.244596 2.734401 -0.034551
v  -0.211087 2.735297 -0.029501
v  0.249782 2.793666 -0.007088
v  0.286933 2.796659 0.017880
v  0.281312 2.808226 0.066210
v  0.236045 2.811569 0.080395
v  0.203771 2.805288 0.049424
v  0.209388 2.797288 0.007776
v  0.197169 2.775876 0.064285
v  0.231234 2.780599 0.093541
v  0.278159 2.778131 0.084911
v  0.286602 2.766844 0.035920
v  0.251269 2.761949 0.002624
v  0.205658 2.769561 0.018121
v  0.184924 2.707296 0.091862
v  0.215465 2.711438 0.123022
v  0.260217 2.709423 0.120210
v  0.277165 2.699737 0.077067
v  0.245471 2.697395 0.045646
v  0.199267 2.698681 0.046755
v  0.189796 2.744260 0.093720
v  0.224539 2.745212 0.109125
v  0.270139 2.743080 0.102591
v  0.283926 2.732398 0.056248
v  0.249291 2.730350 0.025028
v  0.210534 2.732387 0.020354
v  0.123762 2.741992 0.061766
v  0.129150 2.762752 0.044195
v  0.136222 2.761196 0.018620
v  0.138529 2.735835 0.011578
v  0.133580 2.715228 0.029080
v  0.126119 2.718385 0.053353
v  -0.134126 2.736686 -0.015143
v  -0.131717 2.761162 -0.021909
v  -0.124224 2.765477 -0.048695
v  -0.118979 2.742086 -0.066469
v  -0.121360 2.717181 -0.056889
v  -0.129112 2.718212 -0.032684
v  0.027749 2.721456 -0.003485
v  0.020045 2.739135 0.023763
v  0.021956 2.757356 0.014843
v  0.027037 2.760950 -0.007317
v  0.030375 2.738962 -0.014414
v  0.022647 2.723012 0.014878
v  -0.016019 2.723940 -0.017126
v  -0.024326 2.738416 0.010988
v  -0.020873 2.756376 0.001968
v  -0.013549 2.761445 -0.018843
v  -0.011619 2.740858 -0.028359
v  -0.021645 2.723483 0.000384
v  -0.067581 2.737722 0.002029
v  -0.064602 2.759848 -0.006478
v  -0.057374 2.764741 -0.031298
v  -0.053055 2.741508 -0.045906
v  -0.056726 2.719032 -0.033904
v  -0.063839 2.720299 -0.011594
v  0.060745 2.740347 0.039834
v  0.064631 2.760295 0.026513
v  0.071108 2.763065 0.002285
v  0.074432 2.737330 -0.007913
v  0.069944 2.717755 0.008731
v  0.063364 2.719628 0.030738
v  0.000405 2.728737 -0.009068
v  0.003946 2.740538 -0.017713
v  0.003334 2.755875 -0.011128
v  -0.002928 2.751700 0.004288
v  -0.005219 2.739411 0.010638
v  -0.003445 2.729194 0.003320
v  0.012309 2.739940 -0.015284
v  0.010209 2.728574 -0.006053
v  0.007242 2.730147 0.005949
v  0.005281 2.739777 0.012135
v  0.005808 2.752213 0.007367
v  0.010009 2.754286 -0.008159
v  -0.180882 2.841525 -0.025565
v  -0.181720 2.867245 -0.030833
v  -0.181535 2.891021 -0.008465
v  -0.180437 2.888118 0.021730
v  -0.181532 2.861755 0.025837
v  -0.182144 2.841641 0.002173
v  0.182812 2.837543 -0.007637
v  0.183063 2.860909 -0.028609
v  0.180227 2.890274 -0.025123
v  0.181579 2.891698 0.006378
v  0.182775 2.867326 0.026519
v  0.182034 2.841542 0.021369
v  -0.236341 2.916113 0.074878
v  -0.276438 2.920044 0.058192
v  -0.284596 2.929924 0.013699
v  -0.248386 2.933055 -0.009558
v  -0.212512 2.929001 0.006876
v  -0.205886 2.921735 0.047184
v  -0.208785 2.900316 -0.009334
v  -0.245952 2.903976 -0.026201
v  -0.281475 2.899718 -0.003567
v  -0.277020 2.891948 0.038602
v  -0.239566 2.888907 0.057542
v  -0.204837 2.894540 0.035521
v  -0.204685 2.832848 -0.040382
v  -0.238585 2.836745 -0.062383
v  -0.270264 2.832543 -0.041239
v  -0.273752 2.827779 -0.005273
v  -0.244451 2.823513 0.018363
v  -0.207726 2.826651 0.004457
v  -0.210021 2.867744 -0.037138
v  -0.243262 2.869908 -0.045303
v  -0.275471 2.865651 -0.022079
v  -0.276088 2.860047 0.016023
v  -0.243347 2.858018 0.036866
v  -0.208863 2.859285 0.033505
v  0.238632 2.921007 -0.071437
v  0.275874 2.923170 -0.058418
v  0.280765 2.930968 -0.017049
v  0.247079 2.932612 0.003994
v  0.210862 2.929405 -0.012103
v  0.206395 2.923091 -0.049823
v  0.207244 2.901833 0.005943
v  0.246244 2.902754 0.019622
v  0.281549 2.901776 0.001448
v  0.278045 2.893760 -0.040210
v  0.242593 2.890637 -0.060216
v  0.205156 2.895849 -0.038713
v  0.203800 2.833489 0.038013
v  0.241104 2.840071 0.064085
v  0.282596 2.837116 0.045832
v  0.287988 2.825891 -0.002454
v  0.249117 2.821549 -0.025980
v  0.206816 2.825166 -0.009071
v  0.209077 2.869575 0.036127
v  0.245425 2.871766 0.043560
v  0.282641 2.869262 0.023246
v  0.281160 2.860463 -0.020367
v  0.246708 2.856518 -0.043584
v  0.209946 2.858722 -0.036900
v  0.136578 2.865961 0.027862
v  0.136493 2.887839 0.007455
v  0.136129 2.887411 -0.020675
v  0.136929 2.860970 -0.030704
v  0.137013 2.838181 -0.010738
v  0.136573 2.842323 0.016753
v  -0.132480 2.861994 0.024619
v  -0.131854 2.888601 0.017081
v  -0.132449 2.890369 -0.011384
v  -0.132264 2.866821 -0.029365
v  -0.132072 2.841835 -0.021974
v  -0.132799 2.841200 0.005181
v  0.026241 2.847519 -0.010989
v  0.025111 2.864990 0.021216
v  0.025073 2.882566 0.008218
v  0.024788 2.883205 -0.014112
v  0.025345 2.864249 -0.024851
v  0.026108 2.848382 0.009149
v  -0.018292 2.843996 -0.014996
v  -0.019562 2.863006 0.017351
v  -0.019003 2.881998 0.009303
v  -0.018250 2.884656 -0.013247
v  -0.017957 2.864194 -0.026260
v  -0.019242 2.845160 0.007764
v  -0.063801 2.861822 0.021829
v  -0.063345 2.885385 0.012771
v  -0.063338 2.890130 -0.014281
v  -0.063277 2.865816 -0.027570
v  -0.063246 2.840843 -0.019340
v  -0.064013 2.842343 0.007233
v  0.069620 2.865061 0.024928
v  0.069618 2.886567 0.009201
v  0.069301 2.887379 -0.018059
v  0.069738 2.863085 -0.028225
v  0.069916 2.840902 -0.012432
v  0.069701 2.843853 0.013249
v  -0.001169 2.852948 -0.009086
v  -0.000888 2.863948 -0.017183
v  -0.001528 2.875870 -0.009416
v  -0.001368 2.876869 0.004756
v  -0.001432 2.863897 0.012116
v  -0.001582 2.853367 0.004048
v  0.008075 2.864864 -0.016205
v  0.008767 2.854213 -0.008337
v  0.008610 2.854383 0.004465
v  0.007835 2.864807 0.012056
v  0.007545 2.877004 0.004591
v  0.007429 2.876850 -0.010149
v  -0.179244 2.965647 0.024345
v  -0.181783 2.993083 0.017061
v  -0.175674 3.014778 0.040715
v  -0.165908 3.013277 0.070847
v  -0.165631 2.984537 0.075752
v  -0.171144 2.960108 0.054972
v  0.174670 2.964645 -0.056437
v  0.167629 2.984490 -0.079844
v  0.169221 3.011316 -0.072451
v  0.178530 3.014544 -0.044755
v  0.184868 2.991975 -0.023215
v  0.181626 2.965041 -0.028721
v  -0.207785 3.043849 0.135728
v  -0.254459 3.046271 0.136199
v  -0.272794 3.057440 0.091746
v  -0.242830 3.060745 0.056220
v  -0.199870 3.056194 0.062144
v  -0.183647 3.048185 0.101723
v  -0.200389 3.028330 0.044802
v  -0.246559 3.032258 0.039074
v  -0.279597 3.027259 0.074323
v  -0.261571 3.016812 0.118436
v  -0.215268 3.013801 0.125307
v  -0.183477 3.019612 0.091923
v  -0.206497 2.957630 0.015482
v  -0.250627 2.963880 0.001984
v  -0.285106 2.959949 0.032454
v  -0.275566 2.948681 0.079045
v  -0.232285 2.945076 0.091416
v  -0.196784 2.949525 0.063146
v  -0.210740 2.996216 0.014985
v  -0.250464 2.998003 0.019669
v  -0.282710 2.993108 0.053968
v  -0.269249 2.982475 0.099615
v  -0.224160 2.977146 0.114359
v  -0.188247 2.980535 0.094112
v  0.210387 3.046339 -0.132437
v  0.249547 3.045733 -0.134136
v  0.262441 3.053440 -0.095691
v  0.239085 3.056586 -0.064999
v  0.202019 3.053337 -0.069740
v  0.186926 3.048780 -0.103416
v  0.203445 3.024344 -0.052673
v  0.244129 3.028999 -0.046325
v  0.266910 3.024687 -0.077464
v  0.254853 3.018360 -0.114203
v  0.217107 3.016740 -0.121362
v  0.186929 3.020400 -0.092709
v  0.208341 2.956519 -0.024070
v  0.247056 2.960082 -0.013538
v  0.278825 2.960196 -0.035731
v  0.269434 2.952889 -0.075217
v  0.232650 2.948630 -0.089101
v  0.199057 2.951837 -0.064719
v  0.212382 2.991385 -0.027789
v  0.246812 2.993397 -0.029738
v  0.272420 2.992002 -0.057005
v  0.262738 2.985826 -0.094846
v  0.225429 2.982867 -0.107006
v  0.192562 2.983949 -0.092496
v  0.139570 2.991502 -0.010690
v  0.134505 3.014538 -0.029402
v  0.126331 3.010864 -0.056521
v  0.124296 2.986380 -0.064317
v  0.129899 2.966071 -0.045262
v  0.136944 2.965104 -0.018244
v  -0.119619 2.986530 0.061337
v  -0.121499 3.012537 0.053756
v  -0.129676 3.013362 0.026098
v  -0.134922 2.991675 0.005849
v  -0.132070 2.966908 0.015687
v  -0.125246 2.966384 0.042234
v  0.022941 2.972414 -0.016652
v  0.030540 2.989221 0.013258
v  0.027062 3.007490 0.001350
v  0.020987 3.007462 -0.019326
v  0.019287 2.988673 -0.027549
v  0.027763 2.971684 0.002488
v  -0.021882 2.971655 -0.006875
v  -0.012657 2.988937 0.023685
v  -0.013733 3.008950 0.015374
v  -0.021047 3.006267 -0.005416
v  -0.024509 2.988466 -0.017723
v  -0.016591 2.972338 0.012656
v  -0.054276 2.988054 0.040236
v  -0.055436 3.013911 0.033364
v  -0.064035 3.011715 0.005837
v  -0.068167 2.989255 -0.008942
v  -0.065284 2.968872 0.001554
v  -0.058906 2.968104 0.025394
v  0.073905 2.989583 0.004017
v  0.069910 3.010431 -0.010657
v  0.062488 3.010967 -0.035282
v  0.060253 2.988054 -0.044024
v  0.065117 2.969481 -0.028360
v  0.071159 2.966950 -0.005133
v  -0.003807 2.976581 -0.008440
v  -0.005374 2.988583 -0.015245
v  -0.003373 3.000704 -0.007937
v  0.001462 3.001516 0.005714
v  0.002340 2.989320 0.011558
v  -0.000263 2.978436 0.004674
v  0.004022 2.988811 -0.016593
v  0.005748 2.976257 -0.010512
v  0.009727 2.978373 0.002573
v  0.011563 2.989309 0.009651
v  0.009538 3.000213 0.002097
v  0.005242 3.001227 -0.010673
v  -0.165773 3.092189 0.073625
v  -0.169781 3.118950 0.068130
v  -0.157887 3.140486 0.088021
v  -0.141455 3.137235 0.113107
v  -0.138549 3.110025 0.118932
v  -0.151588 3.090707 0.098853
v  0.152844 3.088287 -0.101897
v  0.141182 3.109740 -0.120720
v  0.141545 3.137942 -0.116378
v  0.158536 3.137688 -0.092415
v  0.170790 3.117868 -0.070355
v  0.167139 3.089785 -0.075116
v  -0.163019 3.170960 0.183563
v  -0.200315 3.173900 0.189461
v  -0.225887 3.180506 0.161311
v  -0.213261 3.184811 0.124302
v  -0.175035 3.179934 0.118972
v  -0.150009 3.173622 0.148636
v  -0.181176 3.151167 0.101881
v  -0.223708 3.157465 0.106513
v  -0.241468 3.152833 0.146508
v  -0.214345 3.144197 0.179122
v  -0.173315 3.140748 0.176048
v  -0.154499 3.145309 0.138052
v  -0.193674 3.083869 0.070976
v  -0.240602 3.090827 0.068223
v  -0.263845 3.086303 0.109056
v  -0.243760 3.076160 0.151455
v  -0.199312 3.073786 0.147953
v  -0.171769 3.076066 0.114105
v  -0.198141 3.121850 0.072866
v  -0.235078 3.124833 0.085467
v  -0.253998 3.119434 0.128190
v  -0.228761 3.110160 0.165372
v  -0.186486 3.106701 0.164811
v  -0.158056 3.108060 0.140226
v  0.162427 3.166702 -0.193372
v  0.205301 3.170617 -0.201738
v  0.236368 3.181674 -0.165999
v  0.219745 3.187271 -0.120465
v  0.175958 3.180426 -0.119193
v  0.149742 3.172595 -0.152363
v  0.181263 3.152145 -0.102326
v  0.226260 3.156687 -0.107582
v  0.246438 3.152097 -0.150103
v  0.217812 3.141540 -0.187720
v  0.174544 3.139125 -0.181404
v  0.153183 3.145367 -0.141051
v  0.194034 3.081628 -0.074857
v  0.236714 3.085913 -0.077994
v  0.260171 3.083204 -0.112488
v  0.240200 3.075500 -0.149409
v  0.199613 3.072433 -0.150452
v  0.174532 3.076718 -0.116185
v  0.198230 3.119734 -0.077041
v  0.232518 3.120019 -0.093863
v  0.255912 3.117808 -0.131186
v  0.230283 3.108400 -0.169010
v  0.187154 3.105552 -0.168505
v  0.158842 3.107636 -0.142989
v  0.129820 3.115657 -0.050965
v  0.120972 3.137815 -0.066056
v  0.105558 3.136877 -0.089372
v  0.103148 3.110445 -0.094618
v  0.112712 3.090163 -0.079091
v  0.126642 3.090786 -0.055273
v  -0.098445 3.111046 0.091142
v  -0.102438 3.136472 0.083922
v  -0.117703 3.139599 0.060127
v  -0.128096 3.118063 0.043111
v  -0.122511 3.092959 0.052072
v  -0.109103 3.093066 0.074588
v  0.017478 3.097055 -0.022448
v  0.032591 3.114505 0.002334
v  0.026794 3.131828 -0.006588
v  0.014451 3.133140 -0.025118
v  0.010360 3.112975 -0.032580
v  0.027783 3.097103 -0.005268
v  -0.021842 3.096270 -0.000331
v  -0.003913 3.113498 0.027706
v  -0.010454 3.130616 0.017911
v  -0.021277 3.133140 0.000318
v  -0.026913 3.114737 -0.008278
v  -0.010551 3.095395 0.017719
v  -0.041185 3.112481 0.052947
v  -0.046618 3.134133 0.043913
v  -0.059809 3.137101 0.022930
v  -0.068509 3.116342 0.008587
v  -0.061794 3.094334 0.019875
v  -0.048856 3.092121 0.041137
v  0.073006 3.115073 -0.015673
v  0.065809 3.139407 -0.027409
v  0.050750 3.135973 -0.051011
v  0.046556 3.111578 -0.058492
v  0.054897 3.093030 -0.045373
v  0.067802 3.091625 -0.023522
v  -0.004366 3.103104 -0.005614
v  -0.008573 3.114652 -0.012169
v  -0.004376 3.126537 -0.006137
v  0.004074 3.127231 0.006395
v  0.007878 3.114274 0.012423
v  0.003343 3.102314 0.005835
v  -0.001197 3.114060 -0.017620
v  0.003961 3.103532 -0.010924
v  0.011212 3.103214 0.000477
v  0.015364 3.114717 0.007206
v  0.011064 3.126210 0.000509
v  0.002661 3.125467 -0.011812
v  -0.138712 3.216675 0.117781
v  -0.142594 3.240867 0.115714
v  -0.126983 3.265728 0.129264
v  -0.103876 3.264315 0.148427
v  -0.102259 3.236550 0.152020
v  -0.119408 3.216152 0.136936
v  0.118632 3.215348 -0.140512
v  0.098225 3.234534 -0.157066
v  0.102738 3.263209 -0.150675
v  0.127205 3.265901 -0.131455
v  0.144080 3.242749 -0.117059
v  0.138679 3.217515 -0.121355
v  -0.107099 3.296455 0.221026
v  -0.139792 3.298280 0.237898
v  -0.171928 3.304108 0.217871
v  -0.169355 3.307352 0.178898
v  -0.135466 3.304525 0.162857
v  -0.104219 3.299328 0.184100
v  -0.144896 3.274710 0.150090
v  -0.181690 3.278261 0.166444
v  -0.184772 3.274452 0.205143
v  -0.154776 3.268973 0.228094
v  -0.119991 3.267103 0.214245
v  -0.111121 3.270984 0.174974
v  -0.165101 3.207461 0.126278
v  -0.200728 3.209528 0.140979
v  -0.212968 3.208321 0.176248
v  -0.187536 3.202075 0.204893
v  -0.149934 3.200115 0.193571
v  -0.134938 3.202211 0.157566
v  -0.165585 3.241691 0.132883
v  -0.191746 3.242467 0.153722
v  -0.200870 3.241408 0.191861
v  -0.171356 3.235847 0.216086
v  -0.135038 3.233689 0.205715
v  -0.116622 3.235220 0.177100
v  0.102544 3.293070 -0.229233
v  0.144461 3.298207 -0.250273
v  0.188395 3.310762 -0.225654
v  0.177918 3.312784 -0.177893
v  0.136152 3.306521 -0.160645
v  0.101277 3.298499 -0.185513
v  0.145889 3.277470 -0.148028
v  0.190298 3.284277 -0.164598
v  0.201317 3.279388 -0.213495
v  0.160758 3.267374 -0.245033
v  0.118130 3.264648 -0.222587
v  0.108358 3.270801 -0.177217
v  0.166310 3.208550 -0.125901
v  0.213778 3.216534 -0.133909
v  0.226377 3.210945 -0.181652
v  0.193444 3.198536 -0.219561
v  0.147576 3.194666 -0.205960
v  0.133297 3.200537 -0.161104
v  0.169191 3.245278 -0.129759
v  0.205062 3.250516 -0.149444
v  0.213842 3.244574 -0.198082
v  0.178024 3.232540 -0.234089
v  0.133642 3.230697 -0.215324
v  0.113554 3.233790 -0.181204
v  0.111965 3.242082 -0.084070
v  0.097853 3.264426 -0.096925
v  0.076575 3.261957 -0.115190
v  0.071003 3.236685 -0.120854
v  0.086307 3.217368 -0.107746
v  0.105105 3.217564 -0.090206
v  -0.069786 3.237351 0.114408
v  -0.073433 3.264731 0.110340
v  -0.096624 3.267826 0.090107
v  -0.111507 3.242071 0.076607
v  -0.103502 3.217782 0.083338
v  -0.084144 3.216480 0.101769
v  0.009786 3.220650 -0.027143
v  0.033058 3.239164 -0.005740
v  0.024351 3.258113 -0.013244
v  0.005908 3.259911 -0.028247
v  0.000134 3.238863 -0.034682
v  0.025457 3.220957 -0.012995
v  -0.020942 3.221303 0.005787
v  0.005480 3.238317 0.028770
v  -0.003005 3.258746 0.020162
v  -0.020622 3.260101 0.004373
v  -0.029314 3.239532 -0.002845
v  -0.006153 3.221861 0.019658
v  -0.024543 3.238175 0.062291
v  -0.028677 3.265486 0.057436
v  -0.051379 3.265689 0.037664
v  -0.064956 3.241512 0.025219
v  -0.053658 3.219678 0.036025
v  -0.035885 3.217279 0.052539
v  0.064756 3.240493 -0.036601
v  0.053511 3.260910 -0.046746
v  0.033615 3.262102 -0.064025
v  0.026643 3.237900 -0.070899
v  0.039040 3.216975 -0.060317
v  0.057207 3.218630 -0.043453
v  -0.005667 3.227373 -0.004215
v  -0.011270 3.238862 -0.009541
v  -0.006401 3.252202 -0.005832
v  0.006189 3.251829 0.004947
v  0.011885 3.238279 0.010488
v  0.004831 3.226197 0.005295
v  -0.005697 3.238900 -0.016684
v  0.000764 3.226860 -0.011569
v  0.011591 3.225168 -0.001369
v  0.016162 3.238329 0.002313
v  0.011097 3.251383 -0.002079
v  -0.000998 3.251548 -0.012229
v  -0.099257 3.342932 0.152299
v  -0.106503 3.368724 0.148647
v  -0.085681 3.390053 0.158486
v  -0.057700 3.388239 0.171139
v  -0.053337 3.359671 0.174846
v  -0.074284 3.338392 0.165214
v  0.077381 3.342137 -0.167737
v  0.056837 3.361864 -0.177178
v  0.058865 3.388316 -0.173588
v  0.086977 3.391333 -0.160959
v  0.107274 3.367863 -0.151215
v  0.101968 3.340379 -0.153079
v  -0.037628 3.418356 0.244978
v  -0.067018 3.420422 0.278813
v  -0.110934 3.430339 0.265041
v  -0.120797 3.435810 0.218946
v  -0.086144 3.430755 0.190563
v  -0.046703 3.422565 0.205080
v  -0.098750 3.401768 0.181200
v  -0.132913 3.405252 0.210333
v  -0.126448 3.400212 0.255244
v  -0.085277 3.390164 0.273425
v  -0.054708 3.390851 0.241038
v  -0.056666 3.395466 0.198870
v  -0.124179 3.333178 0.167539
v  -0.159691 3.337407 0.188371
v  -0.156616 3.332839 0.229009
v  -0.123590 3.326599 0.248907
v  -0.091602 3.325197 0.227992
v  -0.087604 3.328059 0.189382
v  -0.124458 3.368820 0.171242
v  -0.144551 3.369162 0.201149
v  -0.143262 3.366220 0.244025
v  -0.104930 3.358700 0.259935
v  -0.070942 3.357315 0.236616
v  -0.058024 3.357613 0.203300
v  0.038411 3.419589 -0.245551
v  0.068834 3.423039 -0.272582
v  0.107725 3.430577 -0.259889
v  0.112864 3.432215 -0.221913
v  0.083267 3.428824 -0.196789
v  0.047451 3.423724 -0.207503
v  0.098145 3.402348 -0.183094
v  0.126591 3.402860 -0.213818
v  0.123635 3.401398 -0.251731
v  0.086748 3.394579 -0.266871
v  0.053584 3.390935 -0.242851
v  0.055039 3.395853 -0.199172
v  0.125253 3.333465 -0.164631
v  0.165440 3.341334 -0.189107
v  0.167848 3.338673 -0.234797
v  0.127277 3.327380 -0.258495
v  0.090552 3.324304 -0.233732
v  0.085541 3.327123 -0.190861
v  0.125566 3.369336 -0.171798
v  0.146848 3.371229 -0.202604
v  0.145348 3.369753 -0.243758
v  0.106818 3.361092 -0.263443
v  0.071927 3.357952 -0.240116
v  0.061375 3.359534 -0.204894
v  0.085455 3.367052 -0.111170
v  0.068105 3.389716 -0.119852
v  0.043845 3.385168 -0.131485
v  0.037386 3.362333 -0.135141
v  0.054334 3.342055 -0.127146
v  0.078507 3.340843 -0.114594
v  -0.031787 3.360406 0.130642
v  -0.039249 3.388312 0.126414
v  -0.066730 3.390522 0.113527
v  -0.083765 3.367503 0.105135
v  -0.073987 3.343745 0.109845
v  -0.050427 3.340577 0.121770
v  0.002863 3.345451 -0.028744
v  0.029993 3.364632 -0.015016
v  0.020873 3.383985 -0.018830
v  0.001465 3.381384 -0.028651
v  -0.006093 3.362731 -0.032899
v  0.021654 3.345609 -0.018919
v  -0.018007 3.347641 0.011965
v  0.012734 3.363729 0.025475
v  0.004331 3.384271 0.020605
v  -0.017350 3.384384 0.010476
v  -0.027392 3.364051 0.006473
v  0.000573 3.346148 0.020706
v  -0.003646 3.362659 0.067674
v  -0.012202 3.387200 0.063002
v  -0.038431 3.390069 0.050595
v  -0.053427 3.365687 0.043239
v  -0.040046 3.345603 0.050287
v  -0.018491 3.342621 0.060921
v  0.053596 3.365343 -0.052383
v  0.040530 3.387699 -0.058833
v  0.017994 3.383681 -0.069754
v  0.008966 3.363099 -0.074384
v  0.022721 3.343317 -0.067928
v  0.045028 3.342243 -0.056436
v  -0.007442 3.352187 -0.002991
v  -0.013773 3.362894 -0.006631
v  -0.006222 3.374904 -0.003273
v  0.007314 3.375785 0.002640
v  0.013560 3.363938 0.005895
v  0.005130 3.352674 0.003015
v  -0.008666 3.362558 -0.014726
v  -0.002920 3.351918 -0.011922
v  0.009375 3.352428 -0.005807
v  0.016433 3.364221 -0.002634
v  0.010035 3.375149 -0.005572
v  -0.002024 3.374054 -0.011425
v  -0.054526 3.465503 0.172193
v  -0.059871 3.492576 0.172043
v  -0.037750 3.515696 0.176060
v  -0.005892 3.512856 0.180588
v  -0.001503 3.484133 0.182605
v  -0.024892 3.462053 0.178398
v  0.026708 3.463262 -0.182685
v  0.005439 3.486108 -0.186410
v  0.007736 3.514661 -0.183768
v  0.038111 3.515713 -0.179983
v  0.058105 3.491255 -0.177325
v  0.054133 3.465258 -0.176834
v  0.032903 3.544005 0.246820
v  0.012816 3.546974 0.286188
v  -0.035325 3.558293 0.286919
v  -0.057033 3.563404 0.243176
v  -0.029943 3.556155 0.206919
v  0.011108 3.548887 0.211625
v  -0.044705 3.526590 0.202071
v  -0.073238 3.533717 0.238897
v  -0.053810 3.527806 0.282823
v  -0.005411 3.516635 0.287762
v  0.021330 3.512937 0.248771
v  0.001508 3.520020 0.207481
v  -0.073897 3.458293 0.192736
v  -0.108579 3.465701 0.225596
v  -0.095685 3.461283 0.273270
v  -0.048163 3.449761 0.283800
v  -0.019321 3.446595 0.247585
v  -0.027215 3.448946 0.203605
v  -0.074088 3.495098 0.197792
v  -0.093548 3.500192 0.233753
v  -0.074090 3.494171 0.277794
v  -0.026513 3.482971 0.285778
v  0.002468 3.479432 0.249601
v  0.000937 3.482328 0.211280
v  -0.027288 3.544827 -0.247668
v  -0.008777 3.546591 -0.280771
v  0.030339 3.553677 -0.278941
v  0.044065 3.555153 -0.243607
v  0.027437 3.553765 -0.210740
v  -0.010067 3.547922 -0.211798
v  0.042352 3.525044 -0.205498
v  0.062556 3.527253 -0.239622
v  0.047604 3.524420 -0.273802
v  0.011082 3.519225 -0.277775
v  -0.009824 3.518003 -0.248122
v  0.001014 3.521180 -0.209378
v  0.072122 3.456197 -0.196279
v  0.096875 3.459742 -0.228731
v  0.088467 3.458664 -0.264496
v  0.049529 3.451998 -0.274939
v  0.024079 3.450020 -0.246898
v  0.031088 3.452075 -0.207798
v  0.069355 3.491725 -0.202853
v  0.080460 3.492677 -0.235564
v  0.068123 3.491557 -0.269897
v  0.029925 3.485794 -0.277211
v  0.005845 3.484398 -0.248679
v  0.004667 3.485394 -0.214239
v  0.049827 3.490643 -0.131328
v  0.032364 3.513893 -0.134298
v  0.003905 3.513108 -0.138666
v  -0.003650 3.486091 -0.140598
v  0.015700 3.463352 -0.137415
v  0.043015 3.465547 -0.132107
v  0.005610 3.484995 0.134148
v  -0.001982 3.512368 0.132520
v  -0.030815 3.513016 0.128097
v  -0.049711 3.491138 0.124378
v  -0.041663 3.465390 0.125633
v  -0.014124 3.463683 0.130960
v  -0.004882 3.469533 -0.027499
v  0.027788 3.489057 -0.020831
v  0.015228 3.508293 -0.023304
v  -0.007931 3.508746 -0.027088
v  -0.016497 3.488405 -0.029299
v  0.016707 3.469359 -0.023043
v  -0.014482 3.470507 0.015693
v  0.018560 3.488727 0.021413
v  0.008673 3.508354 0.018803
v  -0.013626 3.509212 0.014738
v  -0.024962 3.489523 0.013205
v  0.005953 3.471652 0.019954
v  0.015686 3.487823 0.066246
v  0.005495 3.512620 0.064127
v  -0.021875 3.513477 0.059571
v  -0.035898 3.490235 0.057022
v  -0.026288 3.465589 0.058605
v  0.000982 3.464172 0.063810
v  0.038643 3.489827 -0.064713
v  0.023704 3.513508 -0.067499
v  -0.004051 3.512521 -0.071916
v  -0.013698 3.487368 -0.073905
v  0.002750 3.465734 -0.071330
v  0.028915 3.465055 -0.066234
v  -0.007700 3.476733 -0.000684
v  -0.014377 3.488947 -0.002621
v  -0.007682 3.501901 -0.002032
v  0.006451 3.500320 0.001428
v  0.012185 3.488721 0.003230
v  0.005196 3.478363 0.002268
v  -0.012508 3.488541 -0.011098
v  -0.005444 3.476255 -0.009862
v  0.008220 3.477110 -0.007260
v  0.014840 3.488476 -0.005829
v  0.008272 3.500318 -0.007155
v  -0.005760 3.500743 -0.009865
v  -0.003186 3.592163 0.180838
v  -0.009573 3.618012 0.182031
v  0.012939 3.640726 0.179913
v  0.043927 3.637937 0.175527
v  0.048034 3.610472 0.176882
v  0.025848 3.587377 0.178969
v  -0.025302 3.585125 -0.181115
v  -0.047512 3.610135 -0.179023
v  -0.041110 3.639134 -0.177964
v  -0.011201 3.640961 -0.182409
v  0.010708 3.617730 -0.185375
v  0.003814 3.591843 -0.183670
v  0.095687 3.670563 0.226969
v  0.084056 3.673956 0.261966
v  0.049736 3.679181 0.274051
v  0.025582 3.680549 0.245083
v  0.035801 3.677665 0.210343
v  0.070722 3.673051 0.199610
v  0.017545 3.649277 0.208185
v  0.005448 3.653910 0.246632
v  0.031131 3.649936 0.276314
v  0.066736 3.644831 0.266110
v  0.080382 3.642416 0.232437
v  0.060049 3.645581 0.197978
v  -0.017926 3.583704 0.205135
v  -0.038928 3.590760 0.246169
v  -0.013307 3.586535 0.284046
v  0.031666 3.576914 0.282977
v  0.048664 3.573851 0.243396
v  0.027283 3.578004 0.206287
v  -0.016700 3.620671 0.210225
v  -0.017916 3.622002 0.247633
v  0.009540 3.617637 0.278715
v  0.049762 3.610984 0.274363
v  0.065208 3.608491 0.238507
v  0.055011 3.610492 0.205089
v  -0.100474 3.667458 -0.228733
v  -0.091932 3.670641 -0.275185
v  -0.045248 3.681319 -0.285230
v  -0.012791 3.686625 -0.251273
v  -0.031444 3.679298 -0.211131
v  -0.070908 3.671269 -0.194800
v  -0.012671 3.651950 -0.207280
v  0.002762 3.656323 -0.250398
v  -0.027176 3.651273 -0.285697
v  -0.074399 3.640346 -0.280527
v  -0.086873 3.638471 -0.234766
v  -0.058865 3.645058 -0.197236
v  0.016409 3.581439 -0.207947
v  0.030786 3.584432 -0.246826
v  0.012714 3.583009 -0.282806
v  -0.029827 3.574775 -0.282731
v  -0.047316 3.572204 -0.245075
v  -0.026680 3.577116 -0.208446
v  0.012713 3.617379 -0.213412
v  0.017601 3.619461 -0.249858
v  -0.005870 3.617554 -0.287051
v  -0.050427 3.608520 -0.279995
v  -0.069356 3.605091 -0.241128
v  -0.058293 3.607667 -0.204782
v  0.015141 3.617268 -0.139757
v  -0.004617 3.639638 -0.137748
v  -0.033118 3.637752 -0.134181
v  -0.040610 3.611547 -0.133904
v  -0.021531 3.590655 -0.136013
v  0.004879 3.592831 -0.138420
v  0.042691 3.610270 0.127552
v  0.034116 3.636007 0.127986
v  0.005195 3.639467 0.131705
v  -0.013358 3.616610 0.133581
v  -0.003524 3.591985 0.132443
v  0.023275 3.589351 0.129925
v  -0.011117 3.596993 -0.026055
v  0.018715 3.614530 -0.028531
v  0.009441 3.636152 -0.026219
v  -0.013850 3.632233 -0.024107
v  -0.022461 3.613298 -0.023935
v  0.008709 3.597342 -0.027983
v  -0.008728 3.595411 0.019157
v  0.024365 3.613459 0.014921
v  0.015821 3.633737 0.015280
v  -0.007835 3.633105 0.018517
v  -0.020435 3.613507 0.020246
v  0.012067 3.596339 0.017075
v  0.033112 3.611643 0.059261
v  0.022817 3.635410 0.060109
v  -0.004502 3.639071 0.063544
v  -0.018140 3.614887 0.065026
v  -0.007171 3.592341 0.063720
v  0.017919 3.591006 0.061266
v  0.018677 3.615295 -0.072720
v  0.004606 3.638827 -0.071127
v  -0.022340 3.636348 -0.068023
v  -0.032731 3.612976 -0.067202
v  -0.016775 3.591690 -0.069326
v  0.007715 3.594864 -0.071798
v  -0.007040 3.601226 0.001269
v  -0.014527 3.613047 0.002461
v  -0.006047 3.625004 0.001505
v  0.009462 3.626516 -0.001643
v  0.017642 3.614140 -0.002781
v  0.007725 3.602230 -0.000551
v  -0.017117 3.612898 -0.006226
v  -0.007852 3.600916 -0.008249
v  0.006716 3.602326 -0.010263
v  0.014722 3.614245 -0.011375
v  0.006714 3.626179 -0.009504
v  -0.008735 3.626519 -0.006679
v  0.047160 3.713306 0.174880
v  0.042849 3.741472 0.178557
v  0.062847 3.765930 0.169962
v  0.090153 3.763308 0.156816
v  0.094070 3.735935 0.157252
v  0.074307 3.713185 0.164910
v  -0.074809 3.711254 -0.165969
v  -0.096527 3.734667 -0.156792
v  -0.089684 3.764089 -0.158721
v  -0.060804 3.767016 -0.172015
v  -0.039530 3.743611 -0.181610
v  -0.048182 3.716902 -0.177945
v  0.156502 3.800841 0.190610
v  0.157262 3.803021 0.225896
v  0.125817 3.809267 0.247459
v  0.093443 3.810699 0.226998
v  0.093510 3.807777 0.190780
v  0.124687 3.803554 0.172066
v  0.076172 3.774568 0.194548
v  0.077779 3.777259 0.232763
v  0.107413 3.776425 0.256660
v  0.141364 3.770382 0.238275
v  0.143978 3.768461 0.200741
v  0.113112 3.771706 0.171835
v  0.045458 3.705814 0.202913
v  0.039911 3.709621 0.242899
v  0.067677 3.708152 0.269104
v  0.101980 3.702978 0.256159
v  0.111032 3.699769 0.220098
v  0.084795 3.701738 0.190151
v  0.049421 3.741768 0.206524
v  0.056784 3.743381 0.239996
v  0.087184 3.741251 0.263026
v  0.121494 3.735940 0.247753
v  0.129335 3.733240 0.210937
v  0.110677 3.734714 0.180878
v  -0.161981 3.797475 -0.189674
v  -0.162265 3.802366 -0.233111
v  -0.124897 3.810471 -0.253745
v  -0.087518 3.814380 -0.233346
v  -0.088066 3.810182 -0.191320
v  -0.124098 3.803020 -0.171676
v  -0.068793 3.779085 -0.195335
v  -0.068383 3.783585 -0.240893
v  -0.106343 3.778373 -0.265315
v  -0.147610 3.768797 -0.246769
v  -0.148371 3.765575 -0.201552
v  -0.112321 3.771496 -0.173293
v  -0.041602 3.708035 -0.205331
v  -0.027178 3.716284 -0.250973
v  -0.063764 3.710882 -0.280589
v  -0.108837 3.700194 -0.267759
v  -0.117482 3.695260 -0.221413
v  -0.085663 3.698578 -0.186770
v  -0.042485 3.745115 -0.209107
v  -0.046267 3.749622 -0.248443
v  -0.084969 3.743681 -0.272955
v  -0.128324 3.733812 -0.258405
v  -0.134109 3.730338 -0.212774
v  -0.114159 3.732062 -0.178353
v  -0.024250 3.741972 -0.138249
v  -0.042816 3.764007 -0.130555
v  -0.070513 3.764801 -0.118627
v  -0.076516 3.736414 -0.116740
v  -0.058685 3.715279 -0.124396
v  -0.033303 3.715675 -0.134604
v  0.075793 3.736614 0.111313
v  0.069387 3.764888 0.113233
v  0.041962 3.764019 0.125305
v  0.023328 3.741543 0.132856
v  0.031857 3.714903 0.128786
v  0.057568 3.715231 0.118802
v  -0.018482 3.720465 -0.020915
v  0.009961 3.739197 -0.032342
v  0.000532 3.758000 -0.028008
v  -0.020428 3.759461 -0.018224
v  -0.029928 3.738173 -0.015468
v  0.000828 3.721252 -0.028633
v  -0.003677 3.719957 0.020971
v  0.026050 3.738505 0.009524
v  0.017525 3.757994 0.011770
v  -0.003470 3.757785 0.020556
v  -0.014178 3.738691 0.024922
v  0.015680 3.722546 0.014146
v  0.048416 3.738141 0.048128
v  0.038361 3.762306 0.051676
v  0.012439 3.764555 0.062656
v  -0.001201 3.739962 0.068185
v  0.009168 3.716256 0.063861
v  0.033163 3.717068 0.054665
v  -0.001935 3.740355 -0.074995
v  -0.015902 3.763257 -0.069311
v  -0.042959 3.765164 -0.057453
v  -0.049367 3.737779 -0.055678
v  -0.035230 3.717155 -0.061825
v  -0.011212 3.716181 -0.071119
v  -0.006603 3.726326 0.003369
v  -0.014631 3.738254 0.006222
v  -0.007308 3.750832 0.003570
v  0.006188 3.749542 -0.001659
v  0.013079 3.738374 -0.004418
v  0.006885 3.727060 -0.001942
v  -0.017107 3.738305 -0.001820
v  -0.009513 3.726720 -0.005359
v  0.003056 3.727966 -0.010940
v  0.009524 3.738759 -0.013329
v  0.003456 3.750791 -0.010230
v  -0.010091 3.751158 -0.004276
v  0.136055 3.983451 0.117745
v  0.134588 4.011109 0.124103
v  0.147374 4.036882 0.105512
v  0.163609 4.031709 0.079358
v  0.167099 4.004336 0.075889
v  0.153803 3.977378 0.091917
v  -0.155560 3.980209 -0.096248
v  -0.167161 4.004360 -0.077965
v  -0.163917 4.034819 -0.077450
v  -0.147285 4.037625 -0.107671
v  -0.135338 4.011433 -0.127208
v  -0.138290 3.984189 -0.120559
v  0.239122 4.068055 0.065264
v  0.263393 4.071689 0.098078
v  0.246608 4.079656 0.135708
v  0.205755 4.082726 0.139693
v  0.183709 4.078698 0.105959
v  0.200608 4.072060 0.069821
v  0.207642 3.934071 0.134533
v  0.225112 3.935853 0.173548
v  0.196680 3.943879 0.205157
v  0.153691 3.948030 0.194913
v  0.143838 3.943263 0.154928
v  0.168507 3.936986 0.125210
v  0.171637 4.045324 0.118730
v  0.195725 4.049835 0.153920
v  0.240242 4.048903 0.158698
v  0.257104 4.039299 0.117948
v  0.234416 4.036359 0.082757
v  0.191903 4.040101 0.078093
v  0.147996 3.974491 0.143636
v  0.166099 3.981590 0.186543
v  0.212281 3.977399 0.193239
v  0.239787 3.968220 0.158089
v  0.217950 3.965987 0.118442
v  0.175127 3.967761 0.107465
v  0.154616 4.012547 0.145506
v  0.181834 4.015949 0.172557
v  0.227561 4.013144 0.177546
v  0.249697 4.003911 0.138568
v  0.228432 4.001282 0.100284
v  0.194852 4.002281 0.084264
v  -0.235307 4.070539 -0.070855
v  -0.256348 4.072823 -0.101109
v  -0.244303 4.077461 -0.135572
v  -0.206431 4.079337 -0.136837
v  -0.184082 4.077119 -0.106533
v  -0.198059 4.072506 -0.071989
v  -0.205285 3.935006 -0.136517
v  -0.217848 3.937589 -0.173563
v  -0.192856 3.943422 -0.201916
v  -0.157400 3.944196 -0.190407
v  -0.142837 3.942974 -0.155368
v  -0.167901 3.937788 -0.126930
v  -0.171170 4.044625 -0.120262
v  -0.195080 4.046970 -0.151737
v  -0.233737 4.045046 -0.152682
v  -0.250677 4.039747 -0.119255
v  -0.230673 4.037751 -0.085465
v  -0.189191 4.041341 -0.077977
v  -0.147736 3.974204 -0.144815
v  -0.169744 3.976320 -0.179778
v  -0.206618 3.975780 -0.187666
v  -0.228876 3.970209 -0.157167
v  -0.214421 3.967767 -0.121998
v  -0.176711 3.970474 -0.112176
v  -0.155374 4.011233 -0.145983
v  -0.181976 4.012092 -0.168791
v  -0.220253 4.010684 -0.170931
v  -0.240049 4.005051 -0.138523
v  -0.224808 4.002275 -0.102886
v  -0.193476 4.003285 -0.087535
v  -0.097613 4.010404 -0.100417
v  -0.107746 4.035719 -0.084723
v  -0.124853 4.035889 -0.056869
v  -0.127796 4.005494 -0.054072
v  -0.117754 3.983644 -0.070112
v  -0.101770 3.983145 -0.093453
v  0.127165 4.004738 0.047461
v  0.121486 4.031575 0.055579
v  0.105440 4.035154 0.080762
v  0.094519 4.011336 0.096762
v  0.099662 3.985187 0.088088
v  0.115099 3.985056 0.065461
v  -0.025641 3.991579 -0.008769
v  -0.008520 4.008479 -0.033215
v  -0.014011 4.027866 -0.023397
v  -0.026587 4.029107 -0.002830
v  -0.031780 4.007601 0.002094
v  -0.014509 3.991029 -0.024915
v  0.010328 3.990240 0.018786
v  0.028724 4.007992 -0.010258
v  0.022565 4.028276 -0.002065
v  0.009333 4.028731 0.018353
v  0.002070 4.008579 0.029569
v  0.022180 3.991217 0.002038
v  0.069237 4.006398 0.010153
v  0.062779 4.032286 0.019347
v  0.046831 4.033948 0.044046
v  0.038308 4.009535 0.057066
v  0.044188 3.984279 0.048075
v  0.058976 3.987773 0.026736
v  -0.042156 4.009498 -0.062264
v  -0.050950 4.033120 -0.048886
v  -0.066066 4.032865 -0.024969
v  -0.070834 4.006932 -0.019073
v  -0.062887 3.985757 -0.031674
v  -0.048083 3.984867 -0.053062
v  -0.001014 3.997308 0.004451
v  -0.006583 4.008426 0.011524
v  -0.002138 4.019629 0.005212
v  0.005601 4.019779 -0.007526
v  0.009844 4.007779 -0.013865
v  0.006233 3.996794 -0.006419
v  -0.012887 4.008083 0.004599
v  -0.009235 3.997400 -0.001634
v  -0.001737 3.996378 -0.012458
v  0.001789 4.007702 -0.017881
v  -0.001768 4.019496 -0.011420
v  -0.009291 4.020451 0.001365
v  0.098174 3.850751 0.152839
v  0.093299 3.876170 0.157279
v  0.109190 3.901165 0.143084
v  0.132589 3.896556 0.123852
v  0.139216 3.868738 0.120088
v  0.121201 3.845243 0.134611
v  -0.120215 3.844913 -0.138919
v  -0.136574 3.870054 -0.125637
v  -0.132930 3.898649 -0.125799
v  -0.108712 3.901236 -0.146651
v  -0.091097 3.877457 -0.161913
v  -0.095853 3.848670 -0.157072
v  0.124658 3.913258 0.163138
v  0.141676 3.913312 0.201598
v  0.179981 3.910685 0.215120
v  0.211918 3.902644 0.188511
v  0.197312 3.902523 0.149160
v  0.158834 3.905724 0.133450
v  0.101824 3.839967 0.180908
v  0.109982 3.842221 0.219232
v  0.143087 3.840202 0.234477
v  0.173772 3.834932 0.213553
v  0.170930 3.832411 0.177603
v  0.137319 3.834278 0.155870
v  0.107123 3.876552 0.182618
v  0.126339 3.876772 0.211428
v  0.161255 3.875579 0.226640
v  0.190599 3.869487 0.201163
v  0.185693 3.867836 0.163643
v  0.161111 3.868114 0.138773
v  -0.125133 3.912454 -0.165437
v  -0.141869 3.912575 -0.202228
v  -0.177641 3.911518 -0.217417
v  -0.205350 3.905004 -0.189076
v  -0.195198 3.903100 -0.150435
v  -0.157726 3.906042 -0.134663
v  -0.099585 3.841032 -0.183470
v  -0.102739 3.846605 -0.226087
v  -0.141266 3.841625 -0.239140
v  -0.173437 3.835498 -0.217309
v  -0.173157 3.831168 -0.177821
v  -0.136086 3.836034 -0.159709
v  -0.105637 3.877260 -0.185413
v  -0.122956 3.878654 -0.215111
v  -0.159063 3.875667 -0.226624
v  -0.188850 3.870382 -0.203353
v  -0.184504 3.868115 -0.165281
v  -0.160235 3.868033 -0.140385
v  -0.064279 3.875661 -0.124509
v  -0.078839 3.899181 -0.112531
v  -0.102256 3.899063 -0.092810
v  -0.108540 3.869424 -0.088404
v  -0.092171 3.848208 -0.102143
v  -0.070038 3.848761 -0.119532
v  0.106677 3.869568 0.083089
v  0.099034 3.894550 0.088947
v  0.076952 3.899607 0.107319
v  0.061756 3.876006 0.120002
v  0.069105 3.850794 0.113647
v  0.091585 3.847188 0.095565
v  -0.022207 3.855618 -0.015676
v  0.006428 3.874363 -0.036619
v  -0.004081 3.895579 -0.028459
v  -0.024060 3.894483 -0.012021
v  -0.031350 3.872694 -0.007801
v  -0.004519 3.853421 -0.028390
v  0.004471 3.856005 0.020581
v  0.029329 3.872395 -0.000165
v  0.021537 3.890885 0.006036
v  0.005343 3.891894 0.019721
v  -0.003084 3.873982 0.026693
v  0.020451 3.855355 0.007589
v  0.061503 3.870913 0.031154
v  0.053843 3.895522 0.037040
v  0.033088 3.896199 0.054691
v  0.019169 3.875334 0.065942
v  0.028286 3.850739 0.058255
v  0.049286 3.849576 0.041510
v  -0.021998 3.874583 -0.072279
v  -0.034035 3.898740 -0.062542
v  -0.057021 3.899228 -0.042721
v  -0.063614 3.871667 -0.038198
v  -0.051612 3.848373 -0.048281
v  -0.029070 3.848090 -0.066087
v  -0.003284 3.862585 0.004033
v  -0.010068 3.874135 0.008899
v  -0.005723 3.888917 0.004808
v  0.007553 3.886774 -0.005141
v  0.013531 3.873600 -0.010075
v  0.007094 3.861825 -0.004495
v  -0.014934 3.873998 0.000562
v  -0.009188 3.862443 -0.004073
v  0.001826 3.861958 -0.012044
v  0.009157 3.874150 -0.016921
v  0.003513 3.887802 -0.012295
v  -0.009885 3.886634 -0.002971
v  0.169682 4.120533 0.068613
v  0.167923 4.145755 0.075776
v  0.172669 4.172007 0.056467
v  0.180322 4.168005 0.025082
v  0.183513 4.137528 0.020090
v  0.177507 4.115553 0.042624
v  -0.176539 4.115795 -0.046603
v  -0.182662 4.138512 -0.025784
v  -0.178970 4.166275 -0.028546
v  -0.171589 4.170565 -0.058879
v  -0.167218 4.144353 -0.079165
v  -0.167533 4.116657 -0.073800
v  0.249216 4.204628 -0.001846
v  0.279750 4.208428 0.016213
v  0.272772 4.214584 0.052288
v  0.237961 4.217614 0.066776
v  0.207672 4.214370 0.044640
v  0.215979 4.207320 0.009706
v  0.199600 4.179963 0.061707
v  0.232262 4.182775 0.085935
v  0.267987 4.179276 0.072399
v  0.277314 4.173534 0.035846
v  0.247443 4.172482 0.011917
v  0.207775 4.175646 0.019830
v  0.188332 4.109981 0.091267
v  0.215000 4.115147 0.124703
v  0.253651 4.110956 0.115207
v  0.267562 4.104291 0.078483
v  0.243318 4.100337 0.046948
v  0.203121 4.104066 0.051042
v  0.194466 4.145135 0.087969
v  0.224743 4.147604 0.104845
v  0.260927 4.144499 0.093025
v  0.271655 4.138995 0.057186
v  0.246820 4.136619 0.028671
v  0.212354 4.137491 0.023665
v  -0.244812 4.202659 0.000841
v  -0.278488 4.206005 -0.019142
v  -0.277718 4.218170 -0.060635
v  -0.237019 4.220642 -0.073354
v  -0.202899 4.216154 -0.046170
v  -0.208542 4.206686 -0.008502
v  -0.195276 4.180939 -0.065363
v  -0.230114 4.183517 -0.091279
v  -0.270168 4.179081 -0.077658
v  -0.274242 4.173333 -0.038959
v  -0.245880 4.170052 -0.011969
v  -0.202234 4.174191 -0.018992
v  -0.187380 4.108372 -0.093000
v  -0.215261 4.111001 -0.121814
v  -0.253135 4.109860 -0.118307
v  -0.261962 4.105196 -0.082469
v  -0.239969 4.102464 -0.053441
v  -0.200977 4.103850 -0.053770
v  -0.191955 4.145271 -0.091956
v  -0.223094 4.147089 -0.108731
v  -0.263343 4.145010 -0.100296
v  -0.268363 4.139216 -0.061016
v  -0.245635 4.135092 -0.030032
v  -0.210302 4.138501 -0.028421
v  -0.122860 4.143694 -0.065709
v  -0.127508 4.168800 -0.048820
v  -0.135135 4.164375 -0.020850
v  -0.138094 4.138555 -0.012803
v  -0.132771 4.116033 -0.031560
v  -0.123912 4.115973 -0.059730
v  0.135988 4.138197 0.006572
v  0.132967 4.166454 0.015951
v  0.125402 4.168848 0.044691
v  0.120357 4.144977 0.062229
v  0.123339 4.121466 0.051862
v  0.130705 4.116712 0.026676
v  -0.026220 4.124411 -0.000049
v  -0.017447 4.142436 -0.028761
v  -0.020317 4.161622 -0.018220
v  -0.026380 4.160004 0.002405
v  -0.029283 4.141269 0.012018
v  -0.020058 4.123415 -0.018997
v  0.015463 4.123322 0.015253
v  0.024612 4.141834 -0.017658
v  0.021251 4.163099 -0.008404
v  0.014470 4.165581 0.016081
v  0.011865 4.142729 0.026520
v  0.021676 4.122349 -0.005983
v  0.068843 4.140300 -0.008758
v  0.065790 4.165008 0.000912
v  0.058878 4.165794 0.026822
v  0.054143 4.143178 0.043279
v  0.057604 4.120131 0.031237
v  0.065025 4.117484 0.005911
v  -0.058482 4.143117 -0.045813
v  -0.062934 4.164929 -0.030912
v  -0.069905 4.163923 -0.005738
v  -0.073019 4.140016 0.004172
v  -0.068902 4.116755 -0.010598
v  -0.060609 4.117797 -0.036944
v  0.000142 4.130801 0.005662
v  -0.002782 4.143206 0.013616
v  -0.001262 4.157444 0.007969
v  0.003067 4.156629 -0.008047
v  0.005856 4.142608 -0.015059
v  0.004065 4.130291 -0.007516
v  -0.010933 4.142493 0.009682
v  -0.008690 4.129958 0.002866
v  -0.004539 4.129498 -0.010626
v  -0.002398 4.142394 -0.018161
v  -0.005184 4.155063 -0.009420
v  -0.009323 4.156823 0.005928
v  0.222851 4.232653 0.026949
v  0.241692 4.235927 0.031548
v  0.262343 4.234436 0.029917
v  0.264839 4.230126 0.013448
v  0.245572 4.229049 0.007162
v  0.225859 4.228358 0.009978
v  -0.218838 4.237408 -0.028651
v  -0.241249 4.243972 -0.036060
v  -0.268273 4.241591 -0.032848
v  -0.267952 4.232998 -0.012142
v  -0.244325 4.232280 -0.001951
v  -0.221025 4.231228 -0.006162
v  -0.243021 -0.005660 -0.028719
v  0.242449 0.003295 0.027673
# 3590 vertices

vt 0.247410 0.517250 0.000000
vt 0.233400 0.518920 0.000000
vt 0.230920 0.529540 0.000000
vt 0.248680 0.526770 0.000000
vt 0.249970 0.567180 0.000000
vt 0.231490 0.566660 0.000000
vt 0.234100 0.577540 0.000000
vt 0.248320 0.578720 0.000000
vt 0.251390 0.557870 0.000000
vt 0.232240 0.557350 0.000000
vt 0.252170 0.548450 0.000000
vt 0.232560 0.548390 0.000000
vt 0.250390 0.536620 0.000000
vt 0.231870 0.539030 0.000000
vt 0.638830 0.160250 0.000000
vt 0.647560 0.161080 0.000000
vt 0.646880 0.173970 0.000000
vt 0.636770 0.173190 0.000000
vt 0.040670 0.434330 0.000000
vt 0.031340 0.434330 0.000000
vt 0.031920 0.421680 0.000000
vt 0.040130 0.421680 0.000000
vt 0.040130 0.447000 0.000000
vt 0.031920 0.447000 0.000000
vt 0.638060 0.199700 0.000000
vt 0.648700 0.200790 0.000000
vt 0.648300 0.213840 0.000000
vt 0.640080 0.212990 0.000000
vt 0.636450 0.186350 0.000000
vt 0.646670 0.187190 0.000000
vt 0.660750 0.162630 0.000000
vt 0.657550 0.174770 0.000000
vt 0.021280 0.434330 0.000000
vt 0.021670 0.421680 0.000000
vt 0.021670 0.447000 0.000000
vt 0.659920 0.205430 0.000000
vt 0.660910 0.215310 0.000000
vt 0.655860 0.184880 0.000000
vt 0.679770 0.165540 0.000000
vt 0.673250 0.177550 0.000000
vt 0.667380 0.176520 0.000000
vt 0.673350 0.164440 0.000000
vt 0.002000 0.434330 0.000000
vt 0.002000 0.421680 0.000000
vt 0.009740 0.421680 0.000000
vt 0.010910 0.434330 0.000000
vt 0.002000 0.447000 0.000000
vt 0.009740 0.447000 0.000000
vt 0.678350 0.203600 0.000000
vt 0.679330 0.217350 0.000000
vt 0.673030 0.216720 0.000000
vt 0.668850 0.203150 0.000000
vt 0.673170 0.191010 0.000000
vt 0.665900 0.189600 0.000000
vt 0.644020 0.367610 0.000000
vt 0.653790 0.367610 0.000000
vt 0.653190 0.380550 0.000000
vt 0.644640 0.380550 0.000000
vt 0.644020 0.354680 0.000000
vt 0.653790 0.354680 0.000000
vt 0.644640 0.341740 0.000000
vt 0.653190 0.341740 0.000000
vt 0.642740 0.316420 0.000000
vt 0.653370 0.317620 0.000000
vt 0.652890 0.330750 0.000000
vt 0.644620 0.329740 0.000000
vt 0.640530 0.303030 0.000000
vt 0.650650 0.304030 0.000000
vt 0.638790 0.289680 0.000000
vt 0.647050 0.290640 0.000000
vt 0.663910 0.367610 0.000000
vt 0.663500 0.380550 0.000000
vt 0.663910 0.354680 0.000000
vt 0.663500 0.341740 0.000000
vt 0.664610 0.322180 0.000000
vt 0.665620 0.332120 0.000000
vt 0.659600 0.291930 0.000000
vt 0.659950 0.301770 0.000000
vt 0.683380 0.367630 0.000000
vt 0.683380 0.380550 0.000000
vt 0.675530 0.380550 0.000000
vt 0.674130 0.367610 0.000000
vt 0.683380 0.354680 0.000000
vt 0.674130 0.354680 0.000000
vt 0.683380 0.341740 0.000000
vt 0.675530 0.341740 0.000000
vt 0.683000 0.320350 0.000000
vt 0.683680 0.334030 0.000000
vt 0.677580 0.333280 0.000000
vt 0.673510 0.319820 0.000000
vt 0.678240 0.307540 0.000000
vt 0.670520 0.306300 0.000000
vt 0.677840 0.294020 0.000000
vt 0.671680 0.293260 0.000000
vt 0.659140 0.306210 0.000000
vt 0.652260 0.307330 0.000000
vt 0.655760 0.314510 0.000000
vt 0.665580 0.317780 0.000000
vt 0.672480 0.316640 0.000000
vt 0.668930 0.309490 0.000000
vt 0.650910 0.197600 0.000000
vt 0.660900 0.201120 0.000000
vt 0.667910 0.200050 0.000000
vt 0.663990 0.192850 0.000000
vt 0.654130 0.189090 0.000000
vt 0.647170 0.190300 0.000000
vt 0.135350 0.519740 0.000000
vt 0.133610 0.531500 0.000000
vt 0.150190 0.532400 0.000000
vt 0.147210 0.521610 0.000000
vt 0.134910 0.571420 0.000000
vt 0.135520 0.582060 0.000000
vt 0.147450 0.580140 0.000000
vt 0.150530 0.569100 0.000000
vt 0.132230 0.561350 0.000000
vt 0.149630 0.559570 0.000000
vt 0.131200 0.550320 0.000000
vt 0.149070 0.550490 0.000000
vt 0.131960 0.541580 0.000000
vt 0.149450 0.541750 0.000000
vt 0.203760 0.524300 0.000000
vt 0.212390 0.532840 0.000000
vt 0.212420 0.564750 0.000000
vt 0.203730 0.573720 0.000000
vt 0.214750 0.556660 0.000000
vt 0.215290 0.548850 0.000000
vt 0.214720 0.540950 0.000000
vt 0.176160 0.525800 0.000000
vt 0.167900 0.534510 0.000000
vt 0.180240 0.536960 0.000000
vt 0.186090 0.531760 0.000000
vt 0.167840 0.565840 0.000000
vt 0.175900 0.574020 0.000000
vt 0.185390 0.567820 0.000000
vt 0.179950 0.562720 0.000000
vt 0.165670 0.557880 0.000000
vt 0.178060 0.556400 0.000000
vt 0.165150 0.550140 0.000000
vt 0.177680 0.549820 0.000000
vt 0.165670 0.542470 0.000000
vt 0.178180 0.543260 0.000000
vt 0.190750 0.534270 0.000000
vt 0.188780 0.534610 0.000000
vt 0.187230 0.538350 0.000000
vt 0.192490 0.538060 0.000000
vt 0.192110 0.560850 0.000000
vt 0.186900 0.560950 0.000000
vt 0.188450 0.564840 0.000000
vt 0.190260 0.564710 0.000000
vt 0.192960 0.555410 0.000000
vt 0.186330 0.555540 0.000000
vt 0.193250 0.549440 0.000000
vt 0.186270 0.549600 0.000000
vt 0.193170 0.543470 0.000000
vt 0.186510 0.543690 0.000000
vt 0.193890 0.530610 0.000000
vt 0.199680 0.536060 0.000000
vt 0.199350 0.562370 0.000000
vt 0.193160 0.568040 0.000000
vt 0.201540 0.555890 0.000000
vt 0.202100 0.549220 0.000000
vt 0.201700 0.542520 0.000000
vt 0.134200 0.706490 0.000000
vt 0.147970 0.704840 0.000000
vt 0.150910 0.694610 0.000000
vt 0.132620 0.696050 0.000000
vt 0.132580 0.659450 0.000000
vt 0.151270 0.659810 0.000000
vt 0.148700 0.648770 0.000000
vt 0.134850 0.647060 0.000000
vt 0.131140 0.668590 0.000000
vt 0.150440 0.668900 0.000000
vt 0.130510 0.676970 0.000000
vt 0.150000 0.677230 0.000000
vt 0.131220 0.687680 0.000000
vt 0.150320 0.685790 0.000000
vt 0.595560 0.157230 0.000000
vt 0.604200 0.157680 0.000000
vt 0.604170 0.170550 0.000000
vt 0.594010 0.170210 0.000000
vt 0.081370 0.434330 0.000000
vt 0.071910 0.434330 0.000000
vt 0.072480 0.421680 0.000000
vt 0.080860 0.421680 0.000000
vt 0.080860 0.447000 0.000000
vt 0.072480 0.447000 0.000000
vt 0.596160 0.196720 0.000000
vt 0.606840 0.197440 0.000000
vt 0.606880 0.210550 0.000000
vt 0.598580 0.209990 0.000000
vt 0.594150 0.183400 0.000000
vt 0.604490 0.183830 0.000000
vt 0.617300 0.158500 0.000000
vt 0.615150 0.170800 0.000000
vt 0.061680 0.434330 0.000000
vt 0.062180 0.421680 0.000000
vt 0.062180 0.447000 0.000000
vt 0.618260 0.201570 0.000000
vt 0.619530 0.211390 0.000000
vt 0.613960 0.181010 0.000000
vt 0.626370 0.172090 0.000000
vt 0.629800 0.159450 0.000000
vt 0.050190 0.421680 0.000000
vt 0.050770 0.434330 0.000000
vt 0.050190 0.447000 0.000000
vt 0.631480 0.212240 0.000000
vt 0.627720 0.198910 0.000000
vt 0.625170 0.185280 0.000000
vt 0.602920 0.367610 0.000000
vt 0.612680 0.367610 0.000000
vt 0.611980 0.380550 0.000000
vt 0.603570 0.380550 0.000000
vt 0.602920 0.354680 0.000000
vt 0.612680 0.354680 0.000000
vt 0.603570 0.341740 0.000000
vt 0.611980 0.341740 0.000000
vt 0.601250 0.312820 0.000000
vt 0.611930 0.313730 0.000000
vt 0.611790 0.326850 0.000000
vt 0.603520 0.326120 0.000000
vt 0.598730 0.299460 0.000000
vt 0.608970 0.300180 0.000000
vt 0.596580 0.286150 0.000000
vt 0.604990 0.286820 0.000000
vt 0.622970 0.367610 0.000000
vt 0.622330 0.380550 0.000000
vt 0.622970 0.354680 0.000000
vt 0.622330 0.341740 0.000000
vt 0.623310 0.317960 0.000000
vt 0.624450 0.327810 0.000000
vt 0.617690 0.287780 0.000000
vt 0.618460 0.297620 0.000000
vt 0.634460 0.380550 0.000000
vt 0.633760 0.367610 0.000000
vt 0.633760 0.354680 0.000000
vt 0.634460 0.341740 0.000000
vt 0.636240 0.328720 0.000000
vt 0.632640 0.315470 0.000000
vt 0.629830 0.301900 0.000000
vt 0.630020 0.288650 0.000000
vt 0.617680 0.302090 0.000000
vt 0.610760 0.303460 0.000000
vt 0.614120 0.310660 0.000000
vt 0.624040 0.313480 0.000000
vt 0.630960 0.312120 0.000000
vt 0.627600 0.304920 0.000000
vt 0.608800 0.194330 0.000000
vt 0.618900 0.197230 0.000000
vt 0.625880 0.195600 0.000000
vt 0.622350 0.188270 0.000000
vt 0.612240 0.185310 0.000000
vt 0.605240 0.187000 0.000000
vt 0.246720 0.704550 0.000000
vt 0.248210 0.693670 0.000000
vt 0.231830 0.693070 0.000000
vt 0.234880 0.703050 0.000000
vt 0.248520 0.657870 0.000000
vt 0.247710 0.649030 0.000000
vt 0.235890 0.650460 0.000000
vt 0.232350 0.659630 0.000000
vt 0.249770 0.666560 0.000000
vt 0.232690 0.668110 0.000000
vt 0.250330 0.676970 0.000000
vt 0.232930 0.676440 0.000000
vt 0.249840 0.684820 0.000000
vt 0.232510 0.684460 0.000000
vt 0.178140 0.700340 0.000000
vt 0.169880 0.692060 0.000000
vt 0.170450 0.661860 0.000000
vt 0.179160 0.653310 0.000000
vt 0.168060 0.669680 0.000000
vt 0.167430 0.677020 0.000000
vt 0.167810 0.684370 0.000000
vt 0.206270 0.699860 0.000000
vt 0.214300 0.691260 0.000000
vt 0.202050 0.688990 0.000000
vt 0.196120 0.694450 0.000000
vt 0.214900 0.661830 0.000000
vt 0.207280 0.653520 0.000000
vt 0.197280 0.658840 0.000000
vt 0.202700 0.664260 0.000000
vt 0.216750 0.669320 0.000000
vt 0.204460 0.670410 0.000000
vt 0.217080 0.676520 0.000000
vt 0.204740 0.676630 0.000000
vt 0.216490 0.683680 0.000000
vt 0.204170 0.682840 0.000000
vt 0.192050 0.691540 0.000000
vt 0.193270 0.691460 0.000000
vt 0.195190 0.687580 0.000000
vt 0.190140 0.687710 0.000000
vt 0.190790 0.665810 0.000000
vt 0.195800 0.665790 0.000000
vt 0.194080 0.661760 0.000000
vt 0.192940 0.662040 0.000000
vt 0.189850 0.671100 0.000000
vt 0.196340 0.671060 0.000000
vt 0.189510 0.676770 0.000000
vt 0.196340 0.676710 0.000000
vt 0.189520 0.682440 0.000000
vt 0.196020 0.682340 0.000000
vt 0.188730 0.695170 0.000000
vt 0.182910 0.689430 0.000000
vt 0.183600 0.664250 0.000000
vt 0.189960 0.658430 0.000000
vt 0.181330 0.670550 0.000000
vt 0.180710 0.676860 0.000000
vt 0.181010 0.683170 0.000000
vt 0.132580 0.770980 0.000000
vt 0.146930 0.769610 0.000000
vt 0.150010 0.759750 0.000000
vt 0.131950 0.761820 0.000000
vt 0.132210 0.723570 0.000000
vt 0.150520 0.724240 0.000000
vt 0.147830 0.713870 0.000000
vt 0.133550 0.712480 0.000000
vt 0.131420 0.732790 0.000000
vt 0.149920 0.733220 0.000000
vt 0.130720 0.741310 0.000000
vt 0.149490 0.741830 0.000000
vt 0.130980 0.752310 0.000000
vt 0.149640 0.750770 0.000000
vt 0.552480 0.155670 0.000000
vt 0.561070 0.155860 0.000000
vt 0.561420 0.168710 0.000000
vt 0.551280 0.168670 0.000000
vt 0.122250 0.434330 0.000000
vt 0.112750 0.434330 0.000000
vt 0.113320 0.421680 0.000000
vt 0.121740 0.421680 0.000000
vt 0.121740 0.447000 0.000000
vt 0.113320 0.447000 0.000000
vt 0.554170 0.195110 0.000000
vt 0.564870 0.195500 0.000000
vt 0.565290 0.208630 0.000000
vt 0.556960 0.208310 0.000000
vt 0.551800 0.181850 0.000000
vt 0.562130 0.181970 0.000000
vt 0.574130 0.156260 0.000000
vt 0.572370 0.168600 0.000000
vt 0.102480 0.434330 0.000000
vt 0.102990 0.421680 0.000000
vt 0.102990 0.447000 0.000000
vt 0.576410 0.199270 0.000000
vt 0.577990 0.209050 0.000000
vt 0.571510 0.178840 0.000000
vt 0.583600 0.169500 0.000000
vt 0.586590 0.156780 0.000000
vt 0.090960 0.421680 0.000000
vt 0.091530 0.434330 0.000000
vt 0.090960 0.447000 0.000000
vt 0.589960 0.209500 0.000000
vt 0.585790 0.196290 0.000000
vt 0.582840 0.182730 0.000000
vt 0.561800 0.367610 0.000000
vt 0.571580 0.367610 0.000000
vt 0.570880 0.380550 0.000000
vt 0.562460 0.380550 0.000000
vt 0.561800 0.354680 0.000000
vt 0.571580 0.354680 0.000000
vt 0.562460 0.341740 0.000000
vt 0.570880 0.341740 0.000000
vt 0.559550 0.309800 0.000000
vt 0.570260 0.310550 0.000000
vt 0.570270 0.323620 0.000000
vt 0.562050 0.323020 0.000000
vt 0.556790 0.296500 0.000000
vt 0.567070 0.297060 0.000000
vt 0.554420 0.283210 0.000000
vt 0.562890 0.283760 0.000000
vt 0.581880 0.367610 0.000000
vt 0.581240 0.380550 0.000000
vt 0.581880 0.354680 0.000000
vt 0.581240 0.341740 0.000000
vt 0.581730 0.314690 0.000000
vt 0.582920 0.324540 0.000000
vt 0.575660 0.284570 0.000000
vt 0.576540 0.294420 0.000000
vt 0.593370 0.380550 0.000000
vt 0.592660 0.367610 0.000000
vt 0.592660 0.354680 0.000000
vt 0.593370 0.341740 0.000000
vt 0.594920 0.325420 0.000000
vt 0.591070 0.312110 0.000000
vt 0.587990 0.298580 0.000000
vt 0.587890 0.285440 0.000000
vt 0.575810 0.298890 0.000000
vt 0.568900 0.300280 0.000000
vt 0.572480 0.307400 0.000000
vt 0.582440 0.310210 0.000000
vt 0.589340 0.308830 0.000000
vt 0.585790 0.301690 0.000000
vt 0.566720 0.192360 0.000000
vt 0.576900 0.194920 0.000000
vt 0.583830 0.193030 0.000000
vt 0.580150 0.185780 0.000000
vt 0.569940 0.183210 0.000000
vt 0.562990 0.185130 0.000000
vt 0.247140 0.768260 0.000000
vt 0.248810 0.757620 0.000000
vt 0.231620 0.757390 0.000000
vt 0.234950 0.767130 0.000000
vt 0.247600 0.721540 0.000000
vt 0.247570 0.712190 0.000000
vt 0.235090 0.712620 0.000000
vt 0.231480 0.723180 0.000000
vt 0.249240 0.730780 0.000000
vt 0.231890 0.732140 0.000000
vt 0.250120 0.741310 0.000000
vt 0.232260 0.740770 0.000000
vt 0.249670 0.749180 0.000000
vt 0.232010 0.748920 0.000000
vt 0.177070 0.764740 0.000000
vt 0.168780 0.757150 0.000000
vt 0.169310 0.726150 0.000000
vt 0.177900 0.717950 0.000000
vt 0.167030 0.733990 0.000000
vt 0.166440 0.741710 0.000000
vt 0.166770 0.749460 0.000000
vt 0.205540 0.763970 0.000000
vt 0.213540 0.755930 0.000000
vt 0.201000 0.754160 0.000000
vt 0.195220 0.760070 0.000000
vt 0.213810 0.725750 0.000000
vt 0.206160 0.718430 0.000000
vt 0.195990 0.722570 0.000000
vt 0.201430 0.728120 0.000000
vt 0.215690 0.733360 0.000000
vt 0.203190 0.734440 0.000000
vt 0.216060 0.740900 0.000000
vt 0.203480 0.741080 0.000000
vt 0.215580 0.748340 0.000000
vt 0.202980 0.747720 0.000000
vt 0.190610 0.757230 0.000000
vt 0.192280 0.757170 0.000000
vt 0.193980 0.752980 0.000000
vt 0.188830 0.753120 0.000000
vt 0.189270 0.729660 0.000000
vt 0.194400 0.729590 0.000000
vt 0.192810 0.725500 0.000000
vt 0.191150 0.725620 0.000000
vt 0.188430 0.735220 0.000000
vt 0.194940 0.735120 0.000000
vt 0.188140 0.741380 0.000000
vt 0.194970 0.741230 0.000000
vt 0.188200 0.747540 0.000000
vt 0.194720 0.747370 0.000000
vt 0.187220 0.760090 0.000000
vt 0.181620 0.754660 0.000000
vt 0.182130 0.728320 0.000000
vt 0.188100 0.722730 0.000000
vt 0.180000 0.734770 0.000000
vt 0.179440 0.741530 0.000000
vt 0.179760 0.748290 0.000000
vt 0.259490 0.769360 0.000000
vt 0.273530 0.768470 0.000000
vt 0.276820 0.759340 0.000000
vt 0.259020 0.760870 0.000000
vt 0.261330 0.723110 0.000000
vt 0.278580 0.723840 0.000000
vt 0.276040 0.713130 0.000000
vt 0.262130 0.712230 0.000000
vt 0.259980 0.732250 0.000000
vt 0.277750 0.733000 0.000000
vt 0.258730 0.740910 0.000000
vt 0.276970 0.741770 0.000000
vt 0.258470 0.751940 0.000000
vt 0.276770 0.750700 0.000000
vt 0.509600 0.155210 0.000000
vt 0.518130 0.155200 0.000000
vt 0.518770 0.168020 0.000000
vt 0.508680 0.168210 0.000000
vt 0.163270 0.434330 0.000000
vt 0.153740 0.434330 0.000000
vt 0.154310 0.421680 0.000000
vt 0.162760 0.421680 0.000000
vt 0.162760 0.447000 0.000000
vt 0.154310 0.447000 0.000000
vt 0.512150 0.194570 0.000000
vt 0.522850 0.194710 0.000000
vt 0.523590 0.207830 0.000000
vt 0.515240 0.207720 0.000000
vt 0.509480 0.181360 0.000000
vt 0.519790 0.181250 0.000000
vt 0.531140 0.155280 0.000000
vt 0.529680 0.167640 0.000000
vt 0.143430 0.434330 0.000000
vt 0.143940 0.421680 0.000000
vt 0.143940 0.447000 0.000000
vt 0.534480 0.198200 0.000000
vt 0.536310 0.207940 0.000000
vt 0.529070 0.177890 0.000000
vt 0.540900 0.168250 0.000000
vt 0.543560 0.155470 0.000000
vt 0.131880 0.421680 0.000000
vt 0.132450 0.434330 0.000000
vt 0.131880 0.447000 0.000000
vt 0.548310 0.208070 0.000000
vt 0.543790 0.194970 0.000000
vt 0.540480 0.181490 0.000000
vt 0.520650 0.367610 0.000000
vt 0.530440 0.367610 0.000000
vt 0.529740 0.380550 0.000000
vt 0.521310 0.380550 0.000000
vt 0.520650 0.354680 0.000000
vt 0.530440 0.354680 0.000000
vt 0.521310 0.341740 0.000000
vt 0.529740 0.341740 0.000000
vt 0.517700 0.307790 0.000000
vt 0.528450 0.308310 0.000000
vt 0.528760 0.321420 0.000000
vt 0.520450 0.320980 0.000000
vt 0.514700 0.294530 0.000000
vt 0.525010 0.294860 0.000000
vt 0.512070 0.281290 0.000000
vt 0.520550 0.281660 0.000000
vt 0.540750 0.367610 0.000000
vt 0.540100 0.380550 0.000000
vt 0.540750 0.354680 0.000000
vt 0.540100 0.341740 0.000000
vt 0.540030 0.312140 0.000000
vt 0.541500 0.321960 0.000000
vt 0.533340 0.282120 0.000000
vt 0.534450 0.291960 0.000000
vt 0.552250 0.380550 0.000000
vt 0.551540 0.367610 0.000000
vt 0.551540 0.354680 0.000000
vt 0.552250 0.341740 0.000000
vt 0.553490 0.322490 0.000000
vt 0.549340 0.309290 0.000000
vt 0.546000 0.295830 0.000000
vt 0.545640 0.282670 0.000000
vt 0.533840 0.296430 0.000000
vt 0.526950 0.298070 0.000000
vt 0.530550 0.305170 0.000000
vt 0.540590 0.307640 0.000000
vt 0.547470 0.306030 0.000000
vt 0.543890 0.298930 0.000000
vt 0.524620 0.191530 0.000000
vt 0.534860 0.193840 0.000000
vt 0.541740 0.191770 0.000000
vt 0.537870 0.184620 0.000000
vt 0.527600 0.182310 0.000000
vt 0.520710 0.184400 0.000000
vt 0.376080 0.770950 0.000000
vt 0.377540 0.760570 0.000000
vt 0.359430 0.759410 0.000000
vt 0.362940 0.769220 0.000000
vt 0.376600 0.719680 0.000000
vt 0.376060 0.711900 0.000000
vt 0.362930 0.713090 0.000000
vt 0.359320 0.722330 0.000000
vt 0.377590 0.728740 0.000000
vt 0.359660 0.731370 0.000000
vt 0.378190 0.740910 0.000000
vt 0.359960 0.740970 0.000000
vt 0.377740 0.751190 0.000000
vt 0.359720 0.750310 0.000000
vt 0.303040 0.764980 0.000000
vt 0.295220 0.757450 0.000000
vt 0.296600 0.725840 0.000000
vt 0.304930 0.717540 0.000000
vt 0.294240 0.733970 0.000000
vt 0.293430 0.741970 0.000000
vt 0.293510 0.749840 0.000000
vt 0.332000 0.765380 0.000000
vt 0.340530 0.757490 0.000000
vt 0.327460 0.755470 0.000000
vt 0.321280 0.761160 0.000000
vt 0.340830 0.724950 0.000000
vt 0.332540 0.716900 0.000000
vt 0.322310 0.721350 0.000000
vt 0.328050 0.727410 0.000000
vt 0.342870 0.733070 0.000000
vt 0.329970 0.734380 0.000000
vt 0.343280 0.741390 0.000000
vt 0.330280 0.741690 0.000000
vt 0.342730 0.749580 0.000000
vt 0.329670 0.748850 0.000000
vt 0.316690 0.758540 0.000000
vt 0.318070 0.758470 0.000000
vt 0.320180 0.754190 0.000000
vt 0.315000 0.754210 0.000000
vt 0.315910 0.729170 0.000000
vt 0.320920 0.728970 0.000000
vt 0.318990 0.724130 0.000000
vt 0.317850 0.724520 0.000000
vt 0.315040 0.735300 0.000000
vt 0.321550 0.735160 0.000000
vt 0.314640 0.741950 0.000000
vt 0.321530 0.741860 0.000000
vt 0.314540 0.748450 0.000000
vt 0.321140 0.748400 0.000000
vt 0.313210 0.761170 0.000000
vt 0.307860 0.755500 0.000000
vt 0.308980 0.727960 0.000000
vt 0.314820 0.722010 0.000000
vt 0.306800 0.734840 0.000000
vt 0.306090 0.742000 0.000000
vt 0.306210 0.749010 0.000000
vt 0.002390 0.934170 0.000000
vt 0.020760 0.934760 0.000000
vt 0.021330 0.925740 0.000000
vt 0.003000 0.924600 0.000000
vt 0.002050 0.945910 0.000000
vt 0.020690 0.943960 0.000000
vt 0.002500 0.954810 0.000000
vt 0.020870 0.952720 0.000000
vt 0.003380 0.963430 0.000000
vt 0.017720 0.961650 0.000000
vt 0.003890 0.915610 0.000000
vt 0.022060 0.916640 0.000000
vt 0.019560 0.906600 0.000000
vt 0.005370 0.904750 0.000000
vt 0.466970 0.155540 0.000000
vt 0.475440 0.155380 0.000000
vt 0.476280 0.168170 0.000000
vt 0.466240 0.168530 0.000000
vt 0.204480 0.434330 0.000000
vt 0.194890 0.434330 0.000000
vt 0.195450 0.421680 0.000000
vt 0.203980 0.421680 0.000000
vt 0.203980 0.447000 0.000000
vt 0.195450 0.447000 0.000000
vt 0.470130 0.194820 0.000000
vt 0.480830 0.194780 0.000000
vt 0.481800 0.207890 0.000000
vt 0.473440 0.207920 0.000000
vt 0.467240 0.181660 0.000000
vt 0.477520 0.181380 0.000000
vt 0.488380 0.155240 0.000000
vt 0.487140 0.167610 0.000000
vt 0.184540 0.434330 0.000000
vt 0.185040 0.421680 0.000000
vt 0.185040 0.447000 0.000000
vt 0.492530 0.198050 0.000000
vt 0.494540 0.207770 0.000000
vt 0.486720 0.177870 0.000000
vt 0.498330 0.168010 0.000000
vt 0.500740 0.155190 0.000000
vt 0.172940 0.421680 0.000000
vt 0.173510 0.434330 0.000000
vt 0.172940 0.447000 0.000000
vt 0.506560 0.207660 0.000000
vt 0.501770 0.194650 0.000000
vt 0.498170 0.181240 0.000000
vt 0.479450 0.367610 0.000000
vt 0.489250 0.367610 0.000000
vt 0.488550 0.380550 0.000000
vt 0.480110 0.380550 0.000000
vt 0.479450 0.354680 0.000000
vt 0.489250 0.354680 0.000000
vt 0.480110 0.341740 0.000000
vt 0.488550 0.341740 0.000000
vt 0.475720 0.306540 0.000000
vt 0.486500 0.306890 0.000000
vt 0.487020 0.320000 0.000000
vt 0.478660 0.319700 0.000000
vt 0.472520 0.293330 0.000000
vt 0.482850 0.293490 0.000000
vt 0.469700 0.280130 0.000000
vt 0.478170 0.280370 0.000000
vt 0.499570 0.367610 0.000000
vt 0.498930 0.380550 0.000000
vt 0.499570 0.354680 0.000000
vt 0.498930 0.341740 0.000000
vt 0.498150 0.310520 0.000000
vt 0.499800 0.320310 0.000000
vt 0.490970 0.280610 0.000000
vt 0.492250 0.290420 0.000000
vt 0.511090 0.380550 0.000000
vt 0.510380 0.367610 0.000000
vt 0.510380 0.354680 0.000000
vt 0.511090 0.341740 0.000000
vt 0.511840 0.320610 0.000000
vt 0.507440 0.307480 0.000000
vt 0.503880 0.294070 0.000000
vt 0.503280 0.280920 0.000000
vt 0.491730 0.294910 0.000000
vt 0.484860 0.296680 0.000000
vt 0.488540 0.303730 0.000000
vt 0.498630 0.306010 0.000000
vt 0.505490 0.304250 0.000000
vt 0.501830 0.297200 0.000000
vt 0.482550 0.191560 0.000000
vt 0.492830 0.193700 0.000000
vt 0.499660 0.191510 0.000000
vt 0.495620 0.184450 0.000000
vt 0.485320 0.182320 0.000000
vt 0.478480 0.184520 0.000000
vt 0.121490 0.934170 0.000000
vt 0.121040 0.922910 0.000000
vt 0.103410 0.924680 0.000000
vt 0.103710 0.933830 0.000000
vt 0.120840 0.943230 0.000000
vt 0.103350 0.942600 0.000000
vt 0.120240 0.952270 0.000000
vt 0.102890 0.951570 0.000000
vt 0.118580 0.963260 0.000000
vt 0.106120 0.961990 0.000000
vt 0.119230 0.913280 0.000000
vt 0.118880 0.903640 0.000000
vt 0.106290 0.904680 0.000000
vt 0.102890 0.915400 0.000000
vt 0.037540 0.934770 0.000000
vt 0.038270 0.926790 0.000000
vt 0.037800 0.942680 0.000000
vt 0.039770 0.950440 0.000000
vt 0.048010 0.958430 0.000000
vt 0.040710 0.918640 0.000000
vt 0.049340 0.909920 0.000000
vt 0.087500 0.934030 0.000000
vt 0.087110 0.926190 0.000000
vt 0.074560 0.927490 0.000000
vt 0.074860 0.934260 0.000000
vt 0.086930 0.941800 0.000000
vt 0.074280 0.941000 0.000000
vt 0.084720 0.949540 0.000000
vt 0.072150 0.947340 0.000000
vt 0.076380 0.957410 0.000000
vt 0.066200 0.952700 0.000000
vt 0.085090 0.918410 0.000000
vt 0.077060 0.911000 0.000000
vt 0.067200 0.915950 0.000000
vt 0.072710 0.921140 0.000000
vt 0.059260 0.934560 0.000000
vt 0.066230 0.934420 0.000000
vt 0.066230 0.928250 0.000000
vt 0.059630 0.928310 0.000000
vt 0.059290 0.940750 0.000000
vt 0.065920 0.940570 0.000000
vt 0.059970 0.946370 0.000000
vt 0.065100 0.946100 0.000000
vt 0.061930 0.950530 0.000000
vt 0.063220 0.950080 0.000000
vt 0.060630 0.922570 0.000000
vt 0.065710 0.922660 0.000000
vt 0.064050 0.918620 0.000000
vt 0.062830 0.918330 0.000000
vt 0.050500 0.934680 0.000000
vt 0.051180 0.927740 0.000000
vt 0.050790 0.941540 0.000000
vt 0.052740 0.948070 0.000000
vt 0.058640 0.954050 0.000000
vt 0.053520 0.920960 0.000000
vt 0.059870 0.914760 0.000000
vt 0.118820 0.646310 0.000000
vt 0.104280 0.648450 0.000000
vt 0.101300 0.657670 0.000000
vt 0.119830 0.654810 0.000000
vt 0.119120 0.695650 0.000000
vt 0.100630 0.694260 0.000000
vt 0.103240 0.704940 0.000000
vt 0.117690 0.707110 0.000000
vt 0.120150 0.685340 0.000000
vt 0.101380 0.684820 0.000000
vt 0.121190 0.676060 0.000000
vt 0.101930 0.675750 0.000000
vt 0.120640 0.664460 0.000000
vt 0.101740 0.666550 0.000000
vt 0.424570 0.156390 0.000000
vt 0.432980 0.156150 0.000000
vt 0.433960 0.168910 0.000000
vt 0.423960 0.169370 0.000000
vt 0.245810 0.434330 0.000000
vt 0.236210 0.434330 0.000000
vt 0.236790 0.421680 0.000000
vt 0.245310 0.421680 0.000000
vt 0.245310 0.447000 0.000000
vt 0.236790 0.447000 0.000000
vt 0.428140 0.195600 0.000000
vt 0.438840 0.195440 0.000000
vt 0.439970 0.208540 0.000000
vt 0.431600 0.208660 0.000000
vt 0.425100 0.182480 0.000000
vt 0.435350 0.182090 0.000000
vt 0.445870 0.155850 0.000000
vt 0.444770 0.168220 0.000000
vt 0.225830 0.434330 0.000000
vt 0.226340 0.421680 0.000000
vt 0.226340 0.447000 0.000000
vt 0.450570 0.198580 0.000000
vt 0.452710 0.208270 0.000000
vt 0.444470 0.178480 0.000000
vt 0.455920 0.168480 0.000000
vt 0.458170 0.155650 0.000000
vt 0.214210 0.421680 0.000000
vt 0.214770 0.434330 0.000000
vt 0.214210 0.447000 0.000000
vt 0.464750 0.208000 0.000000
vt 0.459760 0.195060 0.000000
vt 0.455950 0.181710 0.000000
vt 0.438220 0.367610 0.000000
vt 0.448020 0.367610 0.000000
vt 0.447330 0.380550 0.000000
vt 0.438870 0.380550 0.000000
vt 0.438220 0.354680 0.000000
vt 0.448020 0.354680 0.000000
vt 0.438870 0.341740 0.000000
vt 0.447330 0.341740 0.000000
vt 0.433630 0.305870 0.000000
vt 0.444440 0.306090 0.000000
vt 0.445120 0.319210 0.000000
vt 0.436720 0.319010 0.000000
vt 0.430290 0.292700 0.000000
vt 0.440630 0.292740 0.000000
vt 0.427320 0.279540 0.000000
vt 0.435800 0.279680 0.000000
vt 0.458350 0.367610 0.000000
vt 0.457710 0.380550 0.000000
vt 0.458350 0.354680 0.000000
vt 0.457710 0.341740 0.000000
vt 0.456160 0.309560 0.000000
vt 0.457940 0.319340 0.000000
vt 0.448590 0.279750 0.000000
vt 0.450010 0.289540 0.000000
vt 0.469880 0.380550 0.000000
vt 0.469170 0.367610 0.000000
vt 0.469170 0.354680 0.000000
vt 0.469880 0.341740 0.000000
vt 0.470010 0.319460 0.000000
vt 0.465430 0.306390 0.000000
vt 0.461680 0.293030 0.000000
vt 0.460900 0.279890 0.000000
vt 0.449550 0.294040 0.000000
vt 0.442690 0.295910 0.000000
vt 0.446440 0.302920 0.000000
vt 0.456570 0.305050 0.000000
vt 0.463420 0.303190 0.000000
vt 0.459680 0.296180 0.000000
vt 0.440520 0.192180 0.000000
vt 0.450820 0.194220 0.000000
vt 0.457610 0.191960 0.000000
vt 0.453430 0.184980 0.000000
vt 0.443120 0.182950 0.000000
vt 0.436310 0.185210 0.000000
vt 0.003570 0.650760 0.000000
vt 0.002240 0.660970 0.000000
vt 0.019270 0.661300 0.000000
vt 0.015740 0.652160 0.000000
vt 0.004430 0.698920 0.000000
vt 0.005560 0.707260 0.000000
vt 0.017300 0.704810 0.000000
vt 0.020450 0.695720 0.000000
vt 0.003180 0.689100 0.000000
vt 0.019800 0.686870 0.000000
vt 0.001790 0.677850 0.000000
vt 0.019160 0.677970 0.000000
vt 0.001860 0.669510 0.000000
vt 0.019140 0.669640 0.000000
vt 0.073600 0.653310 0.000000
vt 0.082220 0.660590 0.000000
vt 0.081620 0.691880 0.000000
vt 0.072740 0.699800 0.000000
vt 0.084040 0.683900 0.000000
vt 0.084710 0.675970 0.000000
vt 0.084350 0.668140 0.000000
vt 0.044980 0.654790 0.000000
vt 0.037180 0.662560 0.000000
vt 0.049630 0.664170 0.000000
vt 0.055260 0.658630 0.000000
vt 0.037660 0.692650 0.000000
vt 0.045620 0.700140 0.000000
vt 0.055120 0.695230 0.000000
vt 0.049650 0.689890 0.000000
vt 0.035550 0.685040 0.000000
vt 0.047750 0.683550 0.000000
vt 0.034970 0.677390 0.000000
vt 0.047340 0.676890 0.000000
vt 0.035290 0.669930 0.000000
vt 0.047750 0.670340 0.000000
vt 0.060150 0.661260 0.000000
vt 0.058190 0.661390 0.000000
vt 0.056680 0.665250 0.000000
vt 0.061940 0.665000 0.000000
vt 0.061560 0.688090 0.000000
vt 0.056470 0.688220 0.000000
vt 0.058030 0.692220 0.000000
vt 0.059710 0.692030 0.000000
vt 0.062420 0.682530 0.000000
vt 0.055890 0.682680 0.000000
vt 0.062730 0.676370 0.000000
vt 0.055820 0.676570 0.000000
vt 0.062650 0.670330 0.000000
vt 0.056030 0.670580 0.000000
vt 0.063420 0.658100 0.000000
vt 0.069230 0.663280 0.000000
vt 0.068700 0.689510 0.000000
vt 0.062570 0.695070 0.000000
vt 0.070920 0.683020 0.000000
vt 0.071530 0.676180 0.000000
vt 0.071200 0.669470 0.000000
vt 0.643750 0.547760 0.000000
vt 0.661890 0.548340 0.000000
vt 0.662160 0.540110 0.000000
vt 0.644160 0.539710 0.000000
vt 0.644330 0.558900 0.000000
vt 0.662160 0.557070 0.000000
vt 0.645020 0.568460 0.000000
vt 0.662570 0.565580 0.000000
vt 0.646060 0.576570 0.000000
vt 0.659660 0.573880 0.000000
vt 0.644810 0.531190 0.000000
vt 0.662590 0.531760 0.000000
vt 0.659760 0.522540 0.000000
vt 0.645860 0.520890 0.000000
vt 0.382360 0.157560 0.000000
vt 0.390720 0.157260 0.000000
vt 0.391780 0.170010 0.000000
vt 0.381820 0.170540 0.000000
vt 0.287150 0.434330 0.000000
vt 0.277530 0.434330 0.000000
vt 0.278100 0.421680 0.000000
vt 0.286630 0.421680 0.000000
vt 0.286630 0.447000 0.000000
vt 0.278100 0.447000 0.000000
vt 0.386200 0.196710 0.000000
vt 0.396880 0.196480 0.000000
vt 0.398130 0.209560 0.000000
vt 0.389770 0.209750 0.000000
vt 0.383050 0.183620 0.000000
vt 0.393270 0.183170 0.000000
vt 0.403560 0.156880 0.000000
vt 0.402560 0.169250 0.000000
vt 0.267160 0.434330 0.000000
vt 0.267670 0.421680 0.000000
vt 0.267670 0.447000 0.000000
vt 0.408650 0.199520 0.000000
vt 0.410870 0.209200 0.000000
vt 0.402330 0.179500 0.000000
vt 0.413680 0.169410 0.000000
vt 0.415820 0.156580 0.000000
vt 0.255540 0.421680 0.000000
vt 0.256100 0.434330 0.000000
vt 0.255540 0.447000 0.000000
vt 0.422910 0.208840 0.000000
vt 0.417780 0.195940 0.000000
vt 0.413830 0.182640 0.000000
vt 0.396940 0.367610 0.000000
vt 0.406760 0.367610 0.000000
vt 0.406060 0.380550 0.000000
vt 0.397600 0.380550 0.000000
vt 0.396940 0.354680 0.000000
vt 0.406760 0.354680 0.000000
vt 0.397600 0.341740 0.000000
vt 0.406060 0.341740 0.000000
vt 0.391470 0.305650 0.000000
vt 0.402300 0.305770 0.000000
vt 0.403100 0.318880 0.000000
vt 0.394670 0.318760 0.000000
vt 0.388010 0.292500 0.000000
vt 0.398370 0.292450 0.000000
vt 0.384930 0.279370 0.000000
vt 0.393420 0.279430 0.000000
vt 0.417100 0.367610 0.000000
vt 0.416460 0.380550 0.000000
vt 0.417100 0.354680 0.000000
vt 0.416460 0.341740 0.000000
vt 0.414070 0.309110 0.000000
vt 0.415950 0.318870 0.000000
vt 0.406210 0.279380 0.000000
vt 0.407720 0.289150 0.000000
vt 0.428630 0.380550 0.000000
vt 0.427920 0.367610 0.000000
vt 0.427920 0.354680 0.000000
vt 0.428630 0.341740 0.000000
vt 0.428040 0.318860 0.000000
vt 0.423320 0.305840 0.000000
vt 0.419440 0.292510 0.000000
vt 0.418520 0.279390 0.000000
vt 0.407310 0.293670 0.000000
vt 0.400470 0.295600 0.000000
vt 0.404260 0.302580 0.000000
vt 0.414430 0.304590 0.000000
vt 0.421270 0.302660 0.000000
vt 0.417470 0.295690 0.000000
vt 0.398550 0.193190 0.000000
vt 0.408860 0.195170 0.000000
vt 0.415630 0.192870 0.000000
vt 0.411330 0.185960 0.000000
vt 0.401010 0.183990 0.000000
vt 0.394230 0.186280 0.000000
vt 0.763010 0.547500 0.000000
vt 0.762890 0.536190 0.000000
vt 0.744690 0.538040 0.000000
vt 0.744690 0.547010 0.000000
vt 0.761660 0.556640 0.000000
vt 0.744050 0.555880 0.000000
vt 0.760820 0.566210 0.000000
vt 0.743400 0.565160 0.000000
vt 0.759550 0.577010 0.000000
vt 0.746470 0.576100 0.000000
vt 0.762150 0.527100 0.000000
vt 0.761430 0.518940 0.000000
vt 0.748130 0.519470 0.000000
vt 0.744500 0.529290 0.000000
vt 0.678290 0.548120 0.000000
vt 0.678780 0.540690 0.000000
vt 0.678680 0.555630 0.000000
vt 0.680690 0.563020 0.000000
vt 0.688740 0.570340 0.000000
vt 0.680880 0.533270 0.000000
vt 0.689030 0.525520 0.000000
vt 0.728060 0.547080 0.000000
vt 0.727780 0.539440 0.000000
vt 0.714840 0.540660 0.000000
vt 0.715150 0.547240 0.000000
vt 0.727380 0.554880 0.000000
vt 0.714560 0.553970 0.000000
vt 0.725030 0.562840 0.000000
vt 0.712380 0.560430 0.000000
vt 0.716400 0.570940 0.000000
vt 0.706320 0.565920 0.000000
vt 0.725830 0.532040 0.000000
vt 0.717550 0.525020 0.000000
vt 0.707280 0.529510 0.000000
vt 0.712960 0.534590 0.000000
vt 0.699500 0.547610 0.000000
vt 0.706420 0.547420 0.000000
vt 0.706350 0.541450 0.000000
vt 0.699750 0.541630 0.000000
vt 0.699580 0.553640 0.000000
vt 0.706150 0.553490 0.000000
vt 0.700180 0.559140 0.000000
vt 0.705320 0.559030 0.000000
vt 0.701850 0.563200 0.000000
vt 0.703530 0.563010 0.000000
vt 0.700500 0.536240 0.000000
vt 0.705730 0.536130 0.000000
vt 0.704070 0.532330 0.000000
vt 0.702230 0.532250 0.000000
vt 0.690930 0.547830 0.000000
vt 0.691420 0.541290 0.000000
vt 0.691280 0.554410 0.000000
vt 0.693140 0.560660 0.000000
vt 0.698640 0.566130 0.000000
vt 0.693420 0.535060 0.000000
vt 0.699160 0.529410 0.000000
vt 0.130230 0.611990 0.000000
vt 0.149170 0.612320 0.000000
vt 0.149310 0.603630 0.000000
vt 0.130400 0.603260 0.000000
vt 0.131520 0.623780 0.000000
vt 0.149680 0.621590 0.000000
vt 0.132420 0.633750 0.000000
vt 0.150250 0.630720 0.000000
vt 0.133220 0.642100 0.000000
vt 0.147390 0.639970 0.000000
vt 0.130890 0.594230 0.000000
vt 0.149700 0.594950 0.000000
vt 0.146730 0.585410 0.000000
vt 0.132280 0.583420 0.000000
vt 0.340290 0.158930 0.000000
vt 0.348620 0.158600 0.000000
vt 0.349740 0.171330 0.000000
vt 0.339800 0.171900 0.000000
vt 0.328680 0.434330 0.000000
vt 0.319030 0.434330 0.000000
vt 0.319610 0.421680 0.000000
vt 0.328170 0.421680 0.000000
vt 0.328170 0.447000 0.000000
vt 0.319610 0.447000 0.000000
vt 0.344320 0.198040 0.000000
vt 0.354990 0.197750 0.000000
vt 0.356310 0.210820 0.000000
vt 0.347970 0.211050 0.000000
vt 0.341100 0.184970 0.000000
vt 0.351280 0.184470 0.000000
vt 0.361430 0.158150 0.000000
vt 0.360480 0.170520 0.000000
vt 0.308600 0.434330 0.000000
vt 0.309110 0.421680 0.000000
vt 0.309110 0.447000 0.000000
vt 0.366760 0.200750 0.000000
vt 0.369030 0.210410 0.000000
vt 0.360300 0.180770 0.000000
vt 0.371570 0.170630 0.000000
vt 0.373640 0.157800 0.000000
vt 0.296910 0.421680 0.000000
vt 0.297480 0.434330 0.000000
vt 0.296910 0.447000 0.000000
vt 0.381070 0.209990 0.000000
vt 0.375860 0.197120 0.000000
vt 0.371810 0.183860 0.000000
vt 0.355630 0.367610 0.000000
vt 0.365460 0.367610 0.000000
vt 0.364760 0.380550 0.000000
vt 0.356290 0.380550 0.000000
vt 0.355630 0.354680 0.000000
vt 0.365460 0.354680 0.000000
vt 0.356290 0.341740 0.000000
vt 0.364760 0.341740 0.000000
vt 0.349240 0.305780 0.000000
vt 0.360090 0.305810 0.000000
vt 0.360990 0.318920 0.000000
vt 0.352540 0.318870 0.000000
vt 0.345690 0.292660 0.000000
vt 0.356060 0.292530 0.000000
vt 0.342510 0.279550 0.000000
vt 0.351010 0.279550 0.000000
vt 0.375810 0.367610 0.000000
vt 0.375160 0.380550 0.000000
vt 0.375810 0.354680 0.000000
vt 0.375160 0.341740 0.000000
vt 0.371900 0.309060 0.000000
vt 0.373860 0.318800 0.000000
vt 0.363800 0.279390 0.000000
vt 0.365390 0.289150 0.000000
vt 0.387350 0.380550 0.000000
vt 0.386640 0.367610 0.000000
vt 0.386640 0.354680 0.000000
vt 0.387350 0.341740 0.000000
vt 0.385970 0.318690 0.000000
vt 0.381140 0.305700 0.000000
vt 0.377150 0.292410 0.000000
vt 0.376120 0.279290 0.000000
vt 0.365020 0.293670 0.000000
vt 0.358190 0.295670 0.000000
vt 0.362030 0.302630 0.000000
vt 0.372220 0.304540 0.000000
vt 0.379050 0.302540 0.000000
vt 0.375210 0.295590 0.000000
vt 0.356640 0.194430 0.000000
vt 0.366960 0.196400 0.000000
vt 0.373710 0.194080 0.000000
vt 0.369320 0.187220 0.000000
vt 0.358990 0.185270 0.000000
vt 0.352240 0.187570 0.000000
vt 0.249690 0.612350 0.000000
vt 0.249790 0.601860 0.000000
vt 0.232240 0.603030 0.000000
vt 0.232170 0.611660 0.000000
vt 0.248890 0.620530 0.000000
vt 0.231610 0.620070 0.000000
vt 0.247880 0.629560 0.000000
vt 0.231040 0.628900 0.000000
vt 0.246810 0.640160 0.000000
vt 0.234240 0.639020 0.000000
vt 0.248880 0.593090 0.000000
vt 0.248690 0.584830 0.000000
vt 0.236050 0.585410 0.000000
vt 0.232200 0.594480 0.000000
vt 0.166200 0.611960 0.000000
vt 0.166710 0.604220 0.000000
vt 0.166640 0.619940 0.000000
vt 0.168770 0.627880 0.000000
vt 0.177180 0.635830 0.000000
vt 0.168910 0.596630 0.000000
vt 0.177450 0.588880 0.000000
vt 0.216100 0.611540 0.000000
vt 0.215950 0.603900 0.000000
vt 0.203430 0.604750 0.000000
vt 0.203570 0.611510 0.000000
vt 0.215390 0.619210 0.000000
vt 0.202890 0.618320 0.000000
vt 0.213140 0.627080 0.000000
vt 0.200710 0.624900 0.000000
vt 0.204930 0.635520 0.000000
vt 0.194710 0.630660 0.000000
vt 0.214260 0.596240 0.000000
vt 0.206610 0.588060 0.000000
vt 0.196380 0.592550 0.000000
vt 0.201760 0.598300 0.000000
vt 0.188100 0.611560 0.000000
vt 0.195030 0.611520 0.000000
vt 0.195130 0.605310 0.000000
vt 0.188500 0.605360 0.000000
vt 0.188050 0.617870 0.000000
vt 0.194620 0.617790 0.000000
vt 0.188610 0.623620 0.000000
vt 0.193740 0.623510 0.000000
vt 0.190350 0.627830 0.000000
vt 0.191940 0.627660 0.000000
vt 0.189400 0.599790 0.000000
vt 0.194660 0.599710 0.000000
vt 0.193100 0.595510 0.000000
vt 0.191340 0.595700 0.000000
vt 0.179300 0.611690 0.000000
vt 0.179910 0.604900 0.000000
vt 0.179580 0.618620 0.000000
vt 0.181460 0.625260 0.000000
vt 0.187100 0.630970 0.000000
vt 0.182060 0.598530 0.000000
vt 0.188080 0.592880 0.000000
vt 0.260420 0.677770 0.000000
vt 0.279580 0.678230 0.000000
vt 0.279700 0.669690 0.000000
vt 0.260590 0.669090 0.000000
vt 0.261250 0.689820 0.000000
vt 0.280090 0.687420 0.000000
vt 0.262590 0.700410 0.000000
vt 0.280850 0.696520 0.000000
vt 0.263770 0.709070 0.000000
vt 0.278150 0.705890 0.000000
vt 0.260910 0.660170 0.000000
vt 0.280080 0.661210 0.000000
vt 0.277160 0.651930 0.000000
vt 0.262510 0.649560 0.000000
vt 0.298330 0.160430 0.000000
vt 0.306630 0.160070 0.000000
vt 0.307790 0.172800 0.000000
vt 0.297880 0.173400 0.000000
vt 0.370290 0.434330 0.000000
vt 0.360620 0.434330 0.000000
vt 0.361200 0.421680 0.000000
vt 0.369780 0.421680 0.000000
vt 0.369780 0.447000 0.000000
vt 0.361200 0.447000 0.000000
vt 0.302500 0.199500 0.000000
vt 0.313150 0.199180 0.000000
vt 0.314530 0.212240 0.000000
vt 0.306200 0.212500 0.000000
vt 0.299220 0.186460 0.000000
vt 0.309380 0.185930 0.000000
vt 0.319410 0.159590 0.000000
vt 0.318500 0.171960 0.000000
vt 0.350170 0.434330 0.000000
vt 0.350680 0.421680 0.000000
vt 0.350680 0.447000 0.000000
vt 0.324930 0.202140 0.000000
vt 0.327240 0.211800 0.000000
vt 0.318360 0.182210 0.000000
vt 0.329580 0.172040 0.000000
vt 0.331600 0.159210 0.000000
vt 0.338460 0.421680 0.000000
vt 0.339030 0.434330 0.000000
vt 0.338460 0.447000 0.000000
vt 0.339280 0.211340 0.000000
vt 0.334000 0.198500 0.000000
vt 0.329870 0.185260 0.000000
vt 0.314280 0.367610 0.000000
vt 0.324110 0.367610 0.000000
vt 0.323410 0.380550 0.000000
vt 0.314940 0.380550 0.000000
vt 0.314280 0.354680 0.000000
vt 0.324110 0.354680 0.000000
vt 0.314940 0.341740 0.000000
vt 0.323410 0.341740 0.000000
vt 0.306960 0.306250 0.000000
vt 0.317820 0.306200 0.000000
vt 0.318810 0.319310 0.000000
vt 0.310340 0.319320 0.000000
vt 0.303320 0.293150 0.000000
vt 0.313710 0.292940 0.000000
vt 0.300060 0.280060 0.000000
vt 0.308560 0.280000 0.000000
vt 0.334470 0.367610 0.000000
vt 0.333830 0.380550 0.000000
vt 0.334470 0.354680 0.000000
vt 0.333830 0.341740 0.000000
vt 0.329660 0.309350 0.000000
vt 0.331700 0.319080 0.000000
vt 0.321360 0.279740 0.000000
vt 0.323030 0.289490 0.000000
vt 0.346030 0.380550 0.000000
vt 0.345320 0.367610 0.000000
vt 0.345320 0.354680 0.000000
vt 0.346030 0.341740 0.000000
vt 0.343820 0.318870 0.000000
vt 0.338900 0.305920 0.000000
vt 0.334820 0.292650 0.000000
vt 0.333690 0.279540 0.000000
vt 0.322690 0.294010 0.000000
vt 0.315870 0.296070 0.000000
vt 0.319740 0.303010 0.000000
vt 0.329950 0.304820 0.000000
vt 0.336770 0.302770 0.000000
vt 0.332900 0.295840 0.000000
vt 0.314800 0.195840 0.000000
vt 0.325120 0.197790 0.000000
vt 0.331850 0.195470 0.000000
vt 0.327390 0.188650 0.000000
vt 0.317060 0.186710 0.000000
vt 0.310330 0.189020 0.000000
vt 0.378820 0.676250 0.000000
vt 0.378670 0.665740 0.000000
vt 0.361760 0.667820 0.000000
vt 0.361860 0.676120 0.000000
vt 0.377980 0.684960 0.000000
vt 0.361470 0.684320 0.000000
vt 0.377760 0.693810 0.000000
vt 0.361130 0.692650 0.000000
vt 0.376240 0.703800 0.000000
vt 0.364300 0.701820 0.000000
vt 0.378100 0.657350 0.000000
vt 0.376990 0.649690 0.000000
vt 0.365000 0.651910 0.000000
vt 0.361560 0.659960 0.000000
vt 0.296860 0.677810 0.000000
vt 0.297300 0.670390 0.000000
vt 0.297440 0.685420 0.000000
vt 0.299790 0.692870 0.000000
vt 0.308610 0.699670 0.000000
vt 0.299510 0.663100 0.000000
vt 0.308240 0.655790 0.000000
vt 0.346310 0.676400 0.000000
vt 0.345960 0.669320 0.000000
vt 0.333780 0.670540 0.000000
vt 0.334130 0.676680 0.000000
vt 0.345780 0.683570 0.000000
vt 0.333640 0.682900 0.000000
vt 0.343740 0.690730 0.000000
vt 0.331670 0.688870 0.000000
vt 0.335880 0.697800 0.000000
vt 0.326020 0.694170 0.000000
vt 0.344090 0.662590 0.000000
vt 0.336410 0.656380 0.000000
vt 0.326550 0.659840 0.000000
vt 0.331960 0.664820 0.000000
vt 0.318910 0.677120 0.000000
vt 0.325770 0.676910 0.000000
vt 0.325680 0.671290 0.000000
vt 0.319150 0.671440 0.000000
vt 0.319060 0.682860 0.000000
vt 0.325560 0.682590 0.000000
vt 0.319870 0.688110 0.000000
vt 0.324880 0.687810 0.000000
vt 0.321960 0.692030 0.000000
vt 0.323170 0.691710 0.000000
vt 0.320000 0.666250 0.000000
vt 0.325090 0.666190 0.000000
vt 0.323410 0.662340 0.000000
vt 0.322070 0.662350 0.000000
vt 0.310090 0.677400 0.000000
vt 0.310580 0.671060 0.000000
vt 0.310560 0.683820 0.000000
vt 0.312700 0.689890 0.000000
vt 0.318690 0.694960 0.000000
vt 0.312710 0.665030 0.000000
vt 0.318770 0.659620 0.000000
vt 0.505370 0.481980 0.000000
vt 0.487240 0.481850 0.000000
vt 0.487090 0.490450 0.000000
vt 0.505380 0.490720 0.000000
vt 0.504610 0.470910 0.000000
vt 0.486860 0.472870 0.000000
vt 0.503610 0.461600 0.000000
vt 0.486370 0.463880 0.000000
vt 0.503310 0.452740 0.000000
vt 0.489230 0.453880 0.000000
vt 0.505060 0.500310 0.000000
vt 0.486680 0.499250 0.000000
vt 0.489390 0.509190 0.000000
vt 0.503440 0.511410 0.000000
vt 0.256450 0.162040 0.000000
vt 0.264740 0.161660 0.000000
vt 0.265920 0.174380 0.000000
vt 0.256030 0.175000 0.000000
vt 0.411950 0.434330 0.000000
vt 0.402270 0.434330 0.000000
vt 0.402850 0.421680 0.000000
vt 0.411440 0.421680 0.000000
vt 0.411440 0.447000 0.000000
vt 0.402850 0.447000 0.000000
vt 0.260730 0.201080 0.000000
vt 0.271370 0.200720 0.000000
vt 0.272800 0.213770 0.000000
vt 0.264480 0.214060 0.000000
vt 0.257410 0.188050 0.000000
vt 0.267550 0.187490 0.000000
vt 0.277500 0.161150 0.000000
vt 0.276620 0.173510 0.000000
vt 0.391810 0.434330 0.000000
vt 0.392330 0.421680 0.000000
vt 0.392330 0.447000 0.000000
vt 0.283150 0.203660 0.000000
vt 0.285490 0.213310 0.000000
vt 0.276500 0.183760 0.000000
vt 0.287680 0.173560 0.000000
vt 0.289670 0.160730 0.000000
vt 0.380090 0.421680 0.000000
vt 0.380660 0.434330 0.000000
vt 0.380090 0.447000 0.000000
vt 0.297520 0.212820 0.000000
vt 0.292190 0.200000 0.000000
vt 0.288010 0.186780 0.000000
vt 0.272890 0.367610 0.000000
vt 0.282740 0.367610 0.000000
vt 0.282040 0.380550 0.000000
vt 0.273550 0.380550 0.000000
vt 0.272890 0.354680 0.000000
vt 0.282740 0.354680 0.000000
vt 0.273550 0.341740 0.000000
vt 0.282040 0.341740 0.000000
vt 0.264630 0.307030 0.000000
vt 0.275500 0.306910 0.000000
vt 0.276580 0.320010 0.000000
vt 0.268090 0.320080 0.000000
vt 0.260910 0.293940 0.000000
vt 0.271310 0.293670 0.000000
vt 0.257560 0.280880 0.000000
vt 0.266070 0.280760 0.000000
vt 0.293110 0.367610 0.000000
vt 0.292460 0.380550 0.000000
vt 0.293110 0.354680 0.000000
vt 0.292460 0.341740 0.000000
vt 0.287370 0.309970 0.000000
vt 0.289480 0.319680 0.000000
vt 0.278880 0.280410 0.000000
vt 0.280620 0.290140 0.000000
vt 0.304670 0.380550 0.000000
vt 0.303960 0.367610 0.000000
vt 0.303960 0.354680 0.000000
vt 0.304670 0.341740 0.000000
vt 0.301610 0.319380 0.000000
vt 0.296600 0.306460 0.000000
vt 0.292440 0.293220 0.000000
vt 0.291220 0.280110 0.000000
vt 0.280320 0.294670 0.000000
vt 0.273500 0.296790 0.000000
vt 0.277390 0.303710 0.000000
vt 0.287620 0.305440 0.000000
vt 0.294440 0.303330 0.000000
vt 0.290550 0.296410 0.000000
vt 0.273010 0.197360 0.000000
vt 0.283330 0.199310 0.000000
vt 0.290050 0.196980 0.000000
vt 0.285530 0.190190 0.000000
vt 0.275210 0.188260 0.000000
vt 0.268490 0.190580 0.000000
vt 0.386300 0.481630 0.000000
vt 0.386360 0.493130 0.000000
vt 0.404340 0.491310 0.000000
vt 0.404470 0.482230 0.000000
vt 0.387970 0.471970 0.000000
vt 0.405280 0.473210 0.000000
vt 0.388700 0.462090 0.000000
vt 0.406060 0.463970 0.000000
vt 0.390330 0.451420 0.000000
vt 0.403150 0.453370 0.000000
vt 0.386990 0.502230 0.000000
vt 0.387650 0.510110 0.000000
vt 0.400700 0.509100 0.000000
vt 0.404430 0.499940 0.000000
vt 0.470780 0.482170 0.000000
vt 0.470240 0.489720 0.000000
vt 0.470390 0.474430 0.000000
vt 0.468350 0.466700 0.000000
vt 0.460200 0.459190 0.000000
vt 0.468030 0.497120 0.000000
vt 0.459560 0.504320 0.000000
vt 0.420930 0.482400 0.000000
vt 0.421070 0.490080 0.000000
vt 0.433900 0.489060 0.000000
vt 0.433740 0.482470 0.000000
vt 0.421770 0.474590 0.000000
vt 0.434500 0.475780 0.000000
vt 0.424280 0.466840 0.000000
vt 0.436830 0.469480 0.000000
vt 0.433010 0.459420 0.000000
vt 0.442970 0.464310 0.000000
vt 0.422910 0.497450 0.000000
vt 0.431040 0.504510 0.000000
vt 0.441220 0.500250 0.000000
vt 0.435670 0.495130 0.000000
vt 0.449410 0.482460 0.000000
vt 0.442440 0.482490 0.000000
vt 0.442360 0.488440 0.000000
vt 0.449010 0.488400 0.000000
vt 0.449470 0.476410 0.000000
vt 0.442890 0.476440 0.000000
vt 0.448940 0.470860 0.000000
vt 0.443840 0.470950 0.000000
vt 0.447200 0.466700 0.000000
vt 0.445800 0.467020 0.000000
vt 0.448100 0.493700 0.000000
vt 0.442860 0.493730 0.000000
vt 0.444510 0.497570 0.000000
vt 0.446130 0.497620 0.000000
vt 0.458060 0.482380 0.000000
vt 0.457430 0.488920 0.000000
vt 0.457800 0.475690 0.000000
vt 0.455970 0.469300 0.000000
vt 0.450500 0.463850 0.000000
vt 0.455280 0.495010 0.000000
vt 0.449370 0.500260 0.000000
vt 0.388620 0.549320 0.000000
vt 0.408050 0.549600 0.000000
vt 0.408430 0.540580 0.000000
vt 0.389180 0.539710 0.000000
vt 0.389640 0.561180 0.000000
vt 0.408460 0.558960 0.000000
vt 0.390770 0.571100 0.000000
vt 0.409070 0.568160 0.000000
vt 0.391570 0.579980 0.000000
vt 0.406170 0.578000 0.000000
vt 0.390370 0.529910 0.000000
vt 0.409200 0.531440 0.000000
vt 0.406630 0.521420 0.000000
vt 0.392260 0.518890 0.000000
vt 0.214630 0.163730 0.000000
vt 0.222900 0.163330 0.000000
vt 0.224110 0.176040 0.000000
vt 0.214240 0.176680 0.000000
vt 0.453650 0.434330 0.000000
vt 0.443970 0.434330 0.000000
vt 0.444550 0.421680 0.000000
vt 0.453140 0.421680 0.000000
vt 0.453140 0.447000 0.000000
vt 0.444550 0.447000 0.000000
vt 0.219010 0.202750 0.000000
vt 0.229640 0.202370 0.000000
vt 0.231100 0.215410 0.000000
vt 0.222790 0.215720 0.000000
vt 0.215640 0.189730 0.000000
vt 0.225770 0.189150 0.000000
vt 0.235650 0.162790 0.000000
vt 0.234790 0.175160 0.000000
vt 0.433500 0.434330 0.000000
vt 0.434010 0.421680 0.000000
vt 0.434010 0.447000 0.000000
vt 0.241420 0.205280 0.000000
vt 0.243780 0.214920 0.000000
vt 0.234700 0.185400 0.000000
vt 0.245840 0.175190 0.000000
vt 0.247800 0.162360 0.000000
vt 0.421770 0.421680 0.000000
vt 0.422340 0.434330 0.000000
vt 0.421770 0.447000 0.000000
vt 0.255810 0.214410 0.000000
vt 0.250440 0.201600 0.000000
vt 0.246210 0.188400 0.000000
vt 0.231470 0.367610 0.000000
vt 0.241320 0.367610 0.000000
vt 0.240620 0.380550 0.000000
vt 0.232130 0.380550 0.000000
vt 0.231470 0.354680 0.000000
vt 0.241320 0.354680 0.000000
vt 0.232130 0.341740 0.000000
vt 0.240620 0.341740 0.000000
vt 0.222240 0.308090 0.000000
vt 0.233120 0.307900 0.000000
vt 0.234280 0.321010 0.000000
vt 0.225770 0.321130 0.000000
vt 0.218450 0.295020 0.000000
vt 0.228860 0.294680 0.000000
vt 0.215040 0.281970 0.000000
vt 0.223550 0.281810 0.000000
vt 0.251700 0.367610 0.000000
vt 0.251060 0.380550 0.000000
vt 0.251700 0.354680 0.000000
vt 0.251060 0.341740 0.000000
vt 0.245030 0.310880 0.000000
vt 0.247190 0.320590 0.000000
vt 0.236370 0.281370 0.000000
vt 0.238170 0.291090 0.000000
vt 0.263270 0.380550 0.000000
vt 0.262560 0.367610 0.000000
vt 0.262560 0.354680 0.000000
vt 0.263270 0.341740 0.000000
vt 0.259340 0.320200 0.000000
vt 0.254250 0.307310 0.000000
vt 0.250010 0.294090 0.000000
vt 0.248720 0.280990 0.000000
vt 0.237900 0.295620 0.000000
vt 0.231090 0.297800 0.000000
vt 0.234990 0.304710 0.000000
vt 0.245240 0.306350 0.000000
vt 0.252060 0.304190 0.000000
vt 0.248140 0.297290 0.000000
vt 0.231280 0.198990 0.000000
vt 0.241600 0.200930 0.000000
vt 0.248300 0.198590 0.000000
vt 0.243740 0.191830 0.000000
vt 0.233410 0.189910 0.000000
vt 0.226710 0.192230 0.000000
vt 0.508150 0.549000 0.000000
vt 0.507320 0.538310 0.000000
vt 0.490550 0.539940 0.000000
vt 0.490800 0.548440 0.000000
vt 0.507380 0.556890 0.000000
vt 0.490420 0.556570 0.000000
vt 0.506430 0.565870 0.000000
vt 0.489930 0.565020 0.000000
vt 0.505040 0.576360 0.000000
vt 0.493120 0.574590 0.000000
vt 0.506510 0.529190 0.000000
vt 0.505780 0.521160 0.000000
vt 0.493730 0.522570 0.000000
vt 0.490270 0.531540 0.000000
vt 0.425420 0.549380 0.000000
vt 0.426040 0.541560 0.000000
vt 0.425880 0.557260 0.000000
vt 0.428120 0.565050 0.000000
vt 0.436770 0.572520 0.000000
vt 0.428480 0.533740 0.000000
vt 0.437380 0.525780 0.000000
vt 0.475090 0.548560 0.000000
vt 0.474770 0.541240 0.000000
vt 0.462600 0.542340 0.000000
vt 0.462870 0.548730 0.000000
vt 0.474550 0.555850 0.000000
vt 0.462330 0.555150 0.000000
vt 0.472470 0.563170 0.000000
vt 0.460370 0.561260 0.000000
vt 0.464510 0.570600 0.000000
vt 0.454810 0.566570 0.000000
vt 0.472920 0.534080 0.000000
vt 0.465220 0.527260 0.000000
vt 0.455660 0.531260 0.000000
vt 0.460890 0.536340 0.000000
vt 0.447590 0.549010 0.000000
vt 0.454490 0.548880 0.000000
vt 0.454500 0.542990 0.000000
vt 0.447940 0.543030 0.000000
vt 0.447670 0.555010 0.000000
vt 0.454220 0.554790 0.000000
vt 0.448420 0.560510 0.000000
vt 0.453540 0.560190 0.000000
vt 0.450400 0.564570 0.000000
vt 0.451970 0.564190 0.000000
vt 0.448910 0.537570 0.000000
vt 0.454030 0.537660 0.000000
vt 0.452580 0.533710 0.000000
vt 0.450990 0.533600 0.000000
vt 0.438720 0.549160 0.000000
vt 0.439340 0.542470 0.000000
vt 0.439090 0.555880 0.000000
vt 0.441170 0.562290 0.000000
vt 0.447180 0.567940 0.000000
vt 0.441650 0.536040 0.000000
vt 0.448000 0.530240 0.000000
vt 0.817220 0.185280 0.000000
vt 0.836380 0.182880 0.000000
vt 0.837500 0.190940 0.000000
vt 0.818680 0.193030 0.000000
vt 0.815810 0.174010 0.000000
vt 0.835590 0.174260 0.000000
vt 0.815380 0.164460 0.000000
vt 0.834670 0.165670 0.000000
vt 0.815370 0.156030 0.000000
vt 0.826870 0.156480 0.000000
vt 0.820090 0.201770 0.000000
vt 0.838350 0.199310 0.000000
vt 0.832700 0.210090 0.000000
vt 0.822550 0.212310 0.000000
vt 0.172860 0.165490 0.000000
vt 0.181130 0.165070 0.000000
vt 0.182360 0.177780 0.000000
vt 0.172490 0.178440 0.000000
vt 0.495410 0.434330 0.000000
vt 0.485680 0.434330 0.000000
vt 0.486250 0.421680 0.000000
vt 0.494900 0.421680 0.000000
vt 0.494900 0.447000 0.000000
vt 0.486250 0.447000 0.000000
vt 0.177310 0.204490 0.000000
vt 0.187940 0.204090 0.000000
vt 0.189430 0.217120 0.000000
vt 0.181130 0.217450 0.000000
vt 0.173920 0.191480 0.000000
vt 0.184040 0.190880 0.000000
vt 0.193860 0.164520 0.000000
vt 0.193030 0.176880 0.000000
vt 0.475190 0.434330 0.000000
vt 0.475700 0.421680 0.000000
vt 0.475700 0.447000 0.000000
vt 0.199730 0.206980 0.000000
vt 0.202110 0.216620 0.000000
vt 0.192950 0.187130 0.000000
vt 0.204060 0.176890 0.000000
vt 0.206000 0.164060 0.000000
vt 0.463460 0.421680 0.000000
vt 0.464030 0.434330 0.000000
vt 0.463460 0.447000 0.000000
vt 0.214120 0.216080 0.000000
vt 0.208730 0.203290 0.000000
vt 0.204460 0.190100 0.000000
vt 0.190020 0.367610 0.000000
vt 0.199880 0.367610 0.000000
vt 0.199180 0.380550 0.000000
vt 0.190680 0.380550 0.000000
vt 0.190020 0.354680 0.000000
vt 0.199880 0.354680 0.000000
vt 0.190680 0.341740 0.000000
vt 0.199180 0.341740 0.000000
vt 0.179790 0.309400 0.000000
vt 0.190700 0.309160 0.000000
vt 0.191910 0.322260 0.000000
vt 0.183380 0.322430 0.000000
vt 0.175950 0.296350 0.000000
vt 0.186380 0.295960 0.000000
vt 0.172480 0.283310 0.000000
vt 0.181010 0.283110 0.000000
vt 0.210260 0.367610 0.000000
vt 0.209620 0.380550 0.000000
vt 0.210260 0.354680 0.000000
vt 0.209620 0.341740 0.000000
vt 0.202630 0.312060 0.000000
vt 0.204850 0.321760 0.000000
vt 0.193820 0.282600 0.000000
vt 0.195670 0.292310 0.000000
vt 0.221840 0.380550 0.000000
vt 0.221130 0.367610 0.000000
vt 0.221130 0.354680 0.000000
vt 0.221840 0.341740 0.000000
vt 0.217000 0.321290 0.000000
vt 0.211840 0.308430 0.000000
vt 0.207540 0.295230 0.000000
vt 0.206180 0.282130 0.000000
vt 0.195430 0.296840 0.000000
vt 0.188630 0.299060 0.000000
vt 0.192550 0.305960 0.000000
vt 0.202810 0.307530 0.000000
vt 0.209620 0.305320 0.000000
vt 0.205690 0.298430 0.000000
vt 0.189570 0.200700 0.000000
vt 0.199890 0.202630 0.000000
vt 0.206590 0.200290 0.000000
vt 0.201990 0.193550 0.000000
vt 0.191670 0.191630 0.000000
vt 0.184970 0.193960 0.000000
vt 0.936210 0.182840 0.000000
vt 0.935110 0.193870 0.000000
vt 0.917610 0.191020 0.000000
vt 0.918130 0.182670 0.000000
vt 0.935790 0.174780 0.000000
vt 0.918090 0.174580 0.000000
vt 0.935420 0.165890 0.000000
vt 0.918430 0.166130 0.000000
vt 0.934170 0.155190 0.000000
vt 0.926310 0.156000 0.000000
vt 0.933510 0.202430 0.000000
vt 0.932400 0.209880 0.000000
vt 0.924730 0.208380 0.000000
vt 0.917410 0.199080 0.000000
vt 0.854020 0.181620 0.000000
vt 0.855190 0.188690 0.000000
vt 0.853890 0.174360 0.000000
vt 0.856060 0.167110 0.000000
vt 0.869070 0.160460 0.000000
vt 0.858490 0.195420 0.000000
vt 0.871980 0.200170 0.000000
vt 0.901530 0.181850 0.000000
vt 0.900920 0.188840 0.000000
vt 0.888650 0.187240 0.000000
vt 0.889060 0.181190 0.000000
vt 0.901110 0.174760 0.000000
vt 0.888570 0.175000 0.000000
vt 0.898620 0.167620 0.000000
vt 0.886520 0.168890 0.000000
vt 0.886000 0.161190 0.000000
vt 0.881780 0.162520 0.000000
vt 0.898250 0.195360 0.000000
vt 0.885670 0.200020 0.000000
vt 0.881930 0.198150 0.000000
vt 0.886640 0.192830 0.000000
vt 0.875120 0.180720 0.000000
vt 0.881190 0.180820 0.000000
vt 0.881200 0.186350 0.000000
vt 0.875580 0.186280 0.000000
vt 0.875020 0.175030 0.000000
vt 0.880880 0.175170 0.000000
vt 0.875510 0.169750 0.000000
vt 0.880140 0.169920 0.000000
vt 0.877250 0.165930 0.000000
vt 0.878450 0.166180 0.000000
vt 0.876500 0.191160 0.000000
vt 0.880690 0.191210 0.000000
vt 0.879120 0.194430 0.000000
vt 0.878390 0.194270 0.000000
vt 0.867040 0.180930 0.000000
vt 0.867950 0.187060 0.000000
vt 0.867090 0.174650 0.000000
vt 0.868850 0.168450 0.000000
vt 0.873430 0.161970 0.000000
vt 0.870460 0.192770 0.000000
vt 0.875770 0.198290 0.000000
vt 0.505600 0.777180 0.000000
vt 0.491530 0.778620 0.000000
vt 0.488350 0.787460 0.000000
vt 0.506310 0.785630 0.000000
vt 0.504020 0.824420 0.000000
vt 0.486470 0.822850 0.000000
vt 0.488770 0.833300 0.000000
vt 0.502560 0.835290 0.000000
vt 0.504550 0.814520 0.000000
vt 0.487290 0.813630 0.000000
vt 0.506140 0.805430 0.000000
vt 0.488110 0.804780 0.000000
vt 0.506480 0.794600 0.000000
vt 0.488370 0.795940 0.000000
vt 0.131130 0.167310 0.000000
vt 0.139380 0.166890 0.000000
vt 0.140630 0.179590 0.000000
vt 0.130770 0.180270 0.000000
vt 0.537200 0.434330 0.000000
vt 0.527510 0.434330 0.000000
vt 0.528090 0.421680 0.000000
vt 0.536690 0.421680 0.000000
vt 0.536690 0.447000 0.000000
vt 0.528090 0.447000 0.000000
vt 0.135640 0.206310 0.000000
vt 0.146260 0.205880 0.000000
vt 0.147780 0.218920 0.000000
vt 0.139480 0.219260 0.000000
vt 0.132230 0.193300 0.000000
vt 0.142330 0.192690 0.000000
vt 0.152110 0.166310 0.000000
vt 0.151290 0.178670 0.000000
vt 0.517030 0.434330 0.000000
vt 0.517550 0.421680 0.000000
vt 0.517550 0.447000 0.000000
vt 0.158060 0.208760 0.000000
vt 0.160460 0.218390 0.000000
vt 0.151240 0.188920 0.000000
vt 0.162320 0.178670 0.000000
vt 0.164240 0.165830 0.000000
vt 0.505280 0.421680 0.000000
vt 0.505840 0.434330 0.000000
vt 0.505280 0.447000 0.000000
vt 0.172470 0.217830 0.000000
vt 0.167050 0.205050 0.000000
vt 0.162750 0.191880 0.000000
vt 0.148530 0.367610 0.000000
vt 0.158400 0.367610 0.000000
vt 0.157700 0.380550 0.000000
vt 0.149190 0.380550 0.000000
vt 0.148530 0.354680 0.000000
vt 0.158400 0.354680 0.000000
vt 0.149190 0.341740 0.000000
vt 0.157700 0.341740 0.000000
vt 0.137300 0.310920 0.000000
vt 0.148220 0.310630 0.000000
vt 0.149490 0.323740 0.000000
vt 0.140930 0.323940 0.000000
vt 0.133420 0.297880 0.000000
vt 0.143850 0.297450 0.000000
vt 0.129900 0.284860 0.000000
vt 0.138430 0.284620 0.000000
vt 0.168790 0.367610 0.000000
vt 0.168150 0.380550 0.000000
vt 0.168790 0.354680 0.000000
vt 0.168150 0.341740 0.000000
vt 0.160170 0.313480 0.000000
vt 0.162430 0.323160 0.000000
vt 0.151250 0.284050 0.000000
vt 0.153150 0.293750 0.000000
vt 0.180380 0.380550 0.000000
vt 0.179670 0.367610 0.000000
vt 0.179670 0.354680 0.000000
vt 0.180380 0.341740 0.000000
vt 0.174610 0.322630 0.000000
vt 0.169380 0.309800 0.000000
vt 0.165030 0.296610 0.000000
vt 0.163620 0.283520 0.000000
vt 0.152930 0.298290 0.000000
vt 0.146130 0.300550 0.000000
vt 0.150050 0.307450 0.000000
vt 0.160330 0.308940 0.000000
vt 0.167140 0.306690 0.000000
vt 0.163200 0.299810 0.000000
vt 0.147890 0.202490 0.000000
vt 0.158220 0.204410 0.000000
vt 0.164910 0.202060 0.000000
vt 0.160280 0.195340 0.000000
vt 0.149960 0.193430 0.000000
vt 0.143270 0.195760 0.000000
vt 0.390290 0.772330 0.000000
vt 0.387850 0.785140 0.000000
vt 0.406040 0.786670 0.000000
vt 0.402770 0.776300 0.000000
vt 0.389140 0.828240 0.000000
vt 0.391030 0.839510 0.000000
vt 0.402970 0.834680 0.000000
vt 0.406340 0.824880 0.000000
vt 0.387950 0.817530 0.000000
vt 0.405770 0.815270 0.000000
vt 0.387450 0.805430 0.000000
vt 0.405400 0.805540 0.000000
vt 0.387630 0.795710 0.000000
vt 0.405630 0.796180 0.000000
vt 0.462020 0.782380 0.000000
vt 0.469960 0.789580 0.000000
vt 0.468540 0.820310 0.000000
vt 0.459980 0.828140 0.000000
vt 0.471010 0.812420 0.000000
vt 0.471840 0.804590 0.000000
vt 0.471740 0.796930 0.000000
vt 0.433550 0.781760 0.000000
vt 0.424830 0.789220 0.000000
vt 0.437790 0.791630 0.000000
vt 0.444070 0.786230 0.000000
vt 0.424620 0.821310 0.000000
vt 0.433140 0.828680 0.000000
vt 0.443190 0.823700 0.000000
vt 0.437280 0.818310 0.000000
vt 0.422410 0.813350 0.000000
vt 0.435250 0.811800 0.000000
vt 0.421940 0.805140 0.000000
vt 0.434890 0.804830 0.000000
vt 0.422520 0.797060 0.000000
vt 0.435520 0.797970 0.000000
vt 0.448720 0.789320 0.000000
vt 0.446950 0.789250 0.000000
vt 0.445020 0.793110 0.000000
vt 0.450260 0.793120 0.000000
vt 0.449450 0.816360 0.000000
vt 0.444370 0.816530 0.000000
vt 0.446170 0.820590 0.000000
vt 0.447670 0.820290 0.000000
vt 0.450310 0.810760 0.000000
vt 0.443720 0.810900 0.000000
vt 0.450680 0.804570 0.000000
vt 0.443700 0.804660 0.000000
vt 0.450740 0.798490 0.000000
vt 0.444070 0.798530 0.000000
vt 0.451930 0.786330 0.000000
vt 0.457380 0.791710 0.000000
vt 0.456290 0.817830 0.000000
vt 0.450280 0.823340 0.000000
vt 0.458550 0.811350 0.000000
vt 0.459270 0.804530 0.000000
vt 0.459100 0.797870 0.000000
vt 0.633370 0.649010 0.000000
vt 0.619480 0.650550 0.000000
vt 0.616260 0.659390 0.000000
vt 0.633910 0.657850 0.000000
vt 0.632080 0.694720 0.000000
vt 0.614740 0.693570 0.000000
vt 0.617130 0.703810 0.000000
vt 0.630660 0.705960 0.000000
vt 0.633020 0.684900 0.000000
vt 0.615500 0.684560 0.000000
vt 0.634040 0.676800 0.000000
vt 0.616160 0.676160 0.000000
vt 0.634480 0.666570 0.000000
vt 0.616330 0.667710 0.000000
vt 0.089410 0.169190 0.000000
vt 0.097660 0.168760 0.000000
vt 0.098920 0.181460 0.000000
vt 0.089070 0.182140 0.000000
vt 0.578910 0.434330 0.000000
vt 0.569230 0.434330 0.000000
vt 0.569810 0.421680 0.000000
vt 0.578400 0.421680 0.000000
vt 0.578400 0.447000 0.000000
vt 0.569810 0.447000 0.000000
vt 0.093960 0.208180 0.000000
vt 0.104590 0.207740 0.000000
vt 0.106120 0.220780 0.000000
vt 0.097820 0.221130 0.000000
vt 0.090540 0.195180 0.000000
vt 0.100640 0.194560 0.000000
vt 0.110380 0.168170 0.000000
vt 0.109580 0.180530 0.000000
vt 0.558760 0.434330 0.000000
vt 0.559270 0.421680 0.000000
vt 0.559270 0.447000 0.000000
vt 0.116380 0.210600 0.000000
vt 0.118800 0.220230 0.000000
vt 0.109540 0.190770 0.000000
vt 0.120610 0.180500 0.000000
vt 0.122510 0.167670 0.000000
vt 0.547020 0.421680 0.000000
vt 0.547590 0.434330 0.000000
vt 0.547020 0.447000 0.000000
vt 0.130810 0.219660 0.000000
vt 0.125370 0.206880 0.000000
vt 0.121050 0.193720 0.000000
vt 0.107020 0.367610 0.000000
vt 0.116890 0.367610 0.000000
vt 0.116190 0.380550 0.000000
vt 0.107680 0.380550 0.000000
vt 0.107020 0.354680 0.000000
vt 0.116890 0.354680 0.000000
vt 0.107680 0.341740 0.000000
vt 0.116190 0.341740 0.000000
vt 0.094750 0.312610 0.000000
vt 0.105690 0.312290 0.000000
vt 0.106990 0.325390 0.000000
vt 0.098410 0.325620 0.000000
vt 0.090840 0.299580 0.000000
vt 0.101290 0.299110 0.000000
vt 0.087300 0.286560 0.000000
vt 0.095830 0.286300 0.000000
vt 0.127290 0.367610 0.000000
vt 0.126650 0.380550 0.000000
vt 0.127290 0.354680 0.000000
vt 0.126650 0.341740 0.000000
vt 0.117660 0.315090 0.000000
vt 0.119960 0.324760 0.000000
vt 0.108660 0.285680 0.000000
vt 0.110590 0.295380 0.000000
vt 0.138890 0.380550 0.000000
vt 0.138180 0.367610 0.000000
vt 0.138180 0.354680 0.000000
vt 0.138890 0.341740 0.000000
vt 0.132140 0.324180 0.000000
vt 0.126880 0.311360 0.000000
vt 0.122490 0.298190 0.000000
vt 0.121030 0.285100 0.000000
vt 0.110390 0.299920 0.000000
vt 0.103580 0.302210 0.000000
vt 0.107510 0.309100 0.000000
vt 0.117800 0.310550 0.000000
vt 0.124610 0.308260 0.000000
vt 0.120670 0.301380 0.000000
vt 0.106210 0.204350 0.000000
vt 0.116540 0.206250 0.000000
vt 0.123230 0.203890 0.000000
vt 0.118590 0.197180 0.000000
vt 0.108270 0.195280 0.000000
vt 0.101580 0.197630 0.000000
vt 0.517230 0.648140 0.000000
vt 0.515490 0.659510 0.000000
vt 0.533660 0.659870 0.000000
vt 0.530090 0.649970 0.000000
vt 0.518370 0.699070 0.000000
vt 0.518770 0.709770 0.000000
vt 0.531470 0.707530 0.000000
vt 0.534820 0.696400 0.000000
vt 0.516070 0.688260 0.000000
vt 0.533990 0.686560 0.000000
vt 0.514730 0.676800 0.000000
vt 0.533300 0.677220 0.000000
vt 0.514860 0.668400 0.000000
vt 0.533370 0.668630 0.000000
vt 0.590190 0.654240 0.000000
vt 0.598000 0.661400 0.000000
vt 0.596890 0.691420 0.000000
vt 0.588550 0.699350 0.000000
vt 0.599210 0.683650 0.000000
vt 0.599920 0.676070 0.000000
vt 0.599760 0.668640 0.000000
vt 0.561140 0.653300 0.000000
vt 0.552700 0.661450 0.000000
vt 0.565880 0.663380 0.000000
vt 0.572110 0.657500 0.000000
vt 0.552980 0.693060 0.000000
vt 0.561400 0.701080 0.000000
vt 0.571640 0.695750 0.000000
vt 0.565670 0.690060 0.000000
vt 0.550710 0.684860 0.000000
vt 0.563600 0.683400 0.000000
vt 0.550130 0.676860 0.000000
vt 0.563190 0.676530 0.000000
vt 0.550560 0.669160 0.000000
vt 0.563720 0.669810 0.000000
vt 0.576740 0.660670 0.000000
vt 0.575250 0.660540 0.000000
vt 0.573200 0.664700 0.000000
vt 0.578380 0.664700 0.000000
vt 0.577810 0.687950 0.000000
vt 0.572780 0.688230 0.000000
vt 0.574790 0.692510 0.000000
vt 0.576000 0.692010 0.000000
vt 0.578590 0.682330 0.000000
vt 0.572060 0.682520 0.000000
vt 0.578890 0.676190 0.000000
vt 0.571980 0.676330 0.000000
vt 0.578900 0.670150 0.000000
vt 0.572300 0.670230 0.000000
vt 0.580110 0.657910 0.000000
vt 0.585460 0.663390 0.000000
vt 0.584660 0.689220 0.000000
vt 0.578830 0.694860 0.000000
vt 0.586780 0.682770 0.000000
vt 0.587390 0.676100 0.000000
vt 0.587170 0.669550 0.000000
vt 0.376360 0.840280 0.000000
vt 0.362670 0.843640 0.000000
vt 0.359480 0.851720 0.000000
vt 0.377540 0.849330 0.000000
vt 0.375340 0.889680 0.000000
vt 0.357690 0.887490 0.000000
vt 0.359870 0.897400 0.000000
vt 0.373300 0.900850 0.000000
vt 0.376690 0.879610 0.000000
vt 0.358740 0.878240 0.000000
vt 0.378160 0.869530 0.000000
vt 0.359580 0.869140 0.000000
vt 0.378110 0.858150 0.000000
vt 0.359680 0.860110 0.000000
vt 0.047690 0.171110 0.000000
vt 0.055950 0.170670 0.000000
vt 0.057220 0.183370 0.000000
vt 0.047360 0.184070 0.000000
vt 0.620570 0.434330 0.000000
vt 0.610900 0.434330 0.000000
vt 0.611480 0.421680 0.000000
vt 0.620060 0.421680 0.000000
vt 0.620060 0.447000 0.000000
vt 0.611480 0.447000 0.000000
vt 0.052270 0.210110 0.000000
vt 0.062900 0.209660 0.000000
vt 0.064440 0.222700 0.000000
vt 0.056130 0.223060 0.000000
vt 0.048840 0.197110 0.000000
vt 0.058950 0.196470 0.000000
vt 0.068670 0.170070 0.000000
vt 0.067880 0.182430 0.000000
vt 0.600440 0.434330 0.000000
vt 0.600960 0.421680 0.000000
vt 0.600960 0.447000 0.000000
vt 0.074700 0.212500 0.000000
vt 0.077130 0.222140 0.000000
vt 0.067850 0.192680 0.000000
vt 0.078910 0.182400 0.000000
vt 0.080800 0.169560 0.000000
vt 0.588720 0.421680 0.000000
vt 0.589290 0.434330 0.000000
vt 0.588720 0.447000 0.000000
vt 0.089150 0.221540 0.000000
vt 0.083690 0.208770 0.000000
vt 0.079360 0.195610 0.000000
vt 0.065480 0.367610 0.000000
vt 0.075360 0.367610 0.000000
vt 0.074660 0.380550 0.000000
vt 0.066140 0.380550 0.000000
vt 0.065480 0.354680 0.000000
vt 0.075360 0.354680 0.000000
vt 0.066140 0.341740 0.000000
vt 0.074660 0.341740 0.000000
vt 0.052150 0.314400 0.000000
vt 0.063100 0.314060 0.000000
vt 0.064420 0.327160 0.000000
vt 0.055820 0.327410 0.000000
vt 0.048220 0.301370 0.000000
vt 0.058680 0.300880 0.000000
vt 0.044670 0.288360 0.000000
vt 0.053210 0.288090 0.000000
vt 0.085770 0.367610 0.000000
vt 0.085120 0.380550 0.000000
vt 0.085770 0.354680 0.000000
vt 0.085120 0.341740 0.000000
vt 0.075080 0.316830 0.000000
vt 0.077400 0.326500 0.000000
vt 0.066030 0.287440 0.000000
vt 0.067980 0.297130 0.000000
vt 0.097370 0.380550 0.000000
vt 0.096660 0.367610 0.000000
vt 0.096660 0.354680 0.000000
vt 0.097370 0.341740 0.000000
vt 0.089600 0.325890 0.000000
vt 0.084310 0.313080 0.000000
vt 0.079900 0.299910 0.000000
vt 0.078410 0.286820 0.000000
vt 0.067800 0.301670 0.000000
vt 0.060990 0.303980 0.000000
vt 0.064910 0.310880 0.000000
vt 0.075210 0.312280 0.000000
vt 0.082030 0.309980 0.000000
vt 0.078090 0.303100 0.000000
vt 0.064520 0.206270 0.000000
vt 0.074850 0.208160 0.000000
vt 0.081540 0.205780 0.000000
vt 0.076910 0.199070 0.000000
vt 0.066580 0.197190 0.000000
vt 0.059900 0.199550 0.000000
vt 0.261470 0.839820 0.000000
vt 0.259730 0.850570 0.000000
vt 0.277390 0.851850 0.000000
vt 0.274110 0.842020 0.000000
vt 0.260800 0.891080 0.000000
vt 0.261550 0.900200 0.000000
vt 0.274070 0.897880 0.000000
vt 0.277500 0.888240 0.000000
vt 0.259450 0.881370 0.000000
vt 0.277000 0.879110 0.000000
vt 0.258770 0.869530 0.000000
vt 0.276660 0.869740 0.000000
vt 0.259300 0.859740 0.000000
vt 0.276960 0.860740 0.000000
vt 0.332840 0.846900 0.000000
vt 0.340850 0.854000 0.000000
vt 0.339500 0.884780 0.000000
vt 0.330860 0.892570 0.000000
vt 0.342060 0.876900 0.000000
vt 0.342910 0.869040 0.000000
vt 0.342740 0.861350 0.000000
vt 0.304290 0.846590 0.000000
vt 0.295820 0.854070 0.000000
vt 0.308560 0.856280 0.000000
vt 0.314630 0.850910 0.000000
vt 0.295480 0.885180 0.000000
vt 0.303730 0.892650 0.000000
vt 0.313640 0.887760 0.000000
vt 0.307950 0.882440 0.000000
vt 0.293390 0.877410 0.000000
vt 0.306030 0.876050 0.000000
vt 0.292980 0.869480 0.000000
vt 0.305720 0.869260 0.000000
vt 0.293570 0.861680 0.000000
vt 0.306350 0.862550 0.000000
vt 0.319040 0.853470 0.000000
vt 0.317680 0.853610 0.000000
vt 0.315680 0.857610 0.000000
vt 0.320840 0.857520 0.000000
vt 0.320030 0.880790 0.000000
vt 0.314980 0.880840 0.000000
vt 0.316760 0.884910 0.000000
vt 0.318000 0.884820 0.000000
vt 0.320980 0.875190 0.000000
vt 0.314400 0.875270 0.000000
vt 0.321380 0.869050 0.000000
vt 0.314410 0.869130 0.000000
vt 0.321410 0.862990 0.000000
vt 0.314780 0.863060 0.000000
vt 0.322320 0.850360 0.000000
vt 0.328030 0.856080 0.000000
vt 0.327000 0.882310 0.000000
vt 0.320770 0.888080 0.000000
vt 0.329340 0.875790 0.000000
vt 0.330070 0.869010 0.000000
vt 0.329860 0.862350 0.000000
vt 0.378200 0.805210 0.000000
vt 0.359580 0.805010 0.000000
vt 0.359150 0.813970 0.000000
vt 0.377200 0.815480 0.000000
vt 0.376910 0.793120 0.000000
vt 0.359200 0.795740 0.000000
vt 0.376170 0.783830 0.000000
vt 0.358690 0.787020 0.000000
vt 0.375450 0.776480 0.000000
vt 0.361450 0.778150 0.000000
vt 0.376530 0.824390 0.000000
vt 0.358480 0.822570 0.000000
vt 0.360950 0.831950 0.000000
vt 0.374910 0.834170 0.000000
vt 0.005970 0.173060 0.000000
vt 0.014220 0.172610 0.000000
vt 0.014750 0.185360 0.000000
vt 0.002000 0.186160 0.000000
vt 0.662170 0.434330 0.000000
vt 0.652520 0.434330 0.000000
vt 0.653100 0.421680 0.000000
vt 0.661670 0.421680 0.000000
vt 0.661670 0.447000 0.000000
vt 0.653100 0.447000 0.000000
vt 0.011510 0.211600 0.000000
vt 0.021240 0.211570 0.000000
vt 0.022730 0.224650 0.000000
vt 0.014400 0.225010 0.000000
vt 0.004890 0.199560 0.000000
vt 0.016820 0.198470 0.000000
vt 0.026950 0.172000 0.000000
vt 0.026050 0.184380 0.000000
vt 0.642080 0.434330 0.000000
vt 0.642590 0.421680 0.000000
vt 0.642590 0.447000 0.000000
vt 0.033010 0.214440 0.000000
vt 0.035430 0.224080 0.000000
vt 0.026050 0.194620 0.000000
vt 0.037180 0.184330 0.000000
vt 0.039080 0.171490 0.000000
vt 0.630370 0.421680 0.000000
vt 0.630930 0.434330 0.000000
vt 0.630370 0.447000 0.000000
vt 0.047450 0.223470 0.000000
vt 0.041990 0.210700 0.000000
vt 0.037650 0.197540 0.000000
vt 0.023880 0.367610 0.000000
vt 0.033800 0.367610 0.000000
vt 0.033100 0.380550 0.000000
vt 0.024570 0.380550 0.000000
vt 0.023880 0.354680 0.000000
vt 0.033800 0.354680 0.000000
vt 0.024570 0.341740 0.000000
vt 0.033100 0.341740 0.000000
vt 0.010520 0.315900 0.000000
vt 0.020560 0.315860 0.000000
vt 0.021780 0.329000 0.000000
vt 0.013170 0.329260 0.000000
vt 0.004640 0.303570 0.000000
vt 0.015950 0.302760 0.000000
vt 0.002000 0.290210 0.000000
vt 0.010540 0.289930 0.000000
vt 0.044220 0.367610 0.000000
vt 0.043570 0.380550 0.000000
vt 0.044220 0.354680 0.000000
vt 0.043570 0.341740 0.000000
vt 0.032470 0.318640 0.000000
vt 0.034780 0.328320 0.000000
vt 0.023380 0.289270 0.000000
vt 0.025330 0.298960 0.000000
vt 0.055830 0.380550 0.000000
vt 0.055120 0.367610 0.000000
vt 0.055120 0.354680 0.000000
vt 0.055830 0.341740 0.000000
vt 0.046990 0.327690 0.000000
vt 0.041690 0.314880 0.000000
vt 0.037270 0.301710 0.000000
vt 0.035770 0.288630 0.000000
vt 0.025160 0.303500 0.000000
vt 0.018350 0.305820 0.000000
vt 0.022260 0.312720 0.000000
vt 0.032570 0.314100 0.000000
vt 0.039390 0.311790 0.000000
vt 0.035470 0.304900 0.000000
vt 0.022800 0.208230 0.000000
vt 0.033140 0.210100 0.000000
vt 0.039830 0.207720 0.000000
vt 0.035210 0.201000 0.000000
vt 0.024880 0.199130 0.000000
vt 0.018190 0.201490 0.000000
vt 0.258740 0.805210 0.000000
vt 0.259040 0.817330 0.000000
vt 0.276910 0.814910 0.000000
vt 0.276940 0.805600 0.000000
vt 0.260540 0.794710 0.000000
vt 0.277700 0.796320 0.000000
vt 0.260890 0.784880 0.000000
vt 0.278390 0.787150 0.000000
vt 0.262680 0.774600 0.000000
vt 0.275430 0.776980 0.000000
vt 0.259600 0.826680 0.000000
vt 0.260730 0.834250 0.000000
vt 0.273540 0.832010 0.000000
vt 0.277110 0.823470 0.000000
vt 0.343040 0.805220 0.000000
vt 0.342410 0.812810 0.000000
vt 0.342660 0.797470 0.000000
vt 0.340590 0.789980 0.000000
vt 0.332370 0.782890 0.000000
vt 0.340090 0.820080 0.000000
vt 0.331570 0.827010 0.000000
vt 0.293380 0.805610 0.000000
vt 0.293600 0.813330 0.000000
vt 0.306390 0.812120 0.000000
vt 0.306160 0.805580 0.000000
vt 0.294180 0.797750 0.000000
vt 0.306890 0.798910 0.000000
vt 0.296640 0.790110 0.000000
vt 0.309210 0.792660 0.000000
vt 0.305290 0.783140 0.000000
vt 0.315350 0.787440 0.000000
vt 0.295550 0.820520 0.000000
vt 0.303800 0.826970 0.000000
vt 0.313950 0.823050 0.000000
vt 0.308260 0.818070 0.000000
vt 0.321740 0.805470 0.000000
vt 0.314830 0.805530 0.000000
vt 0.314800 0.811400 0.000000
vt 0.321370 0.811320 0.000000
vt 0.321780 0.799490 0.000000
vt 0.315250 0.799540 0.000000
vt 0.321250 0.794060 0.000000
vt 0.316200 0.794100 0.000000
vt 0.319590 0.790100 0.000000
vt 0.318180 0.790130 0.000000
vt 0.320530 0.816470 0.000000
vt 0.315390 0.816580 0.000000
vt 0.317120 0.820350 0.000000
vt 0.318700 0.820110 0.000000
vt 0.330330 0.805370 0.000000
vt 0.329710 0.811850 0.000000
vt 0.330060 0.798770 0.000000
vt 0.328220 0.792550 0.000000
vt 0.322730 0.787320 0.000000
vt 0.327550 0.817800 0.000000
vt 0.321680 0.822810 0.000000
vt 0.515380 0.547820 0.000000
vt 0.534250 0.547580 0.000000
vt 0.534510 0.538290 0.000000
vt 0.515820 0.537570 0.000000
vt 0.515900 0.559710 0.000000
vt 0.534610 0.557080 0.000000
vt 0.516900 0.569480 0.000000
vt 0.535210 0.566200 0.000000
vt 0.517870 0.578230 0.000000
vt 0.532430 0.575590 0.000000
vt 0.515950 0.527420 0.000000
vt 0.534980 0.529030 0.000000
vt 0.532270 0.518820 0.000000
vt 0.517510 0.516470 0.000000
vt 0.047790 0.072210 0.000000
vt 0.039570 0.072010 0.000000
vt 0.039300 0.059320 0.000000
vt 0.049120 0.059400 0.000000
vt 0.703700 0.434330 0.000000
vt 0.694060 0.434330 0.000000
vt 0.694640 0.421680 0.000000
vt 0.703190 0.421680 0.000000
vt 0.703190 0.447000 0.000000
vt 0.694640 0.447000 0.000000
vt 0.046300 0.033230 0.000000
vt 0.035720 0.032840 0.000000
vt 0.035230 0.019810 0.000000
vt 0.043510 0.020110 0.000000
vt 0.048680 0.046370 0.000000
vt 0.038600 0.046210 0.000000
vt 0.026920 0.071620 0.000000
vt 0.028770 0.059430 0.000000
vt 0.683640 0.434330 0.000000
vt 0.684160 0.421680 0.000000
vt 0.684160 0.447000 0.000000
vt 0.024230 0.029120 0.000000
vt 0.022590 0.019400 0.000000
vt 0.029560 0.049280 0.000000
vt 0.006300 0.070890 0.000000
vt 0.011250 0.058230 0.000000
vt 0.018470 0.058630 0.000000
vt 0.014870 0.071190 0.000000
vt 0.671950 0.421680 0.000000
vt 0.672520 0.434330 0.000000
vt 0.671950 0.447000 0.000000
vt 0.003810 0.032300 0.000000
vt 0.002000 0.018800 0.000000
vt 0.010630 0.019070 0.000000
vt 0.014980 0.032160 0.000000
vt 0.009430 0.044740 0.000000
vt 0.018700 0.045480 0.000000
vt 0.923230 0.258630 0.000000
vt 0.932990 0.258630 0.000000
vt 0.932470 0.271580 0.000000
vt 0.923920 0.271580 0.000000
vt 0.923230 0.245670 0.000000
vt 0.932990 0.245670 0.000000
vt 0.923920 0.232720 0.000000
vt 0.932470 0.232720 0.000000
vt 0.047120 0.109710 0.000000
vt 0.036210 0.109230 0.000000
vt 0.035900 0.096150 0.000000
vt 0.044470 0.096540 0.000000
vt 0.050020 0.122920 0.000000
vt 0.039590 0.122620 0.000000
vt 0.052570 0.136090 0.000000
vt 0.044070 0.135720 0.000000
vt 0.942960 0.258640 0.000000
vt 0.942960 0.271580 0.000000
vt 0.942960 0.245680 0.000000
vt 0.942960 0.232720 0.000000
vt 0.024500 0.105610 0.000000
vt 0.022940 0.095850 0.000000
vt 0.031290 0.135420 0.000000
vt 0.030080 0.125660 0.000000
vt 0.014260 0.380550 0.000000
vt 0.013370 0.367610 0.000000
vt 0.013370 0.354680 0.000000
vt 0.014260 0.341740 0.000000
vt 0.003600 0.108610 0.000000
vt 0.002000 0.095170 0.000000
vt 0.010780 0.095560 0.000000
vt 0.014950 0.108670 0.000000
vt 0.008490 0.121280 0.000000
vt 0.018530 0.122010 0.000000
vt 0.010100 0.134720 0.000000
vt 0.018950 0.135130 0.000000
vt 0.002000 0.380550 0.000000
vt 0.002000 0.367630 0.000000
vt 0.002000 0.354680 0.000000
vt 0.002000 0.341740 0.000000
vt 0.030590 0.121170 0.000000
vt 0.037530 0.119380 0.000000
vt 0.034190 0.112240 0.000000
vt 0.024070 0.110110 0.000000
vt 0.017120 0.111900 0.000000
vt 0.020480 0.119020 0.000000
vt 0.033870 0.036050 0.000000
vt 0.023770 0.033420 0.000000
vt 0.016960 0.035260 0.000000
vt 0.020990 0.042280 0.000000
vt 0.031070 0.044930 0.000000
vt 0.037880 0.043090 0.000000
vt 0.634760 0.546670 0.000000
vt 0.634370 0.534930 0.000000
vt 0.617120 0.537100 0.000000
vt 0.617110 0.546190 0.000000
vt 0.632950 0.556710 0.000000
vt 0.616330 0.555210 0.000000
vt 0.632150 0.565850 0.000000
vt 0.615540 0.564210 0.000000
vt 0.630570 0.575940 0.000000
vt 0.618340 0.574330 0.000000
vt 0.633630 0.525870 0.000000
vt 0.632610 0.518010 0.000000
vt 0.620350 0.519850 0.000000
vt 0.616890 0.528570 0.000000
vt 0.551330 0.547050 0.000000
vt 0.551880 0.539130 0.000000
vt 0.551830 0.555090 0.000000
vt 0.554120 0.562900 0.000000
vt 0.562840 0.570240 0.000000
vt 0.554230 0.531450 0.000000
vt 0.563100 0.524160 0.000000
vt 0.601240 0.546160 0.000000
vt 0.601030 0.538540 0.000000
vt 0.588620 0.539710 0.000000
vt 0.588850 0.546220 0.000000
vt 0.600460 0.553940 0.000000
vt 0.588180 0.552900 0.000000
vt 0.598070 0.561710 0.000000
vt 0.586000 0.559300 0.000000
vt 0.589730 0.569490 0.000000
vt 0.580130 0.564700 0.000000
vt 0.599140 0.531280 0.000000
vt 0.591210 0.524270 0.000000
vt 0.581400 0.528840 0.000000
vt 0.586840 0.533760 0.000000
vt 0.573340 0.546450 0.000000
vt 0.580320 0.546320 0.000000
vt 0.580340 0.540420 0.000000
vt 0.573670 0.540490 0.000000
vt 0.573420 0.552580 0.000000
vt 0.580000 0.552390 0.000000
vt 0.574180 0.558250 0.000000
vt 0.579230 0.557980 0.000000
vt 0.576170 0.562470 0.000000
vt 0.577600 0.562020 0.000000
vt 0.574600 0.535240 0.000000
vt 0.579840 0.535260 0.000000
vt 0.578350 0.531660 0.000000
vt 0.576550 0.531580 0.000000
vt 0.564480 0.546670 0.000000
vt 0.565070 0.539970 0.000000
vt 0.564900 0.553520 0.000000
vt 0.567010 0.560050 0.000000
vt 0.573030 0.565700 0.000000
vt 0.567330 0.533750 0.000000
vt 0.573620 0.528290 0.000000
vt 0.505180 0.583590 0.000000
vt 0.491040 0.584630 0.000000
vt 0.487890 0.593590 0.000000
vt 0.505910 0.591990 0.000000
vt 0.503430 0.628080 0.000000
vt 0.486150 0.627310 0.000000
vt 0.488530 0.637690 0.000000
vt 0.502410 0.638870 0.000000
vt 0.504630 0.618990 0.000000
vt 0.486990 0.618480 0.000000
vt 0.505880 0.611340 0.000000
vt 0.487750 0.610280 0.000000
vt 0.506330 0.600920 0.000000
vt 0.487960 0.601900 0.000000
vt 0.089310 0.073540 0.000000
vt 0.081080 0.073330 0.000000
vt 0.080800 0.060640 0.000000
vt 0.090650 0.060730 0.000000
vt 0.745120 0.434330 0.000000
vt 0.735520 0.434330 0.000000
vt 0.736100 0.421680 0.000000
vt 0.744620 0.421680 0.000000
vt 0.744620 0.447000 0.000000
vt 0.736100 0.447000 0.000000
vt 0.087870 0.034540 0.000000
vt 0.077270 0.034150 0.000000
vt 0.076790 0.021120 0.000000
vt 0.085090 0.021420 0.000000
vt 0.090220 0.047700 0.000000
vt 0.080120 0.047530 0.000000
vt 0.068420 0.072940 0.000000
vt 0.070150 0.060750 0.000000
vt 0.725120 0.434330 0.000000
vt 0.725630 0.421680 0.000000
vt 0.725630 0.447000 0.000000
vt 0.065780 0.030420 0.000000
vt 0.064140 0.020700 0.000000
vt 0.070980 0.050610 0.000000
vt 0.059210 0.059930 0.000000
vt 0.056360 0.072510 0.000000
vt 0.713460 0.421680 0.000000
vt 0.714020 0.434330 0.000000
vt 0.713460 0.447000 0.000000
vt 0.052160 0.020370 0.000000
vt 0.056550 0.033440 0.000000
vt 0.059790 0.046820 0.000000
vt 0.881600 0.258630 0.000000
vt 0.891510 0.258630 0.000000
vt 0.890810 0.271580 0.000000
vt 0.882250 0.271580 0.000000
vt 0.881600 0.245670 0.000000
vt 0.891510 0.245670 0.000000
vt 0.882250 0.232720 0.000000
vt 0.890810 0.232720 0.000000
vt 0.089640 0.111050 0.000000
vt 0.078720 0.110580 0.000000
vt 0.078400 0.097490 0.000000
vt 0.086980 0.097880 0.000000
vt 0.092550 0.124260 0.000000
vt 0.082100 0.123960 0.000000
vt 0.095100 0.137430 0.000000
vt 0.086590 0.137060 0.000000
vt 0.901950 0.258630 0.000000
vt 0.901300 0.271580 0.000000
vt 0.901950 0.245670 0.000000
vt 0.901300 0.232720 0.000000
vt 0.067020 0.106960 0.000000
vt 0.065440 0.097210 0.000000
vt 0.073800 0.136770 0.000000
vt 0.072570 0.127020 0.000000
vt 0.913590 0.271580 0.000000
vt 0.912870 0.258630 0.000000
vt 0.912870 0.245670 0.000000
vt 0.913590 0.232720 0.000000
vt 0.053260 0.096930 0.000000
vt 0.057550 0.110010 0.000000
vt 0.060930 0.123400 0.000000
vt 0.061440 0.136490 0.000000
vt 0.073090 0.122530 0.000000
vt 0.080030 0.120730 0.000000
vt 0.076700 0.113580 0.000000
vt 0.066570 0.111470 0.000000
vt 0.059620 0.113260 0.000000
vt 0.062960 0.120390 0.000000
vt 0.075410 0.037350 0.000000
vt 0.065310 0.034730 0.000000
vt 0.058480 0.036580 0.000000
vt 0.062490 0.043610 0.000000
vt 0.072580 0.046250 0.000000
vt 0.079390 0.044410 0.000000
vt 0.388240 0.582440 0.000000
vt 0.386690 0.594020 0.000000
vt 0.404800 0.594530 0.000000
vt 0.401130 0.584530 0.000000
vt 0.389790 0.633870 0.000000
vt 0.390770 0.643220 0.000000
vt 0.403380 0.640750 0.000000
vt 0.406490 0.630600 0.000000
vt 0.387980 0.623780 0.000000
vt 0.405600 0.621260 0.000000
vt 0.386400 0.612210 0.000000
vt 0.404770 0.612060 0.000000
vt 0.386120 0.603730 0.000000
vt 0.404630 0.603430 0.000000
vt 0.461430 0.588490 0.000000
vt 0.469400 0.595660 0.000000
vt 0.468260 0.625250 0.000000
vt 0.459860 0.633460 0.000000
vt 0.470610 0.617510 0.000000
vt 0.471350 0.610050 0.000000
vt 0.471200 0.602770 0.000000
vt 0.432190 0.588560 0.000000
vt 0.423790 0.596160 0.000000
vt 0.436930 0.598000 0.000000
vt 0.443050 0.592360 0.000000
vt 0.424560 0.627050 0.000000
vt 0.433130 0.634680 0.000000
vt 0.443000 0.629580 0.000000
vt 0.437070 0.623950 0.000000
vt 0.422170 0.619130 0.000000
vt 0.434930 0.617440 0.000000
vt 0.421460 0.611280 0.000000
vt 0.434430 0.610700 0.000000
vt 0.421760 0.603690 0.000000
vt 0.434860 0.604170 0.000000
vt 0.448060 0.595590 0.000000
vt 0.446060 0.595540 0.000000
vt 0.444260 0.599280 0.000000
vt 0.449590 0.599240 0.000000
vt 0.449180 0.621690 0.000000
vt 0.444100 0.622030 0.000000
vt 0.445980 0.626220 0.000000
vt 0.447570 0.625560 0.000000
vt 0.449900 0.616180 0.000000
vt 0.443340 0.616430 0.000000
vt 0.450150 0.610190 0.000000
vt 0.443200 0.610380 0.000000
vt 0.450120 0.604380 0.000000
vt 0.443440 0.604510 0.000000
vt 0.451390 0.592740 0.000000
vt 0.456760 0.597820 0.000000
vt 0.456030 0.622980 0.000000
vt 0.450240 0.628400 0.000000
vt 0.458130 0.616610 0.000000
vt 0.458730 0.610060 0.000000
vt 0.458490 0.603710 0.000000
vt 0.122260 0.484610 0.000000
vt 0.103800 0.484390 0.000000
vt 0.103540 0.492950 0.000000
vt 0.121890 0.493490 0.000000
vt 0.121280 0.473460 0.000000
vt 0.103450 0.475450 0.000000
vt 0.120620 0.464120 0.000000
vt 0.103050 0.466730 0.000000
vt 0.120080 0.456290 0.000000
vt 0.106000 0.457800 0.000000
vt 0.121400 0.502800 0.000000
vt 0.103070 0.501550 0.000000
vt 0.105820 0.510970 0.000000
vt 0.119930 0.513080 0.000000
vt 0.130910 0.074900 0.000000
vt 0.122660 0.074680 0.000000
vt 0.122390 0.061990 0.000000
vt 0.132250 0.062080 0.000000
vt 0.786470 0.434330 0.000000
vt 0.776870 0.434330 0.000000
vt 0.777450 0.421680 0.000000
vt 0.785950 0.421680 0.000000
vt 0.785950 0.447000 0.000000
vt 0.777450 0.447000 0.000000
vt 0.129500 0.035890 0.000000
vt 0.118880 0.035480 0.000000
vt 0.118420 0.022440 0.000000
vt 0.126750 0.022750 0.000000
vt 0.131830 0.049050 0.000000
vt 0.121710 0.048870 0.000000
vt 0.109980 0.074290 0.000000
vt 0.111710 0.062090 0.000000
vt 0.766500 0.434330 0.000000
vt 0.767010 0.421680 0.000000
vt 0.767010 0.447000 0.000000
vt 0.107380 0.031750 0.000000
vt 0.105750 0.022030 0.000000
vt 0.112550 0.051940 0.000000
vt 0.100760 0.061270 0.000000
vt 0.097900 0.073850 0.000000
vt 0.754860 0.421680 0.000000
vt 0.755420 0.434330 0.000000
vt 0.754860 0.447000 0.000000
vt 0.093760 0.021690 0.000000
vt 0.098140 0.034760 0.000000
vt 0.101350 0.048150 0.000000
vt 0.839920 0.258630 0.000000
vt 0.849820 0.258630 0.000000
vt 0.849120 0.271580 0.000000
vt 0.840570 0.271580 0.000000
vt 0.839920 0.245670 0.000000
vt 0.849820 0.245670 0.000000
vt 0.840570 0.232720 0.000000
vt 0.849120 0.232720 0.000000
vt 0.132210 0.112340 0.000000
vt 0.121280 0.111880 0.000000
vt 0.120950 0.098790 0.000000
vt 0.129540 0.099170 0.000000
vt 0.135130 0.125550 0.000000
vt 0.124660 0.125260 0.000000
vt 0.137690 0.138720 0.000000
vt 0.129160 0.138360 0.000000
vt 0.860270 0.258630 0.000000
vt 0.859620 0.271580 0.000000
vt 0.860270 0.245670 0.000000
vt 0.859620 0.232720 0.000000
vt 0.109560 0.108280 0.000000
vt 0.107970 0.098530 0.000000
vt 0.116360 0.138080 0.000000
vt 0.115120 0.128330 0.000000
vt 0.871910 0.271580 0.000000
vt 0.871200 0.258630 0.000000
vt 0.871200 0.245670 0.000000
vt 0.871910 0.232720 0.000000
vt 0.095790 0.098260 0.000000
vt 0.100090 0.111340 0.000000
vt 0.103470 0.124720 0.000000
vt 0.103990 0.137820 0.000000
vt 0.115630 0.123840 0.000000
vt 0.122580 0.122030 0.000000
vt 0.119260 0.114880 0.000000
vt 0.109120 0.112790 0.000000
vt 0.102170 0.114590 0.000000
vt 0.105500 0.121730 0.000000
vt 0.117020 0.038670 0.000000
vt 0.106910 0.036060 0.000000
vt 0.100070 0.037910 0.000000
vt 0.104040 0.044960 0.000000
vt 0.114140 0.047580 0.000000
vt 0.120970 0.045740 0.000000
vt 0.003080 0.483320 0.000000
vt 0.002620 0.494430 0.000000
vt 0.020620 0.493050 0.000000
vt 0.021010 0.484220 0.000000
vt 0.004880 0.474030 0.000000
vt 0.021980 0.475330 0.000000
vt 0.005830 0.464060 0.000000
vt 0.022890 0.466100 0.000000
vt 0.007440 0.453430 0.000000
vt 0.020110 0.455720 0.000000
vt 0.002620 0.503360 0.000000
vt 0.003450 0.511040 0.000000
vt 0.016440 0.509430 0.000000
vt 0.020410 0.501310 0.000000
vt 0.087180 0.484640 0.000000
vt 0.086610 0.492190 0.000000
vt 0.086810 0.476920 0.000000
vt 0.084800 0.469260 0.000000
vt 0.076680 0.461670 0.000000
vt 0.084370 0.499530 0.000000
vt 0.075950 0.506720 0.000000
vt 0.037360 0.484640 0.000000
vt 0.037370 0.492190 0.000000
vt 0.050220 0.491400 0.000000
vt 0.050110 0.484860 0.000000
vt 0.038300 0.476840 0.000000
vt 0.050900 0.478120 0.000000
vt 0.040870 0.468940 0.000000
vt 0.053280 0.471610 0.000000
vt 0.049600 0.461040 0.000000
vt 0.059450 0.466130 0.000000
vt 0.039040 0.499390 0.000000
vt 0.047000 0.506620 0.000000
vt 0.057430 0.502690 0.000000
vt 0.051920 0.497450 0.000000
vt 0.065710 0.484910 0.000000
vt 0.058770 0.484930 0.000000
vt 0.058680 0.490890 0.000000
vt 0.065310 0.490880 0.000000
vt 0.065770 0.478780 0.000000
vt 0.059220 0.478810 0.000000
vt 0.065220 0.473090 0.000000
vt 0.060200 0.473130 0.000000
vt 0.063400 0.468750 0.000000
vt 0.062270 0.468890 0.000000
vt 0.064360 0.496220 0.000000
vt 0.059160 0.496200 0.000000
vt 0.060860 0.500190 0.000000
vt 0.062280 0.500200 0.000000
vt 0.074380 0.484830 0.000000
vt 0.073740 0.491390 0.000000
vt 0.074110 0.478090 0.000000
vt 0.072260 0.471610 0.000000
vt 0.066700 0.465940 0.000000
vt 0.071550 0.497520 0.000000
vt 0.065540 0.502960 0.000000
vt 0.377040 0.481740 0.000000
vt 0.358290 0.481740 0.000000
vt 0.358330 0.490140 0.000000
vt 0.377200 0.489840 0.000000
vt 0.376080 0.470900 0.000000
vt 0.357660 0.472740 0.000000
vt 0.373970 0.460550 0.000000
vt 0.356770 0.463400 0.000000
vt 0.372440 0.450090 0.000000
vt 0.359450 0.453620 0.000000
vt 0.376600 0.498720 0.000000
vt 0.358120 0.498740 0.000000
vt 0.361320 0.508280 0.000000
vt 0.375110 0.510050 0.000000
vt 0.172140 0.076270 0.000000
vt 0.164310 0.076060 0.000000
vt 0.163880 0.063360 0.000000
vt 0.173490 0.063450 0.000000
vt 0.021150 0.401110 0.000000
vt 0.011830 0.401110 0.000000
vt 0.012370 0.388250 0.000000
vt 0.020560 0.388250 0.000000
vt 0.020560 0.413980 0.000000
vt 0.012370 0.413980 0.000000
vt 0.170780 0.037240 0.000000
vt 0.160440 0.036830 0.000000
vt 0.160130 0.023790 0.000000
vt 0.168060 0.024100 0.000000
vt 0.173090 0.050410 0.000000
vt 0.163220 0.050230 0.000000
vt 0.151610 0.075660 0.000000
vt 0.153310 0.063460 0.000000
vt 0.002000 0.401100 0.000000
vt 0.002000 0.388250 0.000000
vt 0.002000 0.413980 0.000000
vt 0.149040 0.033100 0.000000
vt 0.147430 0.023380 0.000000
vt 0.154150 0.053310 0.000000
vt 0.142370 0.062630 0.000000
vt 0.139510 0.075210 0.000000
vt 0.796160 0.421680 0.000000
vt 0.796820 0.434330 0.000000
vt 0.796160 0.447000 0.000000
vt 0.135430 0.023040 0.000000
vt 0.139790 0.036110 0.000000
vt 0.142970 0.049510 0.000000
vt 0.808280 0.421680 0.000000
vt 0.808280 0.434330 0.000000
vt 0.808280 0.447000 0.000000
vt 0.798750 0.258630 0.000000
vt 0.808410 0.258630 0.000000
vt 0.807630 0.271580 0.000000
vt 0.799480 0.271580 0.000000
vt 0.798750 0.245670 0.000000
vt 0.808410 0.245670 0.000000
vt 0.799480 0.232720 0.000000
vt 0.807630 0.232720 0.000000
vt 0.174410 0.113540 0.000000
vt 0.163770 0.113110 0.000000
vt 0.163540 0.100030 0.000000
vt 0.171730 0.100380 0.000000
vt 0.177340 0.126750 0.000000
vt 0.167160 0.126500 0.000000
vt 0.179910 0.139920 0.000000
vt 0.171790 0.139590 0.000000
vt 0.818670 0.258630 0.000000
vt 0.817930 0.271580 0.000000
vt 0.818670 0.245670 0.000000
vt 0.817930 0.232720 0.000000
vt 0.152130 0.109540 0.000000
vt 0.150550 0.099790 0.000000
vt 0.158970 0.139340 0.000000
vt 0.157700 0.129590 0.000000
vt 0.830220 0.271580 0.000000
vt 0.829530 0.258630 0.000000
vt 0.829530 0.245670 0.000000
vt 0.830220 0.232720 0.000000
vt 0.138360 0.099540 0.000000
vt 0.142670 0.112620 0.000000
vt 0.146060 0.126000 0.000000
vt 0.146590 0.139100 0.000000
vt 0.158230 0.125100 0.000000
vt 0.165170 0.123270 0.000000
vt 0.161870 0.116110 0.000000
vt 0.151720 0.114050 0.000000
vt 0.144760 0.115870 0.000000
vt 0.148090 0.123010 0.000000
vt 0.158700 0.040010 0.000000
vt 0.148580 0.037410 0.000000
vt 0.141740 0.039260 0.000000
vt 0.145670 0.046340 0.000000
vt 0.155780 0.048950 0.000000
vt 0.162610 0.047100 0.000000
vt 0.257650 0.483490 0.000000
vt 0.257780 0.494170 0.000000
vt 0.275560 0.492740 0.000000
vt 0.275490 0.483950 0.000000
vt 0.258570 0.475020 0.000000
vt 0.275990 0.475350 0.000000
vt 0.259720 0.465940 0.000000
vt 0.276520 0.466320 0.000000
vt 0.260940 0.454860 0.000000
vt 0.273200 0.455830 0.000000
vt 0.258980 0.503280 0.000000
vt 0.259630 0.512690 0.000000
vt 0.272060 0.511390 0.000000
vt 0.275780 0.501510 0.000000
vt 0.341330 0.482390 0.000000
vt 0.341030 0.490040 0.000000
vt 0.340780 0.474470 0.000000
vt 0.338630 0.466430 0.000000
vt 0.330450 0.458390 0.000000
vt 0.339140 0.497670 0.000000
vt 0.331070 0.505670 0.000000
vt 0.291770 0.483830 0.000000
vt 0.292040 0.491540 0.000000
vt 0.304680 0.490450 0.000000
vt 0.304420 0.483620 0.000000
vt 0.292340 0.475990 0.000000
vt 0.304920 0.476620 0.000000
vt 0.294440 0.467990 0.000000
vt 0.306890 0.469910 0.000000
vt 0.302520 0.459670 0.000000
vt 0.312620 0.464000 0.000000
vt 0.293850 0.498990 0.000000
vt 0.301680 0.505950 0.000000
vt 0.311850 0.502000 0.000000
vt 0.306410 0.496680 0.000000
vt 0.319680 0.483210 0.000000
vt 0.312920 0.483420 0.000000
vt 0.312970 0.489740 0.000000
vt 0.319480 0.489540 0.000000
vt 0.319620 0.476740 0.000000
vt 0.313160 0.476950 0.000000
vt 0.319020 0.470880 0.000000
vt 0.313870 0.471100 0.000000
vt 0.317390 0.466680 0.000000
vt 0.315440 0.466880 0.000000
vt 0.318800 0.495100 0.000000
vt 0.313520 0.495220 0.000000
vt 0.314990 0.499080 0.000000
vt 0.317180 0.499040 0.000000
vt 0.328330 0.482910 0.000000
vt 0.327940 0.489750 0.000000
vt 0.327950 0.475890 0.000000
vt 0.326100 0.469150 0.000000
vt 0.320620 0.463270 0.000000
vt 0.326100 0.496200 0.000000
vt 0.320410 0.502200 0.000000
vt 0.259760 0.613600 0.000000
vt 0.277660 0.613960 0.000000
vt 0.277970 0.605660 0.000000
vt 0.260070 0.605570 0.000000
vt 0.260350 0.624180 0.000000
vt 0.277930 0.622600 0.000000
vt 0.261410 0.633130 0.000000
vt 0.278310 0.631200 0.000000
vt 0.261880 0.641680 0.000000
vt 0.275350 0.640280 0.000000
vt 0.261220 0.596500 0.000000
vt 0.278520 0.597000 0.000000
vt 0.275810 0.587230 0.000000
vt 0.262300 0.585750 0.000000
vt 0.213020 0.077680 0.000000
vt 0.205170 0.077460 0.000000
vt 0.204760 0.064750 0.000000
vt 0.214380 0.064860 0.000000
vt 0.062040 0.401110 0.000000
vt 0.052660 0.401110 0.000000
vt 0.053310 0.388250 0.000000
vt 0.061470 0.388250 0.000000
vt 0.061470 0.413980 0.000000
vt 0.053310 0.413980 0.000000
vt 0.211720 0.038630 0.000000
vt 0.201360 0.038200 0.000000
vt 0.201070 0.025160 0.000000
vt 0.209020 0.025480 0.000000
vt 0.214000 0.051810 0.000000
vt 0.204120 0.051620 0.000000
vt 0.192450 0.077040 0.000000
vt 0.194200 0.064840 0.000000
vt 0.042390 0.401110 0.000000
vt 0.042970 0.388250 0.000000
vt 0.042970 0.413980 0.000000
vt 0.189970 0.034460 0.000000
vt 0.188350 0.024740 0.000000
vt 0.195050 0.054690 0.000000
vt 0.183360 0.064010 0.000000
vt 0.180320 0.076570 0.000000
vt 0.030690 0.388250 0.000000
vt 0.031330 0.401110 0.000000
vt 0.030690 0.413980 0.000000
vt 0.176330 0.024390 0.000000
vt 0.180790 0.037480 0.000000
vt 0.183970 0.050890 0.000000
vt 0.757860 0.258630 0.000000
vt 0.767520 0.258630 0.000000
vt 0.766740 0.271580 0.000000
vt 0.758590 0.271580 0.000000
vt 0.757860 0.245670 0.000000
vt 0.767520 0.245670 0.000000
vt 0.758590 0.232720 0.000000
vt 0.766740 0.232720 0.000000
vt 0.216230 0.114650 0.000000
vt 0.205580 0.114240 0.000000
vt 0.205340 0.101150 0.000000
vt 0.213540 0.101490 0.000000
vt 0.219170 0.127860 0.000000
vt 0.208990 0.127620 0.000000
vt 0.221760 0.141030 0.000000
vt 0.213630 0.140710 0.000000
vt 0.777760 0.258630 0.000000
vt 0.777040 0.271580 0.000000
vt 0.777760 0.245670 0.000000
vt 0.777040 0.232720 0.000000
vt 0.193960 0.110690 0.000000
vt 0.192340 0.100940 0.000000
vt 0.200810 0.140490 0.000000
vt 0.199540 0.130730 0.000000
vt 0.789330 0.271580 0.000000
vt 0.788550 0.258630 0.000000
vt 0.788550 0.245670 0.000000
vt 0.789330 0.232720 0.000000
vt 0.180140 0.100720 0.000000
vt 0.184580 0.113790 0.000000
vt 0.187980 0.127170 0.000000
vt 0.188410 0.140270 0.000000
vt 0.200040 0.126240 0.000000
vt 0.206990 0.124390 0.000000
vt 0.203690 0.117230 0.000000
vt 0.193540 0.115200 0.000000
vt 0.186580 0.117040 0.000000
vt 0.189890 0.124180 0.000000
vt 0.199620 0.041370 0.000000
vt 0.189490 0.038770 0.000000
vt 0.182630 0.040630 0.000000
vt 0.186530 0.047720 0.000000
vt 0.196640 0.050330 0.000000
vt 0.203490 0.048480 0.000000
vt 0.379100 0.613690 0.000000
vt 0.378970 0.601570 0.000000
vt 0.360500 0.603430 0.000000
vt 0.360550 0.613120 0.000000
vt 0.377870 0.623750 0.000000
vt 0.359860 0.622610 0.000000
vt 0.376790 0.634060 0.000000
vt 0.359050 0.632310 0.000000
vt 0.374930 0.645750 0.000000
vt 0.362060 0.643340 0.000000
vt 0.377760 0.591230 0.000000
vt 0.376900 0.581300 0.000000
vt 0.363830 0.583660 0.000000
vt 0.360170 0.593940 0.000000
vt 0.293830 0.613740 0.000000
vt 0.294360 0.606180 0.000000
vt 0.294150 0.621370 0.000000
vt 0.296010 0.629010 0.000000
vt 0.303720 0.636810 0.000000
vt 0.296450 0.598570 0.000000
vt 0.304470 0.590560 0.000000
vt 0.343660 0.613090 0.000000
vt 0.343390 0.604940 0.000000
vt 0.330260 0.606220 0.000000
vt 0.330520 0.613160 0.000000
vt 0.342890 0.621320 0.000000
vt 0.329840 0.620210 0.000000
vt 0.340380 0.629490 0.000000
vt 0.327520 0.626840 0.000000
vt 0.331430 0.637390 0.000000
vt 0.321250 0.632400 0.000000
vt 0.341350 0.597110 0.000000
vt 0.332860 0.589910 0.000000
vt 0.322480 0.594710 0.000000
vt 0.328330 0.599890 0.000000
vt 0.314770 0.613370 0.000000
vt 0.321680 0.613250 0.000000
vt 0.321670 0.607020 0.000000
vt 0.315050 0.607190 0.000000
vt 0.314730 0.619640 0.000000
vt 0.321300 0.619600 0.000000
vt 0.315160 0.625280 0.000000
vt 0.320350 0.625290 0.000000
vt 0.316570 0.629250 0.000000
vt 0.318440 0.629350 0.000000
vt 0.315770 0.601760 0.000000
vt 0.321030 0.601580 0.000000
vt 0.319300 0.597790 0.000000
vt 0.317330 0.598090 0.000000
vt 0.306290 0.613520 0.000000
vt 0.306820 0.606810 0.000000
vt 0.306530 0.620310 0.000000
vt 0.308210 0.626760 0.000000
vt 0.313450 0.632490 0.000000
vt 0.308800 0.600480 0.000000
vt 0.314500 0.594830 0.000000
vt 0.131260 0.484010 0.000000
vt 0.149620 0.484410 0.000000
vt 0.149890 0.475900 0.000000
vt 0.131700 0.474980 0.000000
vt 0.131890 0.495480 0.000000
vt 0.149850 0.493360 0.000000
vt 0.132280 0.504740 0.000000
vt 0.150130 0.501830 0.000000
vt 0.133090 0.511950 0.000000
vt 0.147140 0.510120 0.000000
vt 0.132080 0.466380 0.000000
vt 0.150310 0.467610 0.000000
vt 0.147600 0.458510 0.000000
vt 0.133440 0.456680 0.000000
vt 0.254000 0.079120 0.000000
vt 0.246120 0.078890 0.000000
vt 0.245720 0.066180 0.000000
vt 0.255370 0.066290 0.000000
vt 0.102820 0.401110 0.000000
vt 0.093470 0.401110 0.000000
vt 0.094120 0.388250 0.000000
vt 0.102250 0.388250 0.000000
vt 0.102250 0.413980 0.000000
vt 0.094120 0.413980 0.000000
vt 0.252740 0.040050 0.000000
vt 0.242360 0.039610 0.000000
vt 0.242090 0.026560 0.000000
vt 0.250070 0.026890 0.000000
vt 0.255000 0.053240 0.000000
vt 0.245090 0.053030 0.000000
vt 0.233370 0.078470 0.000000
vt 0.235130 0.066260 0.000000
vt 0.083230 0.401110 0.000000
vt 0.083810 0.388250 0.000000
vt 0.083810 0.413980 0.000000
vt 0.230950 0.035870 0.000000
vt 0.229350 0.026140 0.000000
vt 0.235990 0.056110 0.000000
vt 0.224280 0.065420 0.000000
vt 0.221230 0.077990 0.000000
vt 0.071570 0.388250 0.000000
vt 0.072200 0.401110 0.000000
vt 0.071570 0.413980 0.000000
vt 0.217310 0.025780 0.000000
vt 0.221750 0.038880 0.000000
vt 0.224900 0.052300 0.000000
vt 0.716950 0.258630 0.000000
vt 0.726610 0.258630 0.000000
vt 0.725840 0.271580 0.000000
vt 0.717680 0.271580 0.000000
vt 0.716950 0.245670 0.000000
vt 0.726610 0.245670 0.000000
vt 0.717680 0.232720 0.000000
vt 0.725840 0.232720 0.000000
vt 0.258080 0.115690 0.000000
vt 0.247430 0.115290 0.000000
vt 0.247170 0.102200 0.000000
vt 0.255380 0.102530 0.000000
vt 0.261040 0.128890 0.000000
vt 0.250850 0.128670 0.000000
vt 0.263650 0.142060 0.000000
vt 0.255510 0.141750 0.000000
vt 0.736860 0.258630 0.000000
vt 0.736140 0.271580 0.000000
vt 0.736860 0.245670 0.000000
vt 0.736140 0.232720 0.000000
vt 0.235800 0.111760 0.000000
vt 0.234160 0.102020 0.000000
vt 0.242680 0.141550 0.000000
vt 0.241400 0.131800 0.000000
vt 0.748440 0.271580 0.000000
vt 0.747650 0.258630 0.000000
vt 0.747650 0.245670 0.000000
vt 0.748440 0.232720 0.000000
vt 0.221960 0.101820 0.000000
vt 0.226420 0.114890 0.000000
vt 0.229830 0.128270 0.000000
vt 0.230270 0.141370 0.000000
vt 0.241880 0.127310 0.000000
vt 0.248830 0.125440 0.000000
vt 0.245550 0.118280 0.000000
vt 0.235390 0.116270 0.000000
vt 0.228430 0.118140 0.000000
vt 0.231730 0.125280 0.000000
vt 0.240610 0.042750 0.000000
vt 0.230480 0.040180 0.000000
vt 0.223600 0.042040 0.000000
vt 0.227460 0.049150 0.000000
vt 0.237580 0.051750 0.000000
vt 0.244440 0.049890 0.000000
vt 0.250040 0.484730 0.000000
vt 0.249790 0.473260 0.000000
vt 0.231910 0.475050 0.000000
vt 0.231880 0.483950 0.000000
vt 0.249000 0.493730 0.000000
vt 0.231300 0.492640 0.000000
vt 0.248250 0.502690 0.000000
vt 0.230750 0.501380 0.000000
vt 0.246440 0.513380 0.000000
vt 0.234030 0.510990 0.000000
vt 0.249350 0.463970 0.000000
vt 0.248060 0.455620 0.000000
vt 0.235580 0.458280 0.000000
vt 0.231830 0.466650 0.000000
vt 0.166190 0.484220 0.000000
vt 0.166690 0.476730 0.000000
vt 0.166530 0.491920 0.000000
vt 0.168420 0.499340 0.000000
vt 0.176520 0.506300 0.000000
vt 0.168810 0.469640 0.000000
vt 0.177210 0.462840 0.000000
vt 0.215340 0.483820 0.000000
vt 0.215190 0.476260 0.000000
vt 0.202410 0.477230 0.000000
vt 0.202530 0.483800 0.000000
vt 0.214630 0.491550 0.000000
vt 0.201870 0.490630 0.000000
vt 0.212390 0.499210 0.000000
vt 0.199790 0.497110 0.000000
vt 0.203990 0.506700 0.000000
vt 0.193970 0.502700 0.000000
vt 0.213410 0.469220 0.000000
vt 0.205320 0.462820 0.000000
vt 0.195360 0.466550 0.000000
vt 0.200760 0.471410 0.000000
vt 0.187300 0.483900 0.000000
vt 0.193990 0.483830 0.000000
vt 0.194080 0.477830 0.000000
vt 0.187610 0.477900 0.000000
vt 0.187270 0.490180 0.000000
vt 0.193620 0.490120 0.000000
vt 0.187740 0.495880 0.000000
vt 0.192820 0.495840 0.000000
vt 0.189140 0.500110 0.000000
vt 0.191240 0.500000 0.000000
vt 0.188360 0.472850 0.000000
vt 0.193640 0.472780 0.000000
vt 0.192370 0.469420 0.000000
vt 0.189840 0.469410 0.000000
vt 0.178860 0.484030 0.000000
vt 0.179370 0.477470 0.000000
vt 0.179130 0.490820 0.000000
vt 0.180810 0.497190 0.000000
vt 0.185990 0.502570 0.000000
vt 0.181320 0.471620 0.000000
vt 0.186880 0.466760 0.000000
vt 0.516160 0.484000 0.000000
vt 0.535210 0.484130 0.000000
vt 0.535320 0.475390 0.000000
vt 0.516400 0.475100 0.000000
vt 0.516980 0.495630 0.000000
vt 0.535710 0.493370 0.000000
vt 0.518330 0.505820 0.000000
vt 0.536430 0.502580 0.000000
vt 0.519170 0.514870 0.000000
vt 0.533710 0.512490 0.000000
vt 0.516620 0.466050 0.000000
vt 0.535620 0.466620 0.000000
vt 0.532600 0.456740 0.000000
vt 0.517820 0.455360 0.000000
vt 0.295080 0.080580 0.000000
vt 0.287170 0.080350 0.000000
vt 0.286770 0.067630 0.000000
vt 0.296450 0.067740 0.000000
vt 0.143490 0.401110 0.000000
vt 0.134160 0.401110 0.000000
vt 0.134810 0.388250 0.000000
vt 0.142920 0.388250 0.000000
vt 0.142920 0.413980 0.000000
vt 0.134810 0.413980 0.000000
vt 0.293840 0.041480 0.000000
vt 0.283450 0.041030 0.000000
vt 0.283190 0.027980 0.000000
vt 0.291190 0.028310 0.000000
vt 0.296090 0.054680 0.000000
vt 0.286140 0.054470 0.000000
vt 0.274400 0.079910 0.000000
vt 0.276160 0.067710 0.000000
vt 0.123950 0.401110 0.000000
vt 0.124530 0.388250 0.000000
vt 0.124530 0.413980 0.000000
vt 0.272030 0.037290 0.000000
vt 0.270430 0.027560 0.000000
vt 0.277010 0.057550 0.000000
vt 0.265280 0.066860 0.000000
vt 0.262230 0.079440 0.000000
vt 0.112320 0.388250 0.000000
vt 0.112950 0.401110 0.000000
vt 0.112320 0.413980 0.000000
vt 0.258380 0.027200 0.000000
vt 0.262800 0.040300 0.000000
vt 0.265920 0.053740 0.000000
vt 0.676050 0.258630 0.000000
vt 0.685710 0.258630 0.000000
vt 0.684930 0.271580 0.000000
vt 0.676780 0.271580 0.000000
vt 0.676050 0.245670 0.000000
vt 0.685710 0.245670 0.000000
vt 0.676780 0.232720 0.000000
vt 0.684930 0.232720 0.000000
vt 0.299960 0.116650 0.000000
vt 0.289300 0.116270 0.000000
vt 0.289020 0.103180 0.000000
vt 0.297230 0.103490 0.000000
vt 0.302940 0.129850 0.000000
vt 0.292730 0.129650 0.000000
vt 0.305560 0.143010 0.000000
vt 0.297420 0.142720 0.000000
vt 0.695960 0.258630 0.000000
vt 0.695240 0.271580 0.000000
vt 0.695960 0.245670 0.000000
vt 0.695240 0.232720 0.000000
vt 0.277660 0.112760 0.000000
vt 0.276010 0.103020 0.000000
vt 0.284580 0.142550 0.000000
vt 0.283280 0.132800 0.000000
vt 0.707530 0.271580 0.000000
vt 0.706750 0.258630 0.000000
vt 0.706750 0.245670 0.000000
vt 0.707530 0.232720 0.000000
vt 0.263800 0.102850 0.000000
vt 0.268270 0.115910 0.000000
vt 0.271700 0.129280 0.000000
vt 0.272160 0.142380 0.000000
vt 0.283760 0.128300 0.000000
vt 0.290710 0.126420 0.000000
vt 0.287420 0.119260 0.000000
vt 0.277250 0.117280 0.000000
vt 0.270290 0.119150 0.000000
vt 0.273590 0.126300 0.000000
vt 0.281700 0.044160 0.000000
vt 0.271560 0.041600 0.000000
vt 0.264660 0.043470 0.000000
vt 0.268470 0.050610 0.000000
vt 0.278600 0.053190 0.000000
vt 0.285470 0.051310 0.000000
vt 0.635060 0.482430 0.000000
vt 0.634820 0.471180 0.000000
vt 0.617820 0.473080 0.000000
vt 0.617890 0.481950 0.000000
vt 0.634350 0.491130 0.000000
vt 0.617470 0.490590 0.000000
vt 0.633760 0.500520 0.000000
vt 0.617030 0.499430 0.000000
vt 0.632600 0.511180 0.000000
vt 0.620230 0.509210 0.000000
vt 0.634650 0.461820 0.000000
vt 0.633700 0.454010 0.000000
vt 0.621260 0.456230 0.000000
vt 0.617720 0.464630 0.000000
vt 0.552370 0.483590 0.000000
vt 0.552800 0.475870 0.000000
vt 0.552940 0.491450 0.000000
vt 0.555250 0.499130 0.000000
vt 0.563950 0.506110 0.000000
vt 0.554940 0.468300 0.000000
vt 0.563540 0.460780 0.000000
vt 0.602110 0.482110 0.000000
vt 0.601800 0.474520 0.000000
vt 0.589410 0.475760 0.000000
vt 0.589740 0.482340 0.000000
vt 0.601520 0.489790 0.000000
vt 0.589200 0.489030 0.000000
vt 0.599370 0.497440 0.000000
vt 0.587130 0.495420 0.000000
vt 0.591250 0.505100 0.000000
vt 0.581310 0.501070 0.000000
vt 0.599900 0.467280 0.000000
vt 0.591990 0.460410 0.000000
vt 0.581900 0.464480 0.000000
vt 0.587530 0.469680 0.000000
vt 0.574320 0.482800 0.000000
vt 0.581250 0.482570 0.000000
vt 0.581170 0.476560 0.000000
vt 0.574570 0.476750 0.000000
vt 0.574450 0.488910 0.000000
vt 0.581000 0.488660 0.000000
vt 0.575200 0.494430 0.000000
vt 0.580270 0.494190 0.000000
vt 0.577130 0.498390 0.000000
vt 0.578550 0.498240 0.000000
vt 0.575380 0.471330 0.000000
vt 0.580550 0.471210 0.000000
vt 0.578880 0.467400 0.000000
vt 0.577330 0.467380 0.000000
vt 0.565520 0.483120 0.000000
vt 0.566000 0.476420 0.000000
vt 0.565970 0.489880 0.000000
vt 0.568080 0.496210 0.000000
vt 0.574050 0.501560 0.000000
vt 0.568100 0.470120 0.000000
vt 0.574170 0.464420 0.000000
vt 0.387350 0.676830 0.000000
vt 0.406420 0.677110 0.000000
vt 0.406710 0.668310 0.000000
vt 0.387710 0.667390 0.000000
vt 0.388080 0.688620 0.000000
vt 0.406830 0.686320 0.000000
vt 0.389560 0.698620 0.000000
vt 0.407550 0.695380 0.000000
vt 0.390850 0.707630 0.000000
vt 0.404860 0.704950 0.000000
vt 0.388670 0.658430 0.000000
vt 0.407310 0.659510 0.000000
vt 0.404600 0.649530 0.000000
vt 0.390280 0.647800 0.000000
vt 0.336290 0.082010 0.000000
vt 0.328350 0.081790 0.000000
vt 0.327930 0.069060 0.000000
vt 0.337640 0.069160 0.000000
vt 0.184010 0.401110 0.000000
vt 0.174720 0.401110 0.000000
vt 0.175370 0.388250 0.000000
vt 0.183450 0.388250 0.000000
vt 0.183450 0.413980 0.000000
vt 0.175370 0.413980 0.000000
vt 0.335030 0.042890 0.000000
vt 0.324610 0.042450 0.000000
vt 0.324360 0.029390 0.000000
vt 0.332390 0.029720 0.000000
vt 0.337270 0.056100 0.000000
vt 0.327290 0.055890 0.000000
vt 0.315540 0.081360 0.000000
vt 0.317290 0.069150 0.000000
vt 0.164550 0.401110 0.000000
vt 0.165130 0.388250 0.000000
vt 0.165130 0.413980 0.000000
vt 0.313180 0.038720 0.000000
vt 0.311580 0.028990 0.000000
vt 0.318140 0.058990 0.000000
vt 0.306390 0.068310 0.000000
vt 0.303350 0.080900 0.000000
vt 0.152950 0.388250 0.000000
vt 0.153580 0.401110 0.000000
vt 0.152950 0.413980 0.000000
vt 0.299520 0.028640 0.000000
vt 0.303930 0.041740 0.000000
vt 0.307030 0.055180 0.000000
vt 0.635140 0.258630 0.000000
vt 0.644800 0.258630 0.000000
vt 0.644020 0.271580 0.000000
vt 0.635870 0.271580 0.000000
vt 0.635140 0.245670 0.000000
vt 0.644800 0.245670 0.000000
vt 0.635870 0.232720 0.000000
vt 0.644020 0.232720 0.000000
vt 0.341860 0.117540 0.000000
vt 0.331190 0.117180 0.000000
vt 0.330890 0.104090 0.000000
vt 0.339110 0.104390 0.000000
vt 0.344870 0.130730 0.000000
vt 0.334660 0.130550 0.000000
vt 0.347520 0.143890 0.000000
vt 0.339370 0.143610 0.000000
vt 0.655050 0.258630 0.000000
vt 0.654330 0.271580 0.000000
vt 0.655050 0.245670 0.000000
vt 0.654330 0.232720 0.000000
vt 0.319540 0.113690 0.000000
vt 0.317870 0.103950 0.000000
vt 0.326520 0.143460 0.000000
vt 0.325200 0.133710 0.000000
vt 0.666620 0.271580 0.000000
vt 0.665840 0.258630 0.000000
vt 0.665840 0.245670 0.000000
vt 0.666620 0.232720 0.000000
vt 0.305660 0.103800 0.000000
vt 0.310160 0.116850 0.000000
vt 0.313610 0.130220 0.000000
vt 0.314090 0.143320 0.000000
vt 0.325670 0.129210 0.000000
vt 0.332630 0.127320 0.000000
vt 0.329320 0.120170 0.000000
vt 0.319140 0.118200 0.000000
vt 0.312180 0.120100 0.000000
vt 0.315500 0.127230 0.000000
vt 0.322870 0.045560 0.000000
vt 0.312710 0.043030 0.000000
vt 0.305810 0.044920 0.000000
vt 0.309570 0.052070 0.000000
vt 0.319710 0.054620 0.000000
vt 0.326600 0.052730 0.000000
vt 0.506230 0.676820 0.000000
vt 0.506290 0.666240 0.000000
vt 0.488880 0.667690 0.000000
vt 0.488890 0.676220 0.000000
vt 0.505540 0.685090 0.000000
vt 0.488410 0.684490 0.000000
vt 0.504720 0.693870 0.000000
vt 0.487920 0.693090 0.000000
vt 0.503640 0.704280 0.000000
vt 0.491070 0.703280 0.000000
vt 0.505240 0.657520 0.000000
vt 0.505080 0.649380 0.000000
vt 0.492430 0.649760 0.000000
vt 0.488750 0.659230 0.000000
vt 0.423580 0.676820 0.000000
vt 0.424120 0.669180 0.000000
vt 0.424030 0.684550 0.000000
vt 0.426200 0.692110 0.000000
vt 0.434730 0.699080 0.000000
vt 0.426380 0.661620 0.000000
vt 0.435000 0.654160 0.000000
vt 0.472970 0.676200 0.000000
vt 0.472760 0.668790 0.000000
vt 0.460370 0.669760 0.000000
vt 0.460580 0.676250 0.000000
vt 0.472330 0.683600 0.000000
vt 0.459980 0.682750 0.000000
vt 0.470170 0.691000 0.000000
vt 0.457910 0.688900 0.000000
vt 0.462050 0.698250 0.000000
vt 0.452120 0.694260 0.000000
vt 0.471010 0.661490 0.000000
vt 0.463340 0.654450 0.000000
vt 0.453380 0.658300 0.000000
vt 0.458700 0.663650 0.000000
vt 0.445400 0.676400 0.000000
vt 0.452180 0.676310 0.000000
vt 0.452210 0.670360 0.000000
vt 0.445730 0.670420 0.000000
vt 0.445410 0.682400 0.000000
vt 0.451850 0.682280 0.000000
vt 0.445990 0.687820 0.000000
vt 0.451070 0.687640 0.000000
vt 0.447660 0.691820 0.000000
vt 0.449430 0.691450 0.000000
vt 0.446570 0.665020 0.000000
vt 0.451730 0.665000 0.000000
vt 0.450260 0.661080 0.000000
vt 0.448420 0.661070 0.000000
vt 0.436690 0.676550 0.000000
vt 0.437250 0.669960 0.000000
vt 0.437010 0.683180 0.000000
vt 0.438910 0.689430 0.000000
vt 0.444510 0.694830 0.000000
vt 0.439370 0.663710 0.000000
vt 0.445340 0.658160 0.000000
vt 0.517070 0.770310 0.000000
vt 0.531580 0.768790 0.000000
vt 0.534650 0.759350 0.000000
vt 0.515610 0.761400 0.000000
vt 0.516680 0.722110 0.000000
vt 0.535670 0.723160 0.000000
vt 0.533090 0.712140 0.000000
vt 0.518500 0.710430 0.000000
vt 0.515770 0.732000 0.000000
vt 0.534900 0.732580 0.000000
vt 0.514720 0.741140 0.000000
vt 0.534290 0.741510 0.000000
vt 0.514820 0.752460 0.000000
vt 0.534320 0.750550 0.000000
vt 0.377630 0.083390 0.000000
vt 0.369650 0.083170 0.000000
vt 0.369200 0.070440 0.000000
vt 0.378940 0.070530 0.000000
vt 0.224390 0.401110 0.000000
vt 0.215140 0.401110 0.000000
vt 0.215790 0.388250 0.000000
vt 0.223830 0.388250 0.000000
vt 0.223830 0.413980 0.000000
vt 0.215790 0.413980 0.000000
vt 0.376300 0.044250 0.000000
vt 0.365860 0.043820 0.000000
vt 0.365600 0.030750 0.000000
vt 0.373640 0.031080 0.000000
vt 0.378550 0.057450 0.000000
vt 0.368540 0.057260 0.000000
vt 0.356810 0.082770 0.000000
vt 0.358540 0.070550 0.000000
vt 0.205000 0.401110 0.000000
vt 0.205580 0.388250 0.000000
vt 0.205580 0.413980 0.000000
vt 0.354410 0.040110 0.000000
vt 0.352800 0.030380 0.000000
vt 0.359370 0.060380 0.000000
vt 0.347610 0.069720 0.000000
vt 0.344580 0.082320 0.000000
vt 0.193450 0.388250 0.000000
vt 0.194080 0.401110 0.000000
vt 0.193450 0.413980 0.000000
vt 0.340720 0.030050 0.000000
vt 0.345140 0.043150 0.000000
vt 0.348230 0.056590 0.000000
vt 0.594230 0.258630 0.000000
vt 0.603890 0.258630 0.000000
vt 0.603120 0.271580 0.000000
vt 0.594960 0.271580 0.000000
vt 0.594230 0.245670 0.000000
vt 0.603890 0.245670 0.000000
vt 0.594960 0.232720 0.000000
vt 0.603120 0.232720 0.000000
vt 0.383780 0.118330 0.000000
vt 0.373110 0.118000 0.000000
vt 0.372770 0.104910 0.000000
vt 0.380990 0.105190 0.000000
vt 0.386820 0.131510 0.000000
vt 0.376600 0.131360 0.000000
vt 0.389510 0.144670 0.000000
vt 0.381350 0.144410 0.000000
vt 0.614140 0.258630 0.000000
vt 0.613420 0.271580 0.000000
vt 0.614140 0.245670 0.000000
vt 0.613420 0.232720 0.000000
vt 0.361440 0.114530 0.000000
vt 0.359750 0.104800 0.000000
vt 0.368490 0.144290 0.000000
vt 0.367150 0.134550 0.000000
vt 0.625720 0.271580 0.000000
vt 0.624930 0.258630 0.000000
vt 0.624930 0.245670 0.000000
vt 0.625720 0.232720 0.000000
vt 0.347530 0.104670 0.000000
vt 0.352060 0.117720 0.000000
vt 0.355550 0.131080 0.000000
vt 0.356060 0.144180 0.000000
vt 0.367610 0.130050 0.000000
vt 0.374570 0.128140 0.000000
vt 0.371240 0.121000 0.000000
vt 0.361060 0.119050 0.000000
vt 0.354100 0.120960 0.000000
vt 0.357430 0.128090 0.000000
vt 0.364120 0.046920 0.000000
vt 0.353950 0.044430 0.000000
vt 0.347040 0.046330 0.000000
vt 0.350760 0.053500 0.000000
vt 0.360930 0.056010 0.000000
vt 0.367830 0.054100 0.000000
vt 0.630840 0.770010 0.000000
vt 0.632210 0.759770 0.000000
vt 0.615780 0.758380 0.000000
vt 0.618850 0.768200 0.000000
vt 0.633050 0.721550 0.000000
vt 0.632200 0.713590 0.000000
vt 0.620300 0.715590 0.000000
vt 0.616710 0.723840 0.000000
vt 0.633650 0.730400 0.000000
vt 0.616850 0.732150 0.000000
vt 0.634050 0.741140 0.000000
vt 0.616880 0.740880 0.000000
vt 0.632760 0.750250 0.000000
vt 0.616320 0.749530 0.000000
vt 0.562600 0.764640 0.000000
vt 0.554090 0.756890 0.000000
vt 0.555040 0.725530 0.000000
vt 0.564020 0.717400 0.000000
vt 0.552580 0.733530 0.000000
vt 0.551860 0.741400 0.000000
vt 0.552100 0.749200 0.000000
vt 0.590420 0.763780 0.000000
vt 0.598440 0.756210 0.000000
vt 0.586400 0.754040 0.000000
vt 0.580640 0.759420 0.000000
vt 0.599340 0.726040 0.000000
vt 0.591760 0.718760 0.000000
vt 0.581990 0.722680 0.000000
vt 0.587260 0.728140 0.000000
vt 0.601080 0.733380 0.000000
vt 0.588920 0.734400 0.000000
vt 0.601300 0.740970 0.000000
vt 0.589120 0.741070 0.000000
vt 0.600630 0.748610 0.000000
vt 0.588490 0.747760 0.000000
vt 0.576250 0.756900 0.000000
vt 0.577970 0.756650 0.000000
vt 0.579620 0.752750 0.000000
vt 0.574520 0.752900 0.000000
vt 0.575350 0.729460 0.000000
vt 0.580410 0.729470 0.000000
vt 0.578930 0.725360 0.000000
vt 0.577340 0.725500 0.000000
vt 0.574410 0.735030 0.000000
vt 0.580860 0.735010 0.000000
vt 0.574010 0.741210 0.000000
vt 0.580790 0.741150 0.000000
vt 0.573960 0.747380 0.000000
vt 0.580430 0.747280 0.000000
vt 0.572960 0.760030 0.000000
vt 0.567260 0.754470 0.000000
vt 0.568170 0.727960 0.000000
vt 0.574430 0.722330 0.000000
vt 0.565890 0.734470 0.000000
vt 0.565220 0.741290 0.000000
vt 0.565430 0.748080 0.000000
vt 0.771230 0.483040 0.000000
vt 0.789850 0.483440 0.000000
vt 0.789940 0.474760 0.000000
vt 0.771320 0.474520 0.000000
vt 0.772090 0.494580 0.000000
vt 0.790280 0.492760 0.000000
vt 0.773070 0.504730 0.000000
vt 0.790800 0.502150 0.000000
vt 0.773460 0.513700 0.000000
vt 0.787890 0.512190 0.000000
vt 0.771400 0.465790 0.000000
vt 0.790190 0.466040 0.000000
vt 0.787160 0.456140 0.000000
vt 0.772450 0.455120 0.000000
vt 0.419090 0.084640 0.000000
vt 0.411090 0.084450 0.000000
vt 0.410590 0.071710 0.000000
vt 0.420360 0.071770 0.000000
vt 0.264630 0.401110 0.000000
vt 0.255410 0.401110 0.000000
vt 0.256060 0.388250 0.000000
vt 0.264070 0.388250 0.000000
vt 0.264070 0.413980 0.000000
vt 0.256060 0.413980 0.000000
vt 0.417640 0.045490 0.000000
vt 0.407180 0.045080 0.000000
vt 0.406900 0.032020 0.000000
vt 0.414960 0.032320 0.000000
vt 0.419930 0.058690 0.000000
vt 0.409890 0.058530 0.000000
vt 0.398220 0.084090 0.000000
vt 0.399900 0.071860 0.000000
vt 0.245310 0.401110 0.000000
vt 0.245890 0.388250 0.000000
vt 0.245890 0.413980 0.000000
vt 0.395710 0.041410 0.000000
vt 0.394080 0.031690 0.000000
vt 0.400700 0.061680 0.000000
vt 0.388940 0.071070 0.000000
vt 0.385950 0.083680 0.000000
vt 0.233790 0.388250 0.000000
vt 0.234420 0.401110 0.000000
vt 0.233790 0.413980 0.000000
vt 0.381990 0.031390 0.000000
vt 0.386430 0.044480 0.000000
vt 0.389530 0.057930 0.000000
vt 0.553340 0.258630 0.000000
vt 0.563000 0.258630 0.000000
vt 0.562220 0.271580 0.000000
vt 0.554070 0.271580 0.000000
vt 0.553340 0.245670 0.000000
vt 0.563000 0.245670 0.000000
vt 0.554070 0.232720 0.000000
vt 0.562220 0.232720 0.000000
vt 0.425690 0.119000 0.000000
vt 0.415020 0.118700 0.000000
vt 0.414650 0.105620 0.000000
vt 0.422870 0.105870 0.000000
vt 0.428770 0.132180 0.000000
vt 0.418560 0.132060 0.000000
vt 0.431500 0.145330 0.000000
vt 0.423340 0.145100 0.000000
vt 0.573240 0.258630 0.000000
vt 0.572520 0.271580 0.000000
vt 0.573240 0.245670 0.000000
vt 0.572520 0.232720 0.000000
vt 0.403350 0.115270 0.000000
vt 0.401630 0.105550 0.000000
vt 0.410480 0.145010 0.000000
vt 0.409110 0.135270 0.000000
vt 0.584810 0.271580 0.000000
vt 0.584030 0.258630 0.000000
vt 0.584030 0.245670 0.000000
vt 0.584810 0.232720 0.000000
vt 0.389420 0.105450 0.000000
vt 0.393980 0.118480 0.000000
vt 0.397500 0.131840 0.000000
vt 0.398050 0.144940 0.000000
vt 0.409560 0.130770 0.000000
vt 0.416510 0.128840 0.000000
vt 0.413160 0.121710 0.000000
vt 0.402980 0.119790 0.000000
vt 0.396020 0.121720 0.000000
vt 0.399380 0.128840 0.000000
vt 0.405460 0.048180 0.000000
vt 0.395270 0.045740 0.000000
vt 0.388350 0.047670 0.000000
vt 0.392050 0.054840 0.000000
vt 0.402240 0.057310 0.000000
vt 0.409150 0.055370 0.000000
vt 0.890810 0.483040 0.000000
vt 0.890810 0.471690 0.000000
vt 0.872930 0.473490 0.000000
vt 0.872830 0.482520 0.000000
vt 0.889340 0.492530 0.000000
vt 0.872060 0.491510 0.000000
vt 0.888330 0.502370 0.000000
vt 0.871290 0.500710 0.000000
vt 0.886470 0.513510 0.000000
vt 0.874280 0.510980 0.000000
vt 0.889910 0.462910 0.000000
vt 0.889090 0.454210 0.000000
vt 0.876600 0.456040 0.000000
vt 0.872820 0.464930 0.000000
vt 0.806700 0.483090 0.000000
vt 0.807170 0.475230 0.000000
vt 0.807170 0.491210 0.000000
vt 0.809310 0.499350 0.000000
vt 0.817630 0.507250 0.000000
vt 0.809330 0.467510 0.000000
vt 0.817750 0.459740 0.000000
vt 0.856530 0.482420 0.000000
vt 0.856390 0.474650 0.000000
vt 0.843710 0.475610 0.000000
vt 0.843870 0.482410 0.000000
vt 0.855720 0.490330 0.000000
vt 0.843160 0.489340 0.000000
vt 0.853340 0.498170 0.000000
vt 0.840950 0.495940 0.000000
vt 0.844900 0.505570 0.000000
vt 0.835000 0.501660 0.000000
vt 0.854600 0.467220 0.000000
vt 0.846690 0.460090 0.000000
vt 0.836450 0.463900 0.000000
vt 0.841980 0.469350 0.000000
vt 0.828380 0.482570 0.000000
vt 0.835280 0.482460 0.000000
vt 0.835360 0.476210 0.000000
vt 0.828760 0.476270 0.000000
vt 0.828410 0.489020 0.000000
vt 0.834910 0.488850 0.000000
vt 0.829090 0.494980 0.000000
vt 0.834080 0.494710 0.000000
vt 0.831070 0.499410 0.000000
vt 0.832260 0.499030 0.000000
vt 0.829710 0.470640 0.000000
vt 0.834880 0.470690 0.000000
vt 0.833270 0.466710 0.000000
vt 0.831810 0.466590 0.000000
vt 0.819670 0.482770 0.000000
vt 0.820250 0.475830 0.000000
vt 0.820020 0.489870 0.000000
vt 0.822030 0.496750 0.000000
vt 0.827970 0.503030 0.000000
vt 0.822460 0.469260 0.000000
vt 0.828780 0.462980 0.000000
vt 0.004040 0.898990 0.000000
vt 0.017960 0.896690 0.000000
vt 0.020930 0.888060 0.000000
vt 0.002780 0.890750 0.000000
vt 0.004540 0.851100 0.000000
vt 0.022280 0.852570 0.000000
vt 0.019920 0.842310 0.000000
vt 0.006080 0.840200 0.000000
vt 0.003570 0.860660 0.000000
vt 0.021450 0.861670 0.000000
vt 0.002370 0.869830 0.000000
vt 0.020760 0.870510 0.000000
vt 0.002390 0.881320 0.000000
vt 0.020710 0.879500 0.000000
vt 0.460690 0.085720 0.000000
vt 0.452650 0.085560 0.000000
vt 0.452100 0.072820 0.000000
vt 0.461890 0.072830 0.000000
vt 0.304720 0.401110 0.000000
vt 0.295530 0.401110 0.000000
vt 0.296180 0.388250 0.000000
vt 0.304160 0.388250 0.000000
vt 0.304160 0.413980 0.000000
vt 0.296180 0.413980 0.000000
vt 0.459060 0.046550 0.000000
vt 0.448580 0.046190 0.000000
vt 0.448250 0.033130 0.000000
vt 0.456330 0.033400 0.000000
vt 0.461400 0.059750 0.000000
vt 0.451330 0.059640 0.000000
vt 0.439750 0.085260 0.000000
vt 0.441380 0.073010 0.000000
vt 0.285470 0.401110 0.000000
vt 0.286050 0.388250 0.000000
vt 0.286050 0.413980 0.000000
vt 0.437090 0.042570 0.000000
vt 0.435420 0.032860 0.000000
vt 0.442130 0.062830 0.000000
vt 0.430390 0.072270 0.000000
vt 0.427450 0.084900 0.000000
vt 0.273990 0.388250 0.000000
vt 0.274620 0.401110 0.000000
vt 0.273990 0.413980 0.000000
vt 0.423320 0.032610 0.000000
vt 0.427790 0.045690 0.000000
vt 0.430940 0.059130 0.000000
vt 0.512450 0.258630 0.000000
vt 0.522110 0.258630 0.000000
vt 0.521330 0.271580 0.000000
vt 0.513180 0.271580 0.000000
vt 0.512450 0.245670 0.000000
vt 0.522110 0.245670 0.000000
vt 0.513180 0.232720 0.000000
vt 0.521330 0.232720 0.000000
vt 0.467600 0.119550 0.000000
vt 0.456940 0.119280 0.000000
vt 0.456530 0.106200 0.000000
vt 0.464740 0.106420 0.000000
vt 0.470720 0.132720 0.000000
vt 0.460510 0.132620 0.000000
vt 0.473480 0.145860 0.000000
vt 0.465320 0.145650 0.000000
vt 0.532350 0.258630 0.000000
vt 0.531630 0.271580 0.000000
vt 0.532350 0.245670 0.000000
vt 0.531630 0.232720 0.000000
vt 0.445260 0.115890 0.000000
vt 0.443510 0.106170 0.000000
vt 0.452470 0.145610 0.000000
vt 0.451080 0.135870 0.000000
vt 0.543920 0.271580 0.000000
vt 0.543140 0.258630 0.000000
vt 0.543140 0.245670 0.000000
vt 0.543920 0.232720 0.000000
vt 0.431300 0.106110 0.000000
vt 0.435900 0.119130 0.000000
vt 0.439450 0.132470 0.000000
vt 0.440040 0.145570 0.000000
vt 0.451510 0.131370 0.000000
vt 0.458450 0.129410 0.000000
vt 0.455090 0.122290 0.000000
vt 0.444900 0.120410 0.000000
vt 0.437960 0.122360 0.000000
vt 0.441320 0.129470 0.000000
vt 0.446870 0.049280 0.000000
vt 0.436660 0.046910 0.000000
vt 0.429740 0.048880 0.000000
vt 0.433440 0.056050 0.000000
vt 0.443650 0.058450 0.000000
vt 0.450560 0.056470 0.000000
vt 0.118540 0.899180 0.000000
vt 0.120430 0.888460 0.000000
vt 0.102620 0.887220 0.000000
vt 0.105880 0.897050 0.000000
vt 0.119790 0.848220 0.000000
vt 0.118600 0.839510 0.000000
vt 0.106020 0.841960 0.000000
vt 0.102590 0.851300 0.000000
vt 0.120710 0.858040 0.000000
vt 0.103020 0.860280 0.000000
vt 0.121510 0.869830 0.000000
vt 0.103350 0.869510 0.000000
vt 0.120810 0.879230 0.000000
vt 0.103040 0.878370 0.000000
vt 0.047600 0.892380 0.000000
vt 0.039460 0.885470 0.000000
vt 0.040480 0.854980 0.000000
vt 0.049020 0.847190 0.000000
vt 0.038070 0.862810 0.000000
vt 0.037320 0.870570 0.000000
vt 0.037540 0.878190 0.000000
vt 0.075590 0.892590 0.000000
vt 0.084090 0.885050 0.000000
vt 0.071320 0.882870 0.000000
vt 0.065210 0.888280 0.000000
vt 0.084320 0.854410 0.000000
vt 0.076010 0.847280 0.000000
vt 0.065960 0.851730 0.000000
vt 0.071710 0.857070 0.000000
vt 0.086410 0.861990 0.000000
vt 0.073660 0.863370 0.000000
vt 0.086840 0.869780 0.000000
vt 0.074020 0.870050 0.000000
vt 0.086310 0.877470 0.000000
vt 0.073470 0.876660 0.000000
vt 0.060850 0.885390 0.000000
vt 0.062390 0.885260 0.000000
vt 0.064250 0.881520 0.000000
vt 0.059150 0.881630 0.000000
vt 0.059740 0.858750 0.000000
vt 0.064710 0.858670 0.000000
vt 0.062970 0.854650 0.000000
vt 0.061640 0.854740 0.000000
vt 0.058870 0.864310 0.000000
vt 0.065330 0.864190 0.000000
vt 0.058540 0.870400 0.000000
vt 0.065370 0.870250 0.000000
vt 0.058560 0.876350 0.000000
vt 0.065080 0.876220 0.000000
vt 0.057720 0.888520 0.000000
vt 0.052100 0.883160 0.000000
vt 0.052880 0.857320 0.000000
vt 0.058900 0.851590 0.000000
vt 0.050670 0.863790 0.000000
vt 0.050010 0.870510 0.000000
vt 0.050260 0.877080 0.000000
vt 0.118410 0.515610 0.000000
vt 0.103250 0.517960 0.000000
vt 0.100300 0.527650 0.000000
vt 0.119490 0.524420 0.000000
vt 0.119250 0.568190 0.000000
vt 0.099870 0.566610 0.000000
vt 0.102530 0.577270 0.000000
vt 0.117510 0.579770 0.000000
vt 0.120250 0.557780 0.000000
vt 0.100710 0.556750 0.000000
vt 0.121610 0.547060 0.000000
vt 0.101310 0.546970 0.000000
vt 0.120800 0.534340 0.000000
vt 0.100980 0.537060 0.000000
vt 0.502390 0.086580 0.000000
vt 0.494320 0.086470 0.000000
vt 0.493690 0.073720 0.000000
vt 0.503510 0.073680 0.000000
vt 0.344730 0.401110 0.000000
vt 0.335560 0.401110 0.000000
vt 0.336200 0.388250 0.000000
vt 0.344160 0.388250 0.000000
vt 0.344160 0.413980 0.000000
vt 0.336200 0.413980 0.000000
vt 0.500540 0.047410 0.000000
vt 0.490050 0.047100 0.000000
vt 0.489650 0.034040 0.000000
vt 0.497750 0.034260 0.000000
vt 0.502940 0.060590 0.000000
vt 0.492860 0.060540 0.000000
vt 0.481400 0.086230 0.000000
vt 0.482950 0.073970 0.000000
vt 0.325510 0.401110 0.000000
vt 0.326090 0.388250 0.000000
vt 0.326090 0.413980 0.000000
vt 0.478530 0.043550 0.000000
vt 0.476810 0.033840 0.000000
vt 0.483650 0.063790 0.000000
vt 0.471940 0.073290 0.000000
vt 0.469070 0.085940 0.000000
vt 0.314050 0.388250 0.000000
vt 0.314680 0.401110 0.000000
vt 0.314050 0.413980 0.000000
vt 0.464700 0.033650 0.000000
vt 0.469230 0.046710 0.000000
vt 0.472430 0.060140 0.000000
vt 0.471600 0.258630 0.000000
vt 0.481240 0.258630 0.000000
vt 0.480470 0.271580 0.000000
vt 0.472320 0.271580 0.000000
vt 0.471600 0.245670 0.000000
vt 0.481240 0.245670 0.000000
vt 0.472320 0.232720 0.000000
vt 0.480470 0.232720 0.000000
vt 0.509480 0.119980 0.000000
vt 0.498830 0.119730 0.000000
vt 0.498380 0.106650 0.000000
vt 0.506590 0.106860 0.000000
vt 0.512630 0.133140 0.000000
vt 0.502430 0.133070 0.000000
vt 0.515430 0.146270 0.000000
vt 0.507280 0.146080 0.000000
vt 0.491480 0.258630 0.000000
vt 0.490760 0.271580 0.000000
vt 0.491480 0.245670 0.000000
vt 0.490760 0.232720 0.000000
vt 0.487140 0.116380 0.000000
vt 0.485370 0.106660 0.000000
vt 0.494440 0.146070 0.000000
vt 0.493020 0.136340 0.000000
vt 0.503040 0.271580 0.000000
vt 0.502260 0.258630 0.000000
vt 0.502260 0.245670 0.000000
vt 0.503040 0.232720 0.000000
vt 0.473160 0.106640 0.000000
vt 0.477800 0.119640 0.000000
vt 0.481390 0.132980 0.000000
vt 0.482010 0.146070 0.000000
vt 0.493440 0.131840 0.000000
vt 0.500370 0.129860 0.000000
vt 0.496990 0.122750 0.000000
vt 0.486800 0.120900 0.000000
vt 0.479870 0.122870 0.000000
vt 0.483250 0.129970 0.000000
vt 0.488360 0.050190 0.000000
vt 0.478130 0.047890 0.000000
vt 0.471200 0.049890 0.000000
vt 0.474910 0.057060 0.000000
vt 0.485140 0.059390 0.000000
vt 0.492060 0.057370 0.000000
vt 0.003380 0.522960 0.000000
vt 0.002540 0.533050 0.000000
vt 0.018400 0.533090 0.000000
vt 0.015010 0.523950 0.000000
vt 0.003700 0.568810 0.000000
vt 0.004150 0.577350 0.000000
vt 0.015680 0.575730 0.000000
vt 0.018950 0.566560 0.000000
vt 0.002290 0.559470 0.000000
vt 0.018460 0.557930 0.000000
vt 0.001360 0.549090 0.000000
vt 0.018010 0.549420 0.000000
vt 0.001830 0.541600 0.000000
vt 0.018170 0.541390 0.000000
vt 0.071290 0.522880 0.000000
vt 0.080380 0.530870 0.000000
vt 0.079970 0.564300 0.000000
vt 0.070730 0.573060 0.000000
vt 0.082580 0.555760 0.000000
vt 0.083290 0.547320 0.000000
vt 0.082800 0.538990 0.000000
vt 0.042670 0.525910 0.000000
vt 0.035330 0.534050 0.000000
vt 0.047240 0.535490 0.000000
vt 0.052750 0.529620 0.000000
vt 0.035560 0.564100 0.000000
vt 0.042990 0.571690 0.000000
vt 0.052510 0.567450 0.000000
vt 0.047220 0.561730 0.000000
vt 0.033620 0.556520 0.000000
vt 0.045410 0.555260 0.000000
vt 0.033130 0.548990 0.000000
vt 0.045010 0.548530 0.000000
vt 0.033500 0.541570 0.000000
vt 0.045400 0.541880 0.000000
vt 0.056880 0.531820 0.000000
vt 0.055640 0.532340 0.000000
vt 0.054050 0.536420 0.000000
vt 0.059220 0.535920 0.000000
vt 0.058940 0.560310 0.000000
vt 0.053910 0.560260 0.000000
vt 0.055500 0.564640 0.000000
vt 0.056480 0.564720 0.000000
vt 0.060010 0.554330 0.000000
vt 0.053380 0.554450 0.000000
vt 0.060340 0.547920 0.000000
vt 0.053310 0.548180 0.000000
vt 0.060160 0.541610 0.000000
vt 0.053460 0.542010 0.000000
vt 0.060150 0.527820 0.000000
vt 0.066740 0.533850 0.000000
vt 0.066360 0.561920 0.000000
vt 0.059540 0.568450 0.000000
vt 0.068860 0.554860 0.000000
vt 0.069520 0.547650 0.000000
vt 0.069060 0.540560 0.000000
vt 0.004500 0.642280 0.000000
vt 0.018520 0.640260 0.000000
vt 0.021660 0.631820 0.000000
vt 0.003540 0.634210 0.000000
vt 0.005200 0.594090 0.000000
vt 0.023200 0.596290 0.000000
vt 0.021000 0.586700 0.000000
vt 0.007410 0.583600 0.000000
vt 0.004030 0.603940 0.000000
vt 0.022260 0.605300 0.000000
vt 0.003070 0.613730 0.000000
vt 0.021570 0.614260 0.000000
vt 0.003190 0.625090 0.000000
vt 0.021510 0.623300 0.000000
vt 0.544190 0.087160 0.000000
vt 0.536100 0.087110 0.000000
vt 0.535380 0.074360 0.000000
vt 0.545220 0.074250 0.000000
vt 0.384720 0.401110 0.000000
vt 0.375540 0.401110 0.000000
vt 0.376190 0.388250 0.000000
vt 0.384140 0.388250 0.000000
vt 0.384140 0.413980 0.000000
vt 0.376190 0.413980 0.000000
vt 0.542080 0.047990 0.000000
vt 0.531570 0.047760 0.000000
vt 0.531100 0.034690 0.000000
vt 0.539200 0.034870 0.000000
vt 0.544570 0.061170 0.000000
vt 0.534460 0.061180 0.000000
vt 0.523150 0.086960 0.000000
vt 0.524620 0.074690 0.000000
vt 0.365500 0.401110 0.000000
vt 0.366080 0.388250 0.000000
vt 0.366080 0.413980 0.000000
vt 0.520020 0.044280 0.000000
vt 0.518240 0.034590 0.000000
vt 0.525250 0.064490 0.000000
vt 0.513590 0.074070 0.000000
vt 0.510800 0.086750 0.000000
vt 0.354050 0.388250 0.000000
vt 0.354680 0.401110 0.000000
vt 0.354050 0.413980 0.000000
vt 0.506130 0.034470 0.000000
vt 0.510730 0.047510 0.000000
vt 0.513990 0.060920 0.000000
vt 0.430740 0.258630 0.000000
vt 0.440400 0.258630 0.000000
vt 0.439630 0.271580 0.000000
vt 0.431490 0.271580 0.000000
vt 0.430740 0.245670 0.000000
vt 0.440400 0.245670 0.000000
vt 0.431490 0.232720 0.000000
vt 0.439630 0.232720 0.000000
vt 0.551330 0.120340 0.000000
vt 0.540680 0.120110 0.000000
vt 0.540200 0.107030 0.000000
vt 0.548400 0.107230 0.000000
vt 0.554510 0.133490 0.000000
vt 0.544320 0.133440 0.000000
vt 0.557340 0.146610 0.000000
vt 0.549200 0.146440 0.000000
vt 0.450630 0.258630 0.000000
vt 0.449910 0.271580 0.000000
vt 0.450630 0.245670 0.000000
vt 0.449910 0.232720 0.000000
vt 0.528990 0.116770 0.000000
vt 0.527200 0.107060 0.000000
vt 0.536370 0.146450 0.000000
vt 0.534920 0.136720 0.000000
vt 0.462190 0.271580 0.000000
vt 0.461410 0.258630 0.000000
vt 0.461410 0.245670 0.000000
vt 0.462190 0.232720 0.000000
vt 0.515000 0.107060 0.000000
vt 0.519670 0.120050 0.000000
vt 0.523300 0.133380 0.000000
vt 0.523950 0.146470 0.000000
vt 0.535340 0.132210 0.000000
vt 0.542260 0.130240 0.000000
vt 0.538850 0.123140 0.000000
vt 0.528660 0.121290 0.000000
vt 0.521730 0.123270 0.000000
vt 0.525150 0.130360 0.000000
vt 0.529900 0.050850 0.000000
vt 0.519650 0.048630 0.000000
vt 0.512730 0.050680 0.000000
vt 0.516460 0.057840 0.000000
vt 0.526710 0.060090 0.000000
vt 0.533620 0.058020 0.000000
vt 0.119730 0.644360 0.000000
vt 0.121350 0.633010 0.000000
vt 0.103650 0.631860 0.000000
vt 0.106970 0.642150 0.000000
vt 0.120350 0.592790 0.000000
vt 0.119800 0.583780 0.000000
vt 0.107050 0.585510 0.000000
vt 0.103560 0.595480 0.000000
vt 0.121600 0.602830 0.000000
vt 0.104030 0.604720 0.000000
vt 0.122640 0.614410 0.000000
vt 0.104420 0.613970 0.000000
vt 0.122050 0.623120 0.000000
vt 0.104110 0.622780 0.000000
vt 0.048300 0.636900 0.000000
vt 0.040230 0.629600 0.000000
vt 0.041540 0.598920 0.000000
vt 0.050260 0.591270 0.000000
vt 0.039040 0.606640 0.000000
vt 0.038230 0.614420 0.000000
vt 0.038390 0.622150 0.000000
vt 0.076550 0.637080 0.000000
vt 0.085050 0.629640 0.000000
vt 0.072190 0.627490 0.000000
vt 0.065980 0.633120 0.000000
vt 0.085480 0.598420 0.000000
vt 0.077270 0.590980 0.000000
vt 0.067220 0.595420 0.000000
vt 0.072950 0.601030 0.000000
vt 0.087540 0.606260 0.000000
vt 0.074850 0.607520 0.000000
vt 0.087930 0.614180 0.000000
vt 0.075110 0.614360 0.000000
vt 0.087330 0.621960 0.000000
vt 0.074450 0.621110 0.000000
vt 0.061710 0.630460 0.000000
vt 0.063020 0.630240 0.000000
vt 0.065070 0.626150 0.000000
vt 0.059980 0.626200 0.000000
vt 0.060950 0.602740 0.000000
vt 0.065960 0.602630 0.000000
vt 0.064210 0.598490 0.000000
vt 0.062930 0.598640 0.000000
vt 0.060020 0.608330 0.000000
vt 0.066520 0.608260 0.000000
vt 0.059580 0.614500 0.000000
vt 0.066450 0.614450 0.000000
vt 0.059490 0.620630 0.000000
vt 0.066030 0.620590 0.000000
vt 0.058340 0.633110 0.000000
vt 0.052890 0.627530 0.000000
vt 0.054020 0.601340 0.000000
vt 0.060030 0.595870 0.000000
vt 0.051740 0.607740 0.000000
vt 0.051000 0.614490 0.000000
vt 0.051160 0.621210 0.000000
vt 0.262310 0.578530 0.000000
vt 0.276580 0.577100 0.000000
vt 0.279460 0.567640 0.000000
vt 0.261430 0.570110 0.000000
vt 0.262380 0.529540 0.000000
vt 0.280310 0.530840 0.000000
vt 0.277840 0.520180 0.000000
vt 0.263660 0.518760 0.000000
vt 0.261680 0.539650 0.000000
vt 0.279560 0.540350 0.000000
vt 0.260160 0.549390 0.000000
vt 0.278910 0.549530 0.000000
vt 0.260400 0.560710 0.000000
vt 0.279010 0.558720 0.000000
vt 0.587700 0.087430 0.000000
vt 0.577960 0.087430 0.000000
vt 0.577740 0.074690 0.000000
vt 0.588590 0.074490 0.000000
vt 0.426770 0.401110 0.000000
vt 0.416530 0.401110 0.000000
vt 0.416940 0.388250 0.000000
vt 0.426420 0.388250 0.000000
vt 0.426420 0.413980 0.000000
vt 0.416940 0.413980 0.000000
vt 0.585190 0.048270 0.000000
vt 0.573570 0.048110 0.000000
vt 0.572530 0.035050 0.000000
vt 0.582180 0.035190 0.000000
vt 0.587800 0.061410 0.000000
vt 0.576650 0.061510 0.000000
vt 0.564990 0.087380 0.000000
vt 0.566520 0.075100 0.000000
vt 0.405770 0.401110 0.000000
vt 0.406070 0.388250 0.000000
vt 0.406070 0.413980 0.000000
vt 0.561630 0.044730 0.000000
vt 0.559690 0.035060 0.000000
vt 0.567070 0.064900 0.000000
vt 0.555340 0.074570 0.000000
vt 0.552620 0.087270 0.000000
vt 0.394030 0.388250 0.000000
vt 0.394720 0.401110 0.000000
vt 0.394030 0.413980 0.000000
vt 0.547590 0.035030 0.000000
vt 0.552290 0.048030 0.000000
vt 0.555650 0.061420 0.000000
vt 0.387950 0.258630 0.000000
vt 0.398530 0.258630 0.000000
vt 0.398050 0.271580 0.000000
vt 0.388400 0.271580 0.000000
vt 0.387950 0.245670 0.000000
vt 0.398530 0.245670 0.000000
vt 0.388400 0.232720 0.000000
vt 0.398050 0.232720 0.000000
vt 0.594650 0.120700 0.000000
vt 0.582920 0.120460 0.000000
vt 0.581970 0.107380 0.000000
vt 0.591690 0.107610 0.000000
vt 0.597870 0.133830 0.000000
vt 0.586600 0.133770 0.000000
vt 0.600730 0.146940 0.000000
vt 0.591060 0.146750 0.000000
vt 0.409440 0.258630 0.000000
vt 0.409090 0.271580 0.000000
vt 0.409440 0.245670 0.000000
vt 0.409090 0.232720 0.000000
vt 0.570880 0.117120 0.000000
vt 0.569000 0.107400 0.000000
vt 0.578240 0.146760 0.000000
vt 0.576870 0.137040 0.000000
vt 0.421360 0.271580 0.000000
vt 0.420480 0.258630 0.000000
vt 0.420480 0.245670 0.000000
vt 0.421360 0.232720 0.000000
vt 0.556810 0.107410 0.000000
vt 0.561510 0.120400 0.000000
vt 0.565170 0.133710 0.000000
vt 0.565840 0.146790 0.000000
vt 0.577210 0.132530 0.000000
vt 0.584130 0.130570 0.000000
vt 0.580660 0.123490 0.000000
vt 0.570470 0.121630 0.000000
vt 0.563560 0.123600 0.000000
vt 0.567020 0.130680 0.000000
vt 0.571500 0.051210 0.000000
vt 0.561220 0.049090 0.000000
vt 0.554310 0.051190 0.000000
vt 0.558070 0.058330 0.000000
vt 0.568350 0.060480 0.000000
vt 0.575260 0.058350 0.000000
vt 0.377290 0.576570 0.000000
vt 0.378800 0.565580 0.000000
vt 0.361530 0.565040 0.000000
vt 0.364990 0.574930 0.000000
vt 0.376870 0.524910 0.000000
vt 0.375590 0.515730 0.000000
vt 0.363670 0.518350 0.000000
vt 0.360540 0.528360 0.000000
vt 0.378790 0.535490 0.000000
vt 0.361380 0.537840 0.000000
vt 0.380220 0.547640 0.000000
vt 0.362070 0.547310 0.000000
vt 0.379880 0.556620 0.000000
vt 0.361930 0.556160 0.000000
vt 0.306420 0.572660 0.000000
vt 0.298110 0.564950 0.000000
vt 0.298730 0.533010 0.000000
vt 0.307300 0.524510 0.000000
vt 0.296350 0.541240 0.000000
vt 0.295680 0.549290 0.000000
vt 0.296030 0.557210 0.000000
vt 0.335070 0.571630 0.000000
vt 0.343190 0.563480 0.000000
vt 0.330400 0.561700 0.000000
vt 0.324390 0.567800 0.000000
vt 0.342790 0.531790 0.000000
vt 0.334550 0.524190 0.000000
vt 0.324550 0.528990 0.000000
vt 0.330400 0.534720 0.000000
vt 0.345060 0.539780 0.000000
vt 0.332450 0.541340 0.000000
vt 0.345670 0.547790 0.000000
vt 0.332910 0.548260 0.000000
vt 0.345260 0.555640 0.000000
vt 0.332450 0.555110 0.000000
vt 0.319920 0.564760 0.000000
vt 0.321340 0.564750 0.000000
vt 0.323240 0.560500 0.000000
vt 0.318070 0.560680 0.000000
vt 0.318390 0.536710 0.000000
vt 0.323420 0.536520 0.000000
vt 0.321560 0.532270 0.000000
vt 0.320350 0.532570 0.000000
vt 0.317550 0.542490 0.000000
vt 0.324120 0.542280 0.000000
vt 0.317290 0.548810 0.000000
vt 0.324240 0.548570 0.000000
vt 0.317390 0.555050 0.000000
vt 0.324010 0.554810 0.000000
vt 0.316670 0.568120 0.000000
vt 0.310900 0.562380 0.000000
vt 0.311370 0.535300 0.000000
vt 0.317500 0.529270 0.000000
vt 0.309160 0.542060 0.000000
vt 0.308580 0.549040 0.000000
vt 0.308940 0.555900 0.000000
vt 0.121040 0.776600 0.000000
vt 0.106670 0.777990 0.000000
vt 0.103490 0.787370 0.000000
vt 0.121810 0.785430 0.000000
vt 0.120040 0.825800 0.000000
vt 0.101910 0.824170 0.000000
vt 0.104220 0.834950 0.000000
vt 0.118280 0.837240 0.000000
vt 0.121440 0.815390 0.000000
vt 0.102930 0.814580 0.000000
vt 0.122850 0.806020 0.000000
vt 0.103710 0.805450 0.000000
vt 0.122560 0.794740 0.000000
vt 0.103740 0.796290 0.000000
vt 0.678260 0.086100 0.000000
vt 0.668470 0.086410 0.000000
vt 0.667810 0.073670 0.000000
vt 0.678720 0.073120 0.000000
vt 0.512670 0.401110 0.000000
vt 0.502470 0.401110 0.000000
vt 0.502890 0.388250 0.000000
vt 0.512330 0.388250 0.000000
vt 0.512330 0.413980 0.000000
vt 0.502890 0.413980 0.000000
vt 0.674480 0.047010 0.000000
vt 0.662860 0.047230 0.000000
vt 0.661430 0.034210 0.000000
vt 0.671070 0.034040 0.000000
vt 0.677510 0.060070 0.000000
vt 0.666320 0.060520 0.000000
vt 0.655460 0.086760 0.000000
vt 0.656460 0.074420 0.000000
vt 0.491710 0.401110 0.000000
vt 0.492060 0.388250 0.000000
vt 0.492060 0.413980 0.000000
vt 0.650760 0.044200 0.000000
vt 0.648630 0.034600 0.000000
vt 0.656690 0.064210 0.000000
vt 0.632930 0.087130 0.000000
vt 0.633620 0.074180 0.000000
vt 0.644790 0.074220 0.000000
vt 0.643050 0.087020 0.000000
vt 0.469770 0.401110 0.000000
vt 0.469430 0.388250 0.000000
vt 0.480070 0.388250 0.000000
vt 0.480470 0.401110 0.000000
vt 0.469430 0.413980 0.000000
vt 0.480070 0.413980 0.000000
vt 0.629840 0.048000 0.000000
vt 0.626650 0.034970 0.000000
vt 0.636570 0.034900 0.000000
vt 0.641150 0.047770 0.000000
vt 0.632640 0.061100 0.000000
vt 0.644780 0.061060 0.000000
vt 0.300360 0.258630 0.000000
vt 0.310930 0.258630 0.000000
vt 0.310430 0.271580 0.000000
vt 0.300810 0.271580 0.000000
vt 0.300360 0.245670 0.000000
vt 0.310930 0.245670 0.000000
vt 0.300810 0.232720 0.000000
vt 0.310430 0.232720 0.000000
vt 0.684170 0.121200 0.000000
vt 0.672460 0.121060 0.000000
vt 0.671410 0.108000 0.000000
vt 0.681070 0.108150 0.000000
vt 0.687530 0.134290 0.000000
vt 0.676280 0.134320 0.000000
vt 0.690530 0.147370 0.000000
vt 0.680860 0.147270 0.000000
vt 0.321900 0.258630 0.000000
vt 0.321450 0.271580 0.000000
vt 0.321900 0.245670 0.000000
vt 0.321450 0.232720 0.000000
vt 0.660350 0.117770 0.000000
vt 0.658490 0.108080 0.000000
vt 0.668050 0.147340 0.000000
vt 0.666540 0.137630 0.000000
vt 0.344130 0.258630 0.000000
vt 0.344580 0.271580 0.000000
vt 0.333710 0.271580 0.000000
vt 0.333200 0.258630 0.000000
vt 0.344130 0.245670 0.000000
vt 0.333200 0.245670 0.000000
vt 0.344580 0.232720 0.000000
vt 0.333710 0.232720 0.000000
vt 0.639450 0.121030 0.000000
vt 0.636430 0.107960 0.000000
vt 0.646350 0.108120 0.000000
vt 0.650690 0.121070 0.000000
vt 0.642720 0.134150 0.000000
vt 0.654470 0.134340 0.000000
vt 0.645640 0.147240 0.000000
vt 0.655680 0.147420 0.000000
vt 0.666940 0.133120 0.000000
vt 0.673830 0.131150 0.000000
vt 0.670220 0.124150 0.000000
vt 0.660030 0.122300 0.000000
vt 0.653140 0.124260 0.000000
vt 0.656740 0.131270 0.000000
vt 0.660900 0.050380 0.000000
vt 0.650550 0.048580 0.000000
vt 0.643690 0.050890 0.000000
vt 0.647620 0.057930 0.000000
vt 0.657980 0.059750 0.000000
vt 0.664840 0.057410 0.000000
vt 0.005000 0.776600 0.000000
vt 0.003850 0.787740 0.000000
vt 0.021050 0.788420 0.000000
vt 0.017620 0.778310 0.000000
vt 0.005220 0.827540 0.000000
vt 0.005940 0.837350 0.000000
vt 0.018080 0.834630 0.000000
vt 0.021460 0.824810 0.000000
vt 0.003810 0.817130 0.000000
vt 0.020940 0.815450 0.000000
vt 0.002930 0.805820 0.000000
vt 0.020530 0.806180 0.000000
vt 0.003470 0.797170 0.000000
vt 0.020750 0.797400 0.000000
vt 0.076310 0.781510 0.000000
vt 0.084530 0.789580 0.000000
vt 0.083220 0.821660 0.000000
vt 0.074350 0.830110 0.000000
vt 0.085800 0.813400 0.000000
vt 0.086630 0.805330 0.000000
vt 0.086450 0.797400 0.000000
vt 0.047400 0.782340 0.000000
vt 0.039180 0.790250 0.000000
vt 0.051780 0.792310 0.000000
vt 0.057750 0.786710 0.000000
vt 0.039040 0.821880 0.000000
vt 0.047120 0.829700 0.000000
vt 0.056820 0.824810 0.000000
vt 0.051280 0.819200 0.000000
vt 0.036980 0.813900 0.000000
vt 0.049410 0.812580 0.000000
vt 0.036550 0.805880 0.000000
vt 0.049100 0.805600 0.000000
vt 0.037060 0.798020 0.000000
vt 0.049660 0.798740 0.000000
vt 0.062500 0.789430 0.000000
vt 0.060630 0.789680 0.000000
vt 0.058890 0.793620 0.000000
vt 0.064190 0.793470 0.000000
vt 0.063340 0.817550 0.000000
vt 0.058220 0.817570 0.000000
vt 0.059800 0.821750 0.000000
vt 0.061350 0.821750 0.000000
vt 0.064300 0.811720 0.000000
vt 0.057690 0.811790 0.000000
vt 0.064700 0.805340 0.000000
vt 0.057710 0.805430 0.000000
vt 0.064750 0.799070 0.000000
vt 0.058050 0.799180 0.000000
vt 0.065880 0.786050 0.000000
vt 0.071530 0.791880 0.000000
vt 0.070440 0.819130 0.000000
vt 0.064160 0.825090 0.000000
vt 0.072790 0.812330 0.000000
vt 0.073530 0.805300 0.000000
vt 0.073330 0.798400 0.000000
vt 0.807940 0.369210 0.000000
vt 0.797500 0.368530 0.000000
vt 0.789930 0.359940 0.000000
vt 0.808110 0.361540 0.000000
vt 0.691760 0.296100 0.000000
vt 0.710420 0.296670 0.000000
vt 0.702960 0.306460 0.000000
vt 0.692480 0.307000 0.000000
vt 0.691740 0.287200 0.000000
vt 0.710230 0.288120 0.000000
vt 0.691380 0.279290 0.000000
vt 0.702280 0.279480 0.000000
vt 0.808670 0.352750 0.000000
vt 0.790100 0.351460 0.000000
vt 0.797920 0.341790 0.000000
vt 0.808630 0.341740 0.000000
vt 0.623160 0.087280 0.000000
vt 0.622720 0.074530 0.000000
vt 0.459550 0.401110 0.000000
vt 0.459970 0.388250 0.000000
vt 0.459970 0.413980 0.000000
vt 0.618210 0.048010 0.000000
vt 0.617000 0.034970 0.000000
vt 0.621460 0.061360 0.000000
vt 0.610170 0.087410 0.000000
vt 0.611380 0.075100 0.000000
vt 0.448760 0.401110 0.000000
vt 0.449110 0.388250 0.000000
vt 0.449110 0.413980 0.000000
vt 0.606160 0.044790 0.000000
vt 0.604190 0.035160 0.000000
vt 0.611780 0.064890 0.000000
vt 0.599740 0.074710 0.000000
vt 0.597790 0.087470 0.000000
vt 0.437080 0.388250 0.000000
vt 0.437480 0.401110 0.000000
vt 0.437080 0.413980 0.000000
vt 0.592120 0.035260 0.000000
vt 0.596500 0.048200 0.000000
vt 0.599930 0.061550 0.000000
vt 0.354720 0.258630 0.000000
vt 0.354210 0.271580 0.000000
vt 0.354720 0.245670 0.000000
vt 0.354210 0.232720 0.000000
vt 0.627720 0.120830 0.000000
vt 0.626740 0.107760 0.000000
vt 0.631450 0.134110 0.000000
vt 0.635970 0.147090 0.000000
vt 0.365690 0.258630 0.000000
vt 0.365250 0.271580 0.000000
vt 0.365690 0.245670 0.000000
vt 0.365250 0.232720 0.000000
vt 0.615610 0.117500 0.000000
vt 0.613790 0.107800 0.000000
vt 0.623160 0.147110 0.000000
vt 0.621680 0.137390 0.000000
vt 0.377520 0.271580 0.000000
vt 0.377010 0.258630 0.000000
vt 0.377010 0.245670 0.000000
vt 0.377520 0.232720 0.000000
vt 0.601630 0.107800 0.000000
vt 0.605920 0.120770 0.000000
vt 0.609630 0.134060 0.000000
vt 0.610780 0.147150 0.000000
vt 0.622090 0.132880 0.000000
vt 0.629010 0.130930 0.000000
vt 0.625470 0.123890 0.000000
vt 0.615280 0.122020 0.000000
vt 0.608370 0.123980 0.000000
vt 0.611900 0.131020 0.000000
vt 0.616200 0.051130 0.000000
vt 0.605890 0.049160 0.000000
vt 0.598990 0.051360 0.000000
vt 0.602820 0.058450 0.000000
vt 0.613140 0.060450 0.000000
vt 0.620030 0.058230 0.000000
vt 0.691670 0.369140 0.000000
vt 0.691090 0.358390 0.000000
vt 0.707860 0.358820 0.000000
vt 0.699670 0.368670 0.000000
vt 0.808950 0.299370 0.000000
vt 0.809100 0.307000 0.000000
vt 0.801100 0.306630 0.000000
vt 0.792600 0.298140 0.000000
vt 0.809120 0.290820 0.000000
vt 0.792580 0.289900 0.000000
vt 0.808630 0.280360 0.000000
vt 0.800960 0.280610 0.000000
vt 0.691240 0.349760 0.000000
vt 0.691090 0.342240 0.000000
vt 0.698880 0.342440 0.000000
vt 0.707660 0.350510 0.000000
vt 0.756860 0.364890 0.000000
vt 0.768880 0.358510 0.000000
vt 0.731700 0.296220 0.000000
vt 0.743960 0.303290 0.000000
vt 0.731570 0.288970 0.000000
vt 0.743610 0.282170 0.000000
vt 0.768910 0.351300 0.000000
vt 0.756880 0.343910 0.000000
vt 0.739850 0.364730 0.000000
vt 0.727980 0.358040 0.000000
vt 0.740000 0.357320 0.000000
vt 0.744000 0.363640 0.000000
vt 0.772680 0.296940 0.000000
vt 0.761180 0.303250 0.000000
vt 0.757110 0.302130 0.000000
vt 0.760750 0.296030 0.000000
vt 0.772670 0.289920 0.000000
vt 0.760730 0.290170 0.000000
vt 0.761210 0.282860 0.000000
vt 0.757040 0.283720 0.000000
vt 0.727730 0.350980 0.000000
vt 0.739050 0.344190 0.000000
vt 0.743210 0.345140 0.000000
vt 0.739760 0.351420 0.000000
vt 0.748830 0.360340 0.000000
vt 0.747530 0.360220 0.000000
vt 0.746020 0.356610 0.000000
vt 0.750250 0.356680 0.000000
vt 0.750490 0.295100 0.000000
vt 0.754730 0.295210 0.000000
vt 0.753400 0.298870 0.000000
vt 0.752080 0.298770 0.000000
vt 0.750430 0.290480 0.000000
vt 0.754690 0.290640 0.000000
vt 0.751920 0.286740 0.000000
vt 0.753310 0.286930 0.000000
vt 0.750150 0.352070 0.000000
vt 0.745870 0.352040 0.000000
vt 0.747110 0.348270 0.000000
vt 0.748540 0.348330 0.000000
vt 0.752770 0.363750 0.000000
vt 0.756480 0.357520 0.000000
vt 0.744230 0.295720 0.000000
vt 0.748190 0.302270 0.000000
vt 0.744130 0.289680 0.000000
vt 0.747840 0.283270 0.000000
vt 0.756420 0.351520 0.000000
vt 0.752570 0.344850 0.000000
vt 0.803070 0.212800 0.000000
vt 0.792730 0.210550 0.000000
vt 0.786620 0.200970 0.000000
vt 0.804400 0.205150 0.000000
vt 0.807520 0.167660 0.000000
vt 0.788700 0.167340 0.000000
vt 0.796000 0.157240 0.000000
vt 0.806670 0.156570 0.000000
vt 0.807550 0.176810 0.000000
vt 0.788280 0.175980 0.000000
vt 0.807670 0.185080 0.000000
vt 0.788080 0.184230 0.000000
vt 0.806260 0.196370 0.000000
vt 0.787270 0.192750 0.000000
vt 0.723650 0.084210 0.000000
vt 0.713850 0.084710 0.000000
vt 0.712940 0.071980 0.000000
vt 0.723850 0.071230 0.000000
vt 0.555420 0.401110 0.000000
vt 0.545260 0.401110 0.000000
vt 0.545670 0.388250 0.000000
vt 0.555080 0.388250 0.000000
vt 0.555080 0.413980 0.000000
vt 0.545670 0.413980 0.000000
vt 0.719100 0.045200 0.000000
vt 0.707490 0.045640 0.000000
vt 0.705810 0.032650 0.000000
vt 0.715440 0.032300 0.000000
vt 0.722380 0.058190 0.000000
vt 0.711200 0.058870 0.000000
vt 0.700830 0.085310 0.000000
vt 0.701590 0.072950 0.000000
vt 0.534530 0.401110 0.000000
vt 0.534880 0.388250 0.000000
vt 0.534880 0.413980 0.000000
vt 0.695330 0.042850 0.000000
vt 0.693030 0.033290 0.000000
vt 0.701630 0.062730 0.000000
vt 0.689910 0.072970 0.000000
vt 0.688410 0.085800 0.000000
vt 0.522930 0.388250 0.000000
vt 0.523330 0.401110 0.000000
vt 0.522930 0.413980 0.000000
vt 0.680980 0.033800 0.000000
vt 0.685790 0.046580 0.000000
vt 0.689660 0.059810 0.000000
vt 0.256630 0.258630 0.000000
vt 0.267200 0.258630 0.000000
vt 0.266690 0.271580 0.000000
vt 0.257090 0.271580 0.000000
vt 0.256630 0.245670 0.000000
vt 0.267200 0.245670 0.000000
vt 0.257090 0.232720 0.000000
vt 0.266690 0.232720 0.000000
vt 0.728770 0.121060 0.000000
vt 0.717090 0.121020 0.000000
vt 0.715930 0.107980 0.000000
vt 0.725560 0.108050 0.000000
vt 0.732250 0.134130 0.000000
vt 0.721020 0.134250 0.000000
vt 0.735370 0.147180 0.000000
vt 0.725710 0.147170 0.000000
vt 0.278150 0.258630 0.000000
vt 0.277700 0.271580 0.000000
vt 0.278150 0.245670 0.000000
vt 0.277700 0.232720 0.000000
vt 0.704990 0.117820 0.000000
vt 0.703060 0.108140 0.000000
vt 0.712910 0.147330 0.000000
vt 0.711330 0.137630 0.000000
vt 0.289950 0.271580 0.000000
vt 0.289440 0.258630 0.000000
vt 0.289440 0.245670 0.000000
vt 0.289950 0.232720 0.000000
vt 0.690960 0.108260 0.000000
vt 0.695380 0.121170 0.000000
vt 0.699260 0.134410 0.000000
vt 0.700550 0.147490 0.000000
vt 0.711700 0.133120 0.000000
vt 0.718560 0.131110 0.000000
vt 0.714880 0.124130 0.000000
vt 0.704700 0.122340 0.000000
vt 0.697840 0.124350 0.000000
vt 0.701500 0.131330 0.000000
vt 0.705580 0.048830 0.000000
vt 0.695210 0.047230 0.000000
vt 0.688390 0.049660 0.000000
vt 0.692440 0.056630 0.000000
vt 0.702830 0.058250 0.000000
vt 0.709660 0.055790 0.000000
vt 0.693300 0.210130 0.000000
vt 0.691120 0.199850 0.000000
vt 0.707660 0.198080 0.000000
vt 0.700860 0.208640 0.000000
vt 0.687470 0.163440 0.000000
vt 0.687790 0.155190 0.000000
vt 0.696320 0.155900 0.000000
vt 0.704870 0.165060 0.000000
vt 0.687630 0.172770 0.000000
vt 0.705780 0.173490 0.000000
vt 0.688710 0.183740 0.000000
vt 0.706380 0.181940 0.000000
vt 0.689950 0.191320 0.000000
vt 0.707250 0.189840 0.000000
vt 0.753310 0.200780 0.000000
vt 0.766550 0.196450 0.000000
vt 0.767790 0.168250 0.000000
vt 0.754860 0.161300 0.000000
vt 0.770230 0.175590 0.000000
vt 0.770460 0.182810 0.000000
vt 0.769600 0.189900 0.000000
vt 0.739720 0.199870 0.000000
vt 0.726870 0.194850 0.000000
vt 0.738470 0.192610 0.000000
vt 0.743490 0.198150 0.000000
vt 0.725180 0.166960 0.000000
vt 0.737840 0.160740 0.000000
vt 0.742120 0.162310 0.000000
vt 0.737510 0.168550 0.000000
vt 0.723010 0.174030 0.000000
vt 0.735690 0.174620 0.000000
vt 0.722980 0.181170 0.000000
vt 0.735500 0.180830 0.000000
vt 0.723920 0.188150 0.000000
vt 0.736220 0.186910 0.000000
vt 0.746720 0.194690 0.000000
vt 0.746000 0.194440 0.000000
vt 0.744380 0.191260 0.000000
vt 0.748550 0.191530 0.000000
vt 0.748620 0.170130 0.000000
vt 0.743980 0.169920 0.000000
vt 0.745650 0.166130 0.000000
vt 0.746850 0.166350 0.000000
vt 0.749290 0.175430 0.000000
vt 0.743430 0.175170 0.000000
vt 0.749460 0.181110 0.000000
vt 0.743400 0.180830 0.000000
vt 0.749290 0.186660 0.000000
vt 0.743680 0.186380 0.000000
vt 0.749580 0.198740 0.000000
vt 0.754610 0.193440 0.000000
vt 0.755210 0.169200 0.000000
vt 0.750520 0.162570 0.000000
vt 0.757170 0.175460 0.000000
vt 0.757500 0.181730 0.000000
vt 0.756890 0.187840 0.000000
vt 0.735250 0.070790 0.000000
vt 0.733790 0.083710 0.000000
vt 0.565660 0.388250 0.000000
vt 0.566050 0.401110 0.000000
vt 0.565660 0.413980 0.000000
vt 0.725340 0.031870 0.000000
vt 0.730360 0.044580 0.000000
vt 0.734650 0.057650 0.000000
vt 0.246240 0.271580 0.000000
vt 0.245740 0.258630 0.000000
vt 0.245740 0.245670 0.000000
vt 0.246240 0.232720 0.000000
vt 0.735410 0.108070 0.000000
vt 0.739880 0.120970 0.000000
vt 0.743920 0.134120 0.000000
vt 0.745370 0.147200 0.000000
vt 0.951140 0.155190 0.000000
vt 0.965460 0.155190 0.000000
vt 0.958280 0.167580 0.000000
vt 0.943910 0.167580 0.000000
vt 0.972690 0.167580 0.000000
vt 0.965460 0.179970 0.000000
vt 0.951140 0.179970 0.000000
vt 0.823240 0.446560 0.000000
vt 0.815980 0.434120 0.000000
vt 0.830410 0.434120 0.000000
vt 0.837610 0.446560 0.000000
vt 0.823240 0.421680 0.000000
vt 0.837610 0.421680 0.000000
vt 0.844870 0.434120 0.000000
vt 0.868070 0.386100 0.000000
vt 0.857020 0.386430 0.000000
vt 0.851740 0.397360 0.000000
vt 0.875640 0.395840 0.000000
vt 0.857690 0.421410 0.000000
vt 0.849140 0.432730 0.000000
vt 0.879180 0.435090 0.000000
vt 0.872770 0.422550 0.000000
vt 0.857130 0.407930 0.000000
vt 0.871520 0.408010 0.000000
vt 0.870320 0.446560 0.000000
vt 0.854760 0.446520 0.000000
# 4902 texture coords

g DNA_001
usemtl wire_134110008
f 83/3 1/4 2/1 82/2 
f 2/8 3/5 81/6 82/7 
f 3/5 4/9 80/10 81/6 
f 4/9 5/11 79/12 80/10 
f 79/12 5/11 6/13 84/14 
f 84/14 6/13 1/4 83/3 
f 29/17 13/18 14/15 28/16 
f 28/21 14/22 15/19 27/20 
f 27/20 15/19 16/23 26/24 
f 16/28 17/25 25/26 26/27 
f 17/25 18/29 30/30 25/26 
f 18/29 13/18 29/17 30/30 
f 28/16 40/31 41/32 29/17 
f 27/20 39/33 40/34 28/21 
f 26/24 38/35 39/33 27/20 
f 26/27 25/26 37/36 38/37 
f 29/17 41/32 42/38 30/30 
f 34/42 20/39 19/40 35/41 
f 33/46 21/43 20/44 34/45 
f 32/48 22/47 21/43 33/46 
f 32/51 31/52 23/49 22/50 
f 31/52 36/54 24/53 23/49 
f 35/41 19/40 24/53 36/54 
f 40/31 34/42 35/41 41/32 
f 39/33 33/46 34/45 40/34 
f 38/35 32/48 33/46 39/33 
f 37/36 31/52 32/51 38/37 
f 42/38 41/32 35/41 36/54 
f 59/57 43/58 44/55 58/56 
f 58/56 44/55 45/59 57/60 
f 57/60 45/59 46/61 56/62 
f 46/66 47/63 55/64 56/65 
f 47/63 48/67 60/68 55/64 
f 48/67 43/69 59/70 60/68 
f 58/56 70/71 71/72 59/57 
f 57/60 69/73 70/71 58/56 
f 56/62 68/74 69/73 57/60 
f 56/65 55/64 67/75 68/76 
f 59/70 71/77 72/78 60/68 
f 64/82 50/79 49/80 65/81 
f 63/84 51/83 50/79 64/82 
f 62/86 52/85 51/83 63/84 
f 62/89 61/90 53/87 52/88 
f 61/90 66/92 54/91 53/87 
f 66/92 65/94 49/93 54/91 
f 70/71 64/82 65/81 71/72 
f 69/73 63/84 64/82 70/71 
f 68/74 62/86 63/84 69/73 
f 67/75 61/90 62/89 68/76 
f 72/78 71/77 65/94 66/92 
f 72/78 8/95 9/96 60/68 
f 55/64 60/68 9/96 10/97 
f 67/75 55/64 10/97 11/98 
f 61/90 67/75 11/98 12/99 
f 66/92 61/90 12/99 7/100 
f 72/78 66/92 7/100 8/95 
f 37/36 25/26 3/101 2/102 
f 37/36 2/102 1/103 31/52 
f 36/54 31/52 1/103 6/104 
f 42/38 36/54 6/104 5/105 
f 30/30 42/38 5/105 4/106 
f 25/26 30/30 4/106 3/101 
f 77/109 76/110 8/107 7/108 
f 76/113 75/114 9/111 8/112 
f 74/116 10/115 9/111 75/114 
f 74/116 73/118 11/117 10/115 
f 73/118 78/120 12/119 11/117 
f 78/120 77/109 7/108 12/119 
f 83/3 82/2 100/121 101/122 
f 82/7 81/6 99/123 100/124 
f 81/6 80/10 98/125 99/123 
f 80/10 79/12 97/126 98/125 
f 84/14 102/127 97/126 79/12 
f 84/14 83/3 101/122 102/127 
f 89/131 106/128 107/129 85/130 
f 89/134 88/135 105/132 106/133 
f 88/135 87/137 104/136 105/132 
f 86/139 103/138 104/136 87/137 
f 86/139 90/141 108/140 103/138 
f 90/141 85/130 107/129 108/140 
f 115/143 116/144 109/145 110/142 
f 115/148 110/149 111/146 120/147 
f 111/146 112/150 119/151 120/147 
f 112/150 113/152 118/153 119/151 
f 113/152 114/154 117/155 118/153 
f 114/154 109/145 116/144 117/155 
f 101/122 100/121 95/156 91/157 
f 100/124 99/123 94/158 95/159 
f 99/123 98/125 93/160 94/158 
f 97/126 92/161 93/160 98/125 
f 97/126 102/127 96/162 92/161 
f 102/127 101/122 91/157 96/162 
f 107/129 106/128 76/110 77/109 
f 106/133 105/132 75/114 76/113 
f 105/132 104/136 74/116 75/114 
f 104/136 103/138 73/118 74/116 
f 103/138 108/140 78/120 73/118 
f 108/140 107/129 77/109 78/120 
f 109/145 91/157 95/156 110/142 
f 111/146 110/149 95/159 94/158 
f 111/146 94/158 93/160 112/150 
f 112/150 93/160 92/161 113/152 
f 114/154 113/152 92/161 96/162 
f 114/154 96/162 91/157 109/145 
f 116/144 115/143 89/131 85/130 
f 117/155 116/144 85/130 90/141 
f 118/153 117/155 90/141 86/139 
f 119/151 118/153 86/139 87/137 
f 119/151 87/137 88/135 120/147 
f 120/147 88/135 89/134 115/148 
f 121/166 122/163 190/164 191/165 
f 122/170 123/167 189/168 190/169 
f 123/167 124/171 188/172 189/168 
f 124/171 125/173 187/174 188/172 
f 125/173 126/175 192/176 187/174 
f 126/175 121/166 191/165 192/176 
f 143/179 133/180 134/177 142/178 
f 142/183 134/184 135/181 141/182 
f 141/182 135/181 136/185 140/186 
f 136/190 137/187 139/188 140/189 
f 137/187 138/191 144/192 139/188 
f 138/191 133/180 143/179 144/192 
f 142/178 154/193 155/194 143/179 
f 141/182 153/195 154/196 142/183 
f 140/186 152/197 153/195 141/182 
f 140/189 139/188 151/198 152/199 
f 143/179 155/194 156/200 144/192 
f 148/202 14/15 13/18 149/201 
f 147/204 15/19 14/22 148/203 
f 146/205 16/23 15/19 147/204 
f 146/206 145/207 17/25 16/28 
f 145/207 150/208 18/29 17/25 
f 150/208 149/201 13/18 18/29 
f 154/193 148/202 149/201 155/194 
f 153/195 147/204 148/203 154/196 
f 152/197 146/205 147/204 153/195 
f 151/198 145/207 146/206 152/199 
f 156/200 155/194 149/201 150/208 
f 167/211 157/212 158/209 166/210 
f 166/210 158/209 159/213 165/214 
f 165/214 159/213 160/215 164/216 
f 160/220 161/217 163/218 164/219 
f 161/217 162/221 168/222 163/218 
f 162/221 157/223 167/224 168/222 
f 166/210 178/225 179/226 167/211 
f 165/214 177/227 178/225 166/210 
f 164/216 176/228 177/227 165/214 
f 164/219 163/218 175/229 176/230 
f 167/224 179/231 180/232 168/222 
f 172/234 44/55 43/58 173/233 
f 171/235 45/59 44/55 172/234 
f 170/236 46/61 45/59 171/235 
f 170/237 169/238 47/63 46/66 
f 169/238 174/239 48/67 47/63 
f 174/239 173/240 43/69 48/67 
f 178/225 172/234 173/233 179/226 
f 177/227 171/235 172/234 178/225 
f 176/228 170/236 171/235 177/227 
f 175/229 169/238 170/237 176/230 
f 180/232 179/231 173/240 174/239 
f 180/232 128/241 129/242 168/222 
f 163/218 168/222 129/242 130/243 
f 175/229 163/218 130/243 131/244 
f 175/229 131/244 132/245 169/238 
f 174/239 169/238 132/245 127/246 
f 180/232 174/239 127/246 128/241 
f 151/198 139/188 123/247 122/248 
f 151/198 122/248 121/249 145/207 
f 150/208 145/207 121/249 126/250 
f 156/200 150/208 126/250 125/251 
f 156/200 125/251 124/252 144/192 
f 139/188 144/192 124/252 123/247 
f 185/255 184/256 128/253 127/254 
f 184/259 183/260 129/257 128/258 
f 183/260 182/262 130/261 129/257 
f 182/262 181/264 131/263 130/261 
f 181/264 186/266 132/265 131/263 
f 186/266 185/255 127/254 132/265 
f 191/165 190/164 208/267 209/268 
f 190/169 189/168 207/269 208/270 
f 189/168 188/172 206/271 207/269 
f 188/172 187/174 205/272 206/271 
f 187/174 192/176 210/273 205/272 
f 192/176 191/165 209/268 210/273 
f 193/276 197/277 214/274 215/275 
f 197/280 196/281 213/278 214/279 
f 196/281 195/283 212/282 213/278 
f 195/283 194/285 211/284 212/282 
f 194/285 198/287 216/286 211/284 
f 198/287 193/276 215/275 216/286 
f 217/291 218/288 223/289 224/290 
f 218/295 219/292 228/293 223/294 
f 219/292 220/296 227/297 228/293 
f 220/296 221/298 226/299 227/297 
f 221/298 222/300 225/301 226/299 
f 225/301 222/300 217/291 224/290 
f 209/268 208/267 203/302 199/303 
f 208/270 207/269 202/304 203/305 
f 207/269 206/271 201/306 202/304 
f 206/271 205/272 200/307 201/306 
f 205/272 210/273 204/308 200/307 
f 210/273 209/268 199/303 204/308 
f 215/275 214/274 184/256 185/255 
f 214/279 213/278 183/260 184/259 
f 212/282 182/262 183/260 213/278 
f 212/282 211/284 181/264 182/262 
f 211/284 216/286 186/266 181/264 
f 216/286 215/275 185/255 186/266 
f 218/288 217/291 199/303 203/302 
f 218/295 203/305 202/304 219/292 
f 219/292 202/304 201/306 220/296 
f 221/298 220/296 201/306 200/307 
f 222/300 221/298 200/307 204/308 
f 217/291 222/300 204/308 199/303 
f 223/289 197/277 193/276 224/290 
f 224/290 193/276 198/287 225/301 
f 226/299 225/301 198/287 194/285 
f 227/297 226/299 194/285 195/283 
f 228/293 227/297 195/283 196/281 
f 223/294 228/293 196/281 197/280 
f 229/312 230/309 298/310 299/311 
f 230/316 231/313 297/314 298/315 
f 231/313 232/317 296/318 297/314 
f 232/317 233/319 295/320 296/318 
f 233/319 234/321 300/322 295/320 
f 234/321 229/312 299/311 300/322 
f 251/325 241/326 242/323 250/324 
f 250/329 242/330 243/327 249/328 
f 249/328 243/327 244/331 248/332 
f 244/336 245/333 247/334 248/335 
f 245/333 246/337 252/338 247/334 
f 246/337 241/326 251/325 252/338 
f 250/324 262/339 263/340 251/325 
f 249/328 261/341 262/342 250/329 
f 248/332 260/343 261/341 249/328 
f 248/335 247/334 259/344 260/345 
f 251/325 263/340 264/346 252/338 
f 256/348 134/177 133/180 257/347 
f 255/350 135/181 134/184 256/349 
f 254/351 136/185 135/181 255/350 
f 254/352 253/353 137/187 136/190 
f 253/353 258/354 138/191 137/187 
f 258/354 257/347 133/180 138/191 
f 262/339 256/348 257/347 263/340 
f 261/341 255/350 256/349 262/342 
f 260/343 254/351 255/350 261/341 
f 259/344 253/353 254/352 260/345 
f 264/346 263/340 257/347 258/354 
f 275/357 265/358 266/355 274/356 
f 274/356 266/355 267/359 273/360 
f 273/360 267/359 268/361 272/362 
f 268/366 269/363 271/364 272/365 
f 269/363 270/367 276/368 271/364 
f 270/367 265/369 275/370 276/368 
f 274/356 286/371 287/372 275/357 
f 273/360 285/373 286/371 274/356 
f 272/362 284/374 285/373 273/360 
f 272/365 271/364 283/375 284/376 
f 275/370 287/377 288/378 276/368 
f 280/380 158/209 157/212 281/379 
f 279/381 159/213 158/209 280/380 
f 278/382 160/215 159/213 279/381 
f 278/383 277/384 161/217 160/220 
f 277/384 282/385 162/221 161/217 
f 282/385 281/386 157/223 162/221 
f 286/371 280/380 281/379 287/372 
f 285/373 279/381 280/380 286/371 
f 284/374 278/382 279/381 285/373 
f 283/375 277/384 278/383 284/376 
f 288/378 287/377 281/386 282/385 
f 288/378 236/387 237/388 276/368 
f 271/364 276/368 237/388 238/389 
f 283/375 271/364 238/389 239/390 
f 283/375 239/390 240/391 277/384 
f 282/385 277/384 240/391 235/392 
f 288/378 282/385 235/392 236/387 
f 259/344 247/334 231/393 230/394 
f 253/353 259/344 230/394 229/395 
f 258/354 253/353 229/395 234/396 
f 264/346 258/354 234/396 233/397 
f 252/338 264/346 233/397 232/398 
f 247/334 252/338 232/398 231/393 
f 293/401 292/402 236/399 235/400 
f 292/405 291/406 237/403 236/404 
f 291/406 290/408 238/407 237/403 
f 290/408 289/410 239/409 238/407 
f 289/410 294/412 240/411 239/409 
f 294/412 293/401 235/400 240/411 
f 299/311 298/310 316/413 317/414 
f 298/315 297/314 315/415 316/416 
f 297/314 296/318 314/417 315/415 
f 296/318 295/320 313/418 314/417 
f 295/320 300/322 318/419 313/418 
f 300/322 299/311 317/414 318/419 
f 301/422 305/423 322/420 323/421 
f 305/426 304/427 321/424 322/425 
f 304/427 303/429 320/428 321/424 
f 303/429 302/431 319/430 320/428 
f 302/431 306/433 324/432 319/430 
f 301/422 323/421 324/432 306/433 
f 325/437 326/434 331/435 332/436 
f 326/441 327/438 336/439 331/440 
f 327/438 328/442 335/443 336/439 
f 328/442 329/444 334/445 335/443 
f 334/445 329/444 330/446 333/447 
f 330/446 325/437 332/436 333/447 
f 317/414 316/413 311/448 307/449 
f 316/416 315/415 310/450 311/451 
f 314/417 309/452 310/450 315/415 
f 314/417 313/418 308/453 309/452 
f 313/418 318/419 312/454 308/453 
f 318/419 317/414 307/449 312/454 
f 323/421 322/420 292/402 293/401 
f 322/425 321/424 291/406 292/405 
f 321/424 320/428 290/408 291/406 
f 320/428 319/430 289/410 290/408 
f 319/430 324/432 294/412 289/410 
f 324/432 323/421 293/401 294/412 
f 326/434 325/437 307/449 311/448 
f 326/441 311/451 310/450 327/438 
f 327/438 310/450 309/452 328/442 
f 329/444 328/442 309/452 308/453 
f 330/446 329/444 308/453 312/454 
f 325/437 330/446 312/454 307/449 
f 331/435 305/423 301/422 332/436 
f 332/436 301/422 306/433 333/447 
f 334/445 333/447 306/433 302/431 
f 334/445 302/431 303/429 335/443 
f 336/439 335/443 303/429 304/427 
f 331/440 336/439 304/427 305/426 
f 337/458 338/455 406/456 407/457 
f 338/462 339/459 405/460 406/461 
f 339/459 340/463 404/464 405/460 
f 340/463 341/465 403/466 404/464 
f 341/465 342/467 408/468 403/466 
f 342/467 337/458 407/457 408/468 
f 359/471 349/472 350/469 358/470 
f 358/475 350/476 351/473 357/474 
f 357/474 351/473 352/477 356/478 
f 352/482 353/479 355/480 356/481 
f 353/479 354/483 360/484 355/480 
f 354/483 349/472 359/471 360/484 
f 358/470 370/485 371/486 359/471 
f 357/474 369/487 370/488 358/475 
f 356/478 368/489 369/487 357/474 
f 356/481 355/480 367/490 368/491 
f 359/471 371/486 372/492 360/484 
f 364/494 242/323 241/326 365/493 
f 363/496 243/327 242/330 364/495 
f 362/497 244/331 243/327 363/496 
f 362/498 361/499 245/333 244/336 
f 361/499 366/500 246/337 245/333 
f 366/500 365/493 241/326 246/337 
f 370/485 364/494 365/493 371/486 
f 369/487 363/496 364/495 370/488 
f 368/489 362/497 363/496 369/487 
f 367/490 361/499 362/498 368/491 
f 372/492 371/486 365/493 366/500 
f 383/503 373/504 374/501 382/502 
f 382/502 374/501 375/505 381/506 
f 381/506 375/505 376/507 380/508 
f 376/512 377/509 379/510 380/511 
f 377/509 378/513 384/514 379/510 
f 378/513 373/515 383/516 384/514 
f 382/502 394/517 395/518 383/503 
f 381/506 393/519 394/517 382/502 
f 380/508 392/520 393/519 381/506 
f 380/511 379/510 391/521 392/522 
f 383/516 395/523 396/524 384/514 
f 388/526 266/355 265/358 389/525 
f 387/527 267/359 266/355 388/526 
f 386/528 268/361 267/359 387/527 
f 386/529 385/530 269/363 268/366 
f 385/530 390/531 270/367 269/363 
f 390/531 389/532 265/369 270/367 
f 394/517 388/526 389/525 395/518 
f 393/519 387/527 388/526 394/517 
f 392/520 386/528 387/527 393/519 
f 391/521 385/530 386/529 392/522 
f 396/524 395/523 389/532 390/531 
f 396/524 344/533 345/534 384/514 
f 379/510 384/514 345/534 346/535 
f 391/521 379/510 346/535 347/536 
f 391/521 347/536 348/537 385/530 
f 390/531 385/530 348/537 343/538 
f 396/524 390/531 343/538 344/533 
f 367/490 355/480 339/539 338/540 
f 361/499 367/490 338/540 337/541 
f 366/500 361/499 337/541 342/542 
f 372/492 366/500 342/542 341/543 
f 360/484 372/492 341/543 340/544 
f 355/480 360/484 340/544 339/539 
f 401/547 400/548 344/545 343/546 
f 400/551 399/552 345/549 344/550 
f 399/552 398/554 346/553 345/549 
f 398/554 397/556 347/555 346/553 
f 397/556 402/558 348/557 347/555 
f 401/547 343/546 348/557 402/558 
f 407/457 406/456 424/559 425/560 
f 406/461 405/460 423/561 424/562 
f 404/464 422/563 423/561 405/460 
f 404/464 403/466 421/564 422/563 
f 403/466 408/468 426/565 421/564 
f 408/468 407/457 425/560 426/565 
f 409/568 413/569 430/566 431/567 
f 413/572 412/573 429/570 430/571 
f 412/573 411/575 428/574 429/570 
f 411/575 410/577 427/576 428/574 
f 414/579 432/578 427/576 410/577 
f 414/579 409/568 431/567 432/578 
f 440/582 433/583 434/580 439/581 
f 434/587 435/584 444/585 439/586 
f 435/584 436/588 443/589 444/585 
f 436/588 437/590 442/591 443/589 
f 437/590 438/592 441/593 442/591 
f 438/592 433/583 440/582 441/593 
f 424/559 419/594 415/595 425/560 
f 424/562 423/561 418/596 419/597 
f 423/561 422/563 417/598 418/596 
f 422/563 421/564 416/599 417/598 
f 421/564 426/565 420/600 416/599 
f 426/565 425/560 415/595 420/600 
f 431/567 430/566 400/548 401/547 
f 430/571 429/570 399/552 400/551 
f 429/570 428/574 398/554 399/552 
f 428/574 427/576 397/556 398/554 
f 427/576 432/578 402/558 397/556 
f 432/578 431/567 401/547 402/558 
f 434/580 433/583 415/595 419/594 
f 435/584 434/587 419/597 418/596 
f 436/588 435/584 418/596 417/598 
f 436/588 417/598 416/599 437/590 
f 437/590 416/599 420/600 438/592 
f 438/592 420/600 415/595 433/583 
f 440/582 439/581 413/569 409/568 
f 441/593 440/582 409/568 414/579 
f 442/591 441/593 414/579 410/577 
f 442/591 410/577 411/575 443/589 
f 444/585 443/589 411/575 412/573 
f 444/585 412/573 413/572 439/586 
f 445/604 446/601 514/602 515/603 
f 446/601 447/605 513/606 514/602 
f 447/605 448/607 512/608 513/606 
f 448/607 449/609 511/610 512/608 
f 449/614 450/611 516/612 511/613 
f 450/611 445/604 515/603 516/612 
f 467/617 457/618 458/615 466/616 
f 466/621 458/622 459/619 465/620 
f 465/620 459/619 460/623 464/624 
f 460/628 461/625 463/626 464/627 
f 461/625 462/629 468/630 463/626 
f 462/629 457/618 467/617 468/630 
f 466/616 478/631 479/632 467/617 
f 465/620 477/633 478/634 466/621 
f 464/624 476/635 477/633 465/620 
f 464/627 463/626 475/636 476/637 
f 467/617 479/632 480/638 468/630 
f 472/640 350/469 349/472 473/639 
f 471/642 351/473 350/476 472/641 
f 470/643 352/477 351/473 471/642 
f 470/644 469/645 353/479 352/482 
f 469/645 474/646 354/483 353/479 
f 474/646 473/639 349/472 354/483 
f 478/631 472/640 473/639 479/632 
f 477/633 471/642 472/641 478/634 
f 476/635 470/643 471/642 477/633 
f 475/636 469/645 470/644 476/637 
f 480/638 479/632 473/639 474/646 
f 491/649 481/650 482/647 490/648 
f 490/648 482/647 483/651 489/652 
f 489/652 483/651 484/653 488/654 
f 484/658 485/655 487/656 488/657 
f 485/655 486/659 492/660 487/656 
f 486/659 481/661 491/662 492/660 
f 490/648 502/663 503/664 491/649 
f 489/652 501/665 502/663 490/648 
f 488/654 500/666 501/665 489/652 
f 488/657 487/656 499/667 500/668 
f 491/662 503/669 504/670 492/660 
f 496/672 374/501 373/504 497/671 
f 495/673 375/505 374/501 496/672 
f 494/674 376/507 375/505 495/673 
f 494/675 493/676 377/509 376/512 
f 493/676 498/677 378/513 377/509 
f 498/677 497/678 373/515 378/513 
f 502/663 496/672 497/671 503/664 
f 501/665 495/673 496/672 502/663 
f 500/666 494/674 495/673 501/665 
f 499/667 493/676 494/675 500/668 
f 504/670 503/669 497/678 498/677 
f 504/670 452/679 453/680 492/660 
f 487/656 492/660 453/680 454/681 
f 499/667 487/656 454/681 455/682 
f 493/676 499/667 455/682 456/683 
f 498/677 493/676 456/683 451/684 
f 504/670 498/677 451/684 452/679 
f 475/636 463/626 447/685 446/686 
f 475/636 446/686 445/687 469/645 
f 474/646 469/645 445/687 450/688 
f 480/638 474/646 450/688 449/689 
f 480/638 449/689 448/690 468/630 
f 463/626 468/630 448/690 447/685 
f 509/693 508/694 452/691 451/692 
f 508/694 507/696 453/695 452/691 
f 507/696 506/698 454/697 453/695 
f 506/698 505/700 455/699 454/697 
f 505/703 510/704 456/701 455/702 
f 510/704 509/693 451/692 456/701 
f 515/603 514/602 532/705 533/706 
f 514/602 513/606 531/707 532/705 
f 513/606 512/608 530/708 531/707 
f 512/608 511/610 529/709 530/708 
f 511/613 516/612 534/710 529/711 
f 516/612 515/603 533/706 534/710 
f 517/714 521/715 538/712 539/713 
f 521/715 520/717 537/716 538/712 
f 519/719 536/718 537/716 520/717 
f 518/721 535/720 536/718 519/719 
f 518/724 522/725 540/722 535/723 
f 522/725 517/714 539/713 540/722 
f 541/729 542/726 547/727 548/728 
f 542/726 543/730 552/731 547/727 
f 543/730 544/732 551/733 552/731 
f 544/732 545/734 550/735 551/733 
f 545/739 546/736 549/737 550/738 
f 546/736 541/729 548/728 549/737 
f 533/706 532/705 527/740 523/741 
f 532/705 531/707 526/742 527/740 
f 531/707 530/708 525/743 526/742 
f 530/708 529/709 524/744 525/743 
f 529/711 534/710 528/745 524/746 
f 534/710 533/706 523/741 528/745 
f 539/713 538/712 508/694 509/693 
f 538/712 537/716 507/696 508/694 
f 537/716 536/718 506/698 507/696 
f 536/718 535/720 505/700 506/698 
f 535/723 540/722 510/704 505/703 
f 540/722 539/713 509/693 510/704 
f 542/726 541/729 523/741 527/740 
f 542/726 527/740 526/742 543/730 
f 543/730 526/742 525/743 544/732 
f 545/734 544/732 525/743 524/744 
f 546/736 545/739 524/746 528/745 
f 541/729 546/736 528/745 523/741 
f 548/728 547/727 521/715 517/714 
f 548/728 517/714 522/725 549/737 
f 550/738 549/737 522/725 518/724 
f 550/735 518/721 519/719 551/733 
f 552/731 551/733 519/719 520/717 
f 547/727 552/731 520/717 521/715 
f 553/750 554/747 622/748 623/749 
f 554/754 555/751 621/752 622/753 
f 555/751 556/755 620/756 621/752 
f 556/755 557/757 619/758 620/756 
f 557/757 558/759 624/760 619/758 
f 558/759 553/750 623/749 624/760 
f 575/763 565/764 566/761 574/762 
f 574/767 566/768 567/765 573/766 
f 573/766 567/765 568/769 572/770 
f 568/774 569/771 571/772 572/773 
f 569/771 570/775 576/776 571/772 
f 570/775 565/764 575/763 576/776 
f 574/762 586/777 587/778 575/763 
f 573/766 585/779 586/780 574/767 
f 572/770 584/781 585/779 573/766 
f 572/773 571/772 583/782 584/783 
f 575/763 587/778 588/784 576/776 
f 580/786 458/615 457/618 581/785 
f 579/788 459/619 458/622 580/787 
f 578/789 460/623 459/619 579/788 
f 578/790 577/791 461/625 460/628 
f 577/791 582/792 462/629 461/625 
f 582/792 581/785 457/618 462/629 
f 586/777 580/786 581/785 587/778 
f 585/779 579/788 580/787 586/780 
f 584/781 578/789 579/788 585/779 
f 583/782 577/791 578/790 584/783 
f 588/784 587/778 581/785 582/792 
f 599/795 589/796 590/793 598/794 
f 598/794 590/793 591/797 597/798 
f 597/798 591/797 592/799 596/800 
f 592/804 593/801 595/802 596/803 
f 593/801 594/805 600/806 595/802 
f 594/805 589/807 599/808 600/806 
f 598/794 610/809 611/810 599/795 
f 597/798 609/811 610/809 598/794 
f 596/800 608/812 609/811 597/798 
f 596/803 595/802 607/813 608/814 
f 599/808 611/815 612/816 600/806 
f 604/818 482/647 481/650 605/817 
f 603/819 483/651 482/647 604/818 
f 602/820 484/653 483/651 603/819 
f 602/821 601/822 485/655 484/658 
f 601/822 606/823 486/659 485/655 
f 606/823 605/824 481/661 486/659 
f 610/809 604/818 605/817 611/810 
f 609/811 603/819 604/818 610/809 
f 608/812 602/820 603/819 609/811 
f 607/813 601/822 602/821 608/814 
f 612/816 611/815 605/824 606/823 
f 600/806 612/816 560/825 561/826 
f 595/802 600/806 561/826 562/827 
f 595/802 562/827 563/828 607/813 
f 601/822 607/813 563/828 564/829 
f 606/823 601/822 564/829 559/830 
f 612/816 606/823 559/830 560/825 
f 583/782 571/772 555/831 554/832 
f 583/782 554/832 553/833 577/791 
f 582/792 577/791 553/833 558/834 
f 588/784 582/792 558/834 557/835 
f 576/776 588/784 557/835 556/836 
f 571/772 576/776 556/836 555/831 
f 617/839 616/840 560/837 559/838 
f 616/843 615/844 561/841 560/842 
f 615/844 614/846 562/845 561/841 
f 614/846 613/848 563/847 562/845 
f 613/848 618/850 564/849 563/847 
f 618/850 617/839 559/838 564/849 
f 623/749 622/748 640/851 641/852 
f 622/753 621/752 639/853 640/854 
f 621/752 620/756 638/855 639/853 
f 620/756 619/758 637/856 638/855 
f 619/758 624/760 642/857 637/856 
f 623/749 641/852 642/857 624/760 
f 625/860 629/861 646/858 647/859 
f 628/865 645/862 646/863 629/864 
f 628/865 627/867 644/866 645/862 
f 627/867 626/869 643/868 644/866 
f 630/871 648/870 643/868 626/869 
f 630/871 625/860 647/859 648/870 
f 649/875 650/872 655/873 656/874 
f 650/879 651/876 660/877 655/878 
f 651/876 652/880 659/881 660/877 
f 659/881 652/880 653/882 658/883 
f 653/882 654/884 657/885 658/883 
f 657/885 654/884 649/875 656/874 
f 640/851 635/886 631/887 641/852 
f 639/853 634/888 635/889 640/854 
f 639/853 638/855 633/890 634/888 
f 638/855 637/856 632/891 633/890 
f 637/856 642/857 636/892 632/891 
f 642/857 641/852 631/887 636/892 
f 647/859 646/858 616/840 617/839 
f 646/863 645/862 615/844 616/843 
f 645/862 644/866 614/846 615/844 
f 644/866 643/868 613/848 614/846 
f 643/868 648/870 618/850 613/848 
f 648/870 647/859 617/839 618/850 
f 650/872 649/875 631/887 635/886 
f 651/876 650/879 635/889 634/888 
f 651/876 634/888 633/890 652/880 
f 653/882 652/880 633/890 632/891 
f 654/884 653/882 632/891 636/892 
f 649/875 654/884 636/892 631/887 
f 656/874 655/873 629/861 625/860 
f 656/874 625/860 630/871 657/885 
f 658/883 657/885 630/871 626/869 
f 658/883 626/869 627/867 659/881 
f 659/881 627/867 628/865 660/877 
f 655/878 660/877 628/865 629/864 
f 661/896 662/893 730/894 731/895 
f 662/893 663/897 729/898 730/894 
f 663/897 664/899 728/900 729/898 
f 664/899 665/901 727/902 728/900 
f 665/906 666/903 732/904 727/905 
f 666/903 661/896 731/895 732/904 
f 683/909 673/910 674/907 682/908 
f 682/913 674/914 675/911 681/912 
f 681/912 675/911 676/915 680/916 
f 676/920 677/917 679/918 680/919 
f 677/917 678/921 684/922 679/918 
f 678/921 673/910 683/909 684/922 
f 682/908 694/923 695/924 683/909 
f 681/912 693/925 694/926 682/913 
f 680/916 692/927 693/925 681/912 
f 680/919 679/918 691/928 692/929 
f 683/909 695/924 696/930 684/922 
f 688/932 566/761 565/764 689/931 
f 687/934 567/765 566/768 688/933 
f 686/935 568/769 567/765 687/934 
f 686/936 685/937 569/771 568/774 
f 685/937 690/938 570/775 569/771 
f 690/938 689/931 565/764 570/775 
f 694/923 688/932 689/931 695/924 
f 693/925 687/934 688/933 694/926 
f 692/927 686/935 687/934 693/925 
f 691/928 685/937 686/936 692/929 
f 696/930 695/924 689/931 690/938 
f 707/941 697/942 698/939 706/940 
f 706/940 698/939 699/943 705/944 
f 705/944 699/943 700/945 704/946 
f 700/950 701/947 703/948 704/949 
f 701/947 702/951 708/952 703/948 
f 702/951 697/953 707/954 708/952 
f 706/940 718/955 719/956 707/941 
f 705/944 717/957 718/955 706/940 
f 704/946 716/958 717/957 705/944 
f 704/949 703/948 715/959 716/960 
f 707/954 719/961 720/962 708/952 
f 712/964 590/793 589/796 713/963 
f 711/965 591/797 590/793 712/964 
f 710/966 592/799 591/797 711/965 
f 710/967 709/968 593/801 592/804 
f 709/968 714/969 594/805 593/801 
f 714/969 713/970 589/807 594/805 
f 718/955 712/964 713/963 719/956 
f 717/957 711/965 712/964 718/955 
f 716/958 710/966 711/965 717/957 
f 715/959 709/968 710/967 716/960 
f 720/962 719/961 713/970 714/969 
f 708/952 720/962 668/971 669/972 
f 703/948 708/952 669/972 670/973 
f 715/959 703/948 670/973 671/974 
f 709/968 715/959 671/974 672/975 
f 714/969 709/968 672/975 667/976 
f 720/962 714/969 667/976 668/971 
f 691/928 679/918 663/977 662/978 
f 691/928 662/978 661/979 685/937 
f 690/938 685/937 661/979 666/980 
f 696/930 690/938 666/980 665/981 
f 684/922 696/930 665/981 664/982 
f 679/918 684/922 664/982 663/977 
f 725/985 724/986 668/983 667/984 
f 724/986 723/988 669/987 668/983 
f 723/988 722/990 670/989 669/987 
f 722/990 721/992 671/991 670/989 
f 721/995 726/996 672/993 671/994 
f 726/996 725/985 667/984 672/993 
f 731/895 730/894 748/997 749/998 
f 730/894 729/898 747/999 748/997 
f 729/898 728/900 746/1000 747/999 
f 728/900 727/902 745/1001 746/1000 
f 727/905 732/904 750/1002 745/1003 
f 732/904 731/895 749/998 750/1002 
f 733/1006 737/1007 754/1004 755/1005 
f 737/1007 736/1009 753/1008 754/1004 
f 735/1011 752/1010 753/1008 736/1009 
f 734/1013 751/1012 752/1010 735/1011 
f 734/1016 738/1017 756/1014 751/1015 
f 738/1017 733/1006 755/1005 756/1014 
f 757/1021 758/1018 763/1019 764/1020 
f 758/1018 759/1022 768/1023 763/1019 
f 759/1022 760/1024 767/1025 768/1023 
f 760/1024 761/1026 766/1027 767/1025 
f 761/1031 762/1028 765/1029 766/1030 
f 762/1028 757/1021 764/1020 765/1029 
f 749/998 748/997 743/1032 739/1033 
f 748/997 747/999 742/1034 743/1032 
f 747/999 746/1000 741/1035 742/1034 
f 745/1001 740/1036 741/1035 746/1000 
f 745/1003 750/1002 744/1037 740/1038 
f 750/1002 749/998 739/1033 744/1037 
f 755/1005 754/1004 724/986 725/985 
f 754/1004 753/1008 723/988 724/986 
f 753/1008 752/1010 722/990 723/988 
f 752/1010 751/1012 721/992 722/990 
f 751/1015 756/1014 726/996 721/995 
f 756/1014 755/1005 725/985 726/996 
f 758/1018 757/1021 739/1033 743/1032 
f 758/1018 743/1032 742/1034 759/1022 
f 759/1022 742/1034 741/1035 760/1024 
f 761/1026 760/1024 741/1035 740/1036 
f 762/1028 761/1031 740/1038 744/1037 
f 757/1021 762/1028 744/1037 739/1033 
f 764/1020 763/1019 737/1007 733/1006 
f 765/1029 764/1020 733/1006 738/1017 
f 766/1030 765/1029 738/1017 734/1016 
f 767/1025 766/1027 734/1013 735/1011 
f 768/1023 767/1025 735/1011 736/1009 
f 768/1023 736/1009 737/1007 763/1019 
f 769/1042 770/1039 838/1040 839/1041 
f 770/1039 771/1043 837/1044 838/1040 
f 771/1043 772/1045 836/1046 837/1044 
f 772/1045 773/1047 835/1048 836/1046 
f 773/1052 774/1049 840/1050 835/1051 
f 774/1049 769/1042 839/1041 840/1050 
f 791/1055 781/1056 782/1053 790/1054 
f 790/1059 782/1060 783/1057 789/1058 
f 789/1058 783/1057 784/1061 788/1062 
f 784/1066 785/1063 787/1064 788/1065 
f 785/1063 786/1067 792/1068 787/1064 
f 786/1067 781/1056 791/1055 792/1068 
f 790/1054 802/1069 803/1070 791/1055 
f 789/1058 801/1071 802/1072 790/1059 
f 788/1062 800/1073 801/1071 789/1058 
f 788/1065 787/1064 799/1074 800/1075 
f 791/1055 803/1070 804/1076 792/1068 
f 796/1078 674/907 673/910 797/1077 
f 795/1080 675/911 674/914 796/1079 
f 794/1081 676/915 675/911 795/1080 
f 794/1082 793/1083 677/917 676/920 
f 793/1083 798/1084 678/921 677/917 
f 798/1084 797/1077 673/910 678/921 
f 802/1069 796/1078 797/1077 803/1070 
f 801/1071 795/1080 796/1079 802/1072 
f 800/1073 794/1081 795/1080 801/1071 
f 799/1074 793/1083 794/1082 800/1075 
f 804/1076 803/1070 797/1077 798/1084 
f 815/1087 805/1088 806/1085 814/1086 
f 814/1086 806/1085 807/1089 813/1090 
f 813/1090 807/1089 808/1091 812/1092 
f 808/1096 809/1093 811/1094 812/1095 
f 809/1093 810/1097 816/1098 811/1094 
f 810/1097 805/1099 815/1100 816/1098 
f 814/1086 826/1101 827/1102 815/1087 
f 813/1090 825/1103 826/1101 814/1086 
f 812/1092 824/1104 825/1103 813/1090 
f 812/1095 811/1094 823/1105 824/1106 
f 815/1100 827/1107 828/1108 816/1098 
f 820/1110 698/939 697/942 821/1109 
f 819/1111 699/943 698/939 820/1110 
f 818/1112 700/945 699/943 819/1111 
f 818/1113 817/1114 701/947 700/950 
f 817/1114 822/1115 702/951 701/947 
f 822/1115 821/1116 697/953 702/951 
f 826/1101 820/1110 821/1109 827/1102 
f 825/1103 819/1111 820/1110 826/1101 
f 824/1104 818/1112 819/1111 825/1103 
f 823/1105 817/1114 818/1113 824/1106 
f 828/1108 827/1107 821/1116 822/1115 
f 828/1108 776/1117 777/1118 816/1098 
f 811/1094 816/1098 777/1118 778/1119 
f 811/1094 778/1119 779/1120 823/1105 
f 823/1105 779/1120 780/1121 817/1114 
f 822/1115 817/1114 780/1121 775/1122 
f 828/1108 822/1115 775/1122 776/1117 
f 799/1074 787/1064 771/1123 770/1124 
f 799/1074 770/1124 769/1125 793/1083 
f 798/1084 793/1083 769/1125 774/1126 
f 804/1076 798/1084 774/1126 773/1127 
f 804/1076 773/1127 772/1128 792/1068 
f 787/1064 792/1068 772/1128 771/1123 
f 833/1131 832/1132 776/1129 775/1130 
f 832/1132 831/1134 777/1133 776/1129 
f 831/1134 830/1136 778/1135 777/1133 
f 830/1136 829/1138 779/1137 778/1135 
f 829/1141 834/1142 780/1139 779/1140 
f 834/1142 833/1131 775/1130 780/1139 
f 839/1041 838/1040 856/1143 857/1144 
f 838/1040 837/1044 855/1145 856/1143 
f 837/1044 836/1046 854/1146 855/1145 
f 836/1046 835/1048 853/1147 854/1146 
f 835/1051 840/1050 858/1148 853/1149 
f 840/1050 839/1041 857/1144 858/1148 
f 841/1152 845/1153 862/1150 863/1151 
f 845/1153 844/1155 861/1154 862/1150 
f 844/1155 843/1157 860/1156 861/1154 
f 843/1157 842/1159 859/1158 860/1156 
f 842/1162 846/1163 864/1160 859/1161 
f 846/1163 841/1152 863/1151 864/1160 
f 865/1167 866/1164 871/1165 872/1166 
f 871/1165 866/1164 867/1168 876/1169 
f 876/1169 867/1168 868/1170 875/1171 
f 875/1171 868/1170 869/1172 874/1173 
f 869/1177 870/1174 873/1175 874/1176 
f 870/1174 865/1167 872/1166 873/1175 
f 857/1144 856/1143 851/1178 847/1179 
f 856/1143 855/1145 850/1180 851/1178 
f 855/1145 854/1146 849/1181 850/1180 
f 854/1146 853/1147 848/1182 849/1181 
f 853/1149 858/1148 852/1183 848/1184 
f 858/1148 857/1144 847/1179 852/1183 
f 863/1151 862/1150 832/1132 833/1131 
f 862/1150 861/1154 831/1134 832/1132 
f 860/1156 830/1136 831/1134 861/1154 
f 860/1156 859/1158 829/1138 830/1136 
f 859/1161 864/1160 834/1142 829/1141 
f 864/1160 863/1151 833/1131 834/1142 
f 865/1167 847/1179 851/1178 866/1164 
f 867/1168 866/1164 851/1178 850/1180 
f 868/1170 867/1168 850/1180 849/1181 
f 869/1172 868/1170 849/1181 848/1182 
f 869/1177 848/1184 852/1183 870/1174 
f 870/1174 852/1183 847/1179 865/1167 
f 872/1166 871/1165 845/1153 841/1152 
f 873/1175 872/1166 841/1152 846/1163 
f 874/1176 873/1175 846/1163 842/1162 
f 874/1173 842/1159 843/1157 875/1171 
f 875/1171 843/1157 844/1155 876/1169 
f 876/1169 844/1155 845/1153 871/1165 
f 877/1188 878/1185 946/1186 947/1187 
f 878/1185 879/1189 945/1190 946/1186 
f 879/1189 880/1191 944/1192 945/1190 
f 880/1191 881/1193 943/1194 944/1192 
f 881/1198 882/1195 948/1196 943/1197 
f 882/1195 877/1188 947/1187 948/1196 
f 899/1201 889/1202 890/1199 898/1200 
f 898/1205 890/1206 891/1203 897/1204 
f 897/1204 891/1203 892/1207 896/1208 
f 892/1212 893/1209 895/1210 896/1211 
f 893/1209 894/1213 900/1214 895/1210 
f 894/1213 889/1202 899/1201 900/1214 
f 898/1200 910/1215 911/1216 899/1201 
f 897/1204 909/1217 910/1218 898/1205 
f 896/1208 908/1219 909/1217 897/1204 
f 896/1211 895/1210 907/1220 908/1221 
f 899/1201 911/1216 912/1222 900/1214 
f 904/1224 782/1053 781/1056 905/1223 
f 903/1226 783/1057 782/1060 904/1225 
f 902/1227 784/1061 783/1057 903/1226 
f 902/1228 901/1229 785/1063 784/1066 
f 901/1229 906/1230 786/1067 785/1063 
f 906/1230 905/1223 781/1056 786/1067 
f 910/1215 904/1224 905/1223 911/1216 
f 909/1217 903/1226 904/1225 910/1218 
f 908/1219 902/1227 903/1226 909/1217 
f 907/1220 901/1229 902/1228 908/1221 
f 912/1222 911/1216 905/1223 906/1230 
f 923/1233 913/1234 914/1231 922/1232 
f 922/1232 914/1231 915/1235 921/1236 
f 921/1236 915/1235 916/1237 920/1238 
f 916/1242 917/1239 919/1240 920/1241 
f 917/1239 918/1243 924/1244 919/1240 
f 918/1243 913/1245 923/1246 924/1244 
f 922/1232 934/1247 935/1248 923/1233 
f 921/1236 933/1249 934/1247 922/1232 
f 920/1238 932/1250 933/1249 921/1236 
f 920/1241 919/1240 931/1251 932/1252 
f 923/1246 935/1253 936/1254 924/1244 
f 928/1256 806/1085 805/1088 929/1255 
f 927/1257 807/1089 806/1085 928/1256 
f 926/1258 808/1091 807/1089 927/1257 
f 926/1259 925/1260 809/1093 808/1096 
f 925/1260 930/1261 810/1097 809/1093 
f 930/1261 929/1262 805/1099 810/1097 
f 934/1247 928/1256 929/1255 935/1248 
f 933/1249 927/1257 928/1256 934/1247 
f 932/1250 926/1258 927/1257 933/1249 
f 931/1251 925/1260 926/1259 932/1252 
f 936/1254 935/1253 929/1262 930/1261 
f 936/1254 884/1263 885/1264 924/1244 
f 919/1240 924/1244 885/1264 886/1265 
f 931/1251 919/1240 886/1265 887/1266 
f 925/1260 931/1251 887/1266 888/1267 
f 930/1261 925/1260 888/1267 883/1268 
f 936/1254 930/1261 883/1268 884/1263 
f 907/1220 895/1210 879/1269 878/1270 
f 907/1220 878/1270 877/1271 901/1229 
f 906/1230 901/1229 877/1271 882/1272 
f 912/1222 906/1230 882/1272 881/1273 
f 900/1214 912/1222 881/1273 880/1274 
f 895/1210 900/1214 880/1274 879/1269 
f 941/1277 940/1278 884/1275 883/1276 
f 940/1278 939/1280 885/1279 884/1275 
f 939/1280 938/1282 886/1281 885/1279 
f 938/1282 937/1284 887/1283 886/1281 
f 937/1287 942/1288 888/1285 887/1286 
f 941/1277 883/1276 888/1285 942/1288 
f 947/1187 946/1186 964/1289 965/1290 
f 946/1186 945/1190 963/1291 964/1289 
f 945/1190 944/1192 962/1292 963/1291 
f 944/1192 943/1194 961/1293 962/1292 
f 943/1197 948/1196 966/1294 961/1295 
f 948/1196 947/1187 965/1290 966/1294 
f 949/1298 953/1299 970/1296 971/1297 
f 953/1299 952/1301 969/1300 970/1296 
f 952/1301 951/1303 968/1302 969/1300 
f 950/1305 967/1304 968/1302 951/1303 
f 950/1308 954/1309 972/1306 967/1307 
f 954/1309 949/1298 971/1297 972/1306 
f 973/1313 974/1310 979/1311 980/1312 
f 974/1310 975/1314 984/1315 979/1311 
f 975/1314 976/1316 983/1317 984/1315 
f 976/1316 977/1318 982/1319 983/1317 
f 977/1323 978/1320 981/1321 982/1322 
f 981/1321 978/1320 973/1313 980/1312 
f 964/1289 959/1324 955/1325 965/1290 
f 963/1291 958/1326 959/1324 964/1289 
f 963/1291 962/1292 957/1327 958/1326 
f 962/1292 961/1293 956/1328 957/1327 
f 961/1295 966/1294 960/1329 956/1330 
f 966/1294 965/1290 955/1325 960/1329 
f 971/1297 970/1296 940/1278 941/1277 
f 970/1296 969/1300 939/1280 940/1278 
f 969/1300 968/1302 938/1282 939/1280 
f 968/1302 967/1304 937/1284 938/1282 
f 967/1307 972/1306 942/1288 937/1287 
f 972/1306 971/1297 941/1277 942/1288 
f 974/1310 973/1313 955/1325 959/1324 
f 975/1314 974/1310 959/1324 958/1326 
f 975/1314 958/1326 957/1327 976/1316 
f 976/1316 957/1327 956/1328 977/1318 
f 978/1320 977/1323 956/1330 960/1329 
f 973/1313 978/1320 960/1329 955/1325 
f 980/1312 979/1311 953/1299 949/1298 
f 980/1312 949/1298 954/1309 981/1321 
f 982/1322 981/1321 954/1309 950/1308 
f 983/1317 982/1319 950/1305 951/1303 
f 984/1315 983/1317 951/1303 952/1301 
f 984/1315 952/1301 953/1299 979/1311 
f 985/1334 986/1331 1054/1332 1055/1333 
f 986/1331 987/1335 1053/1336 1054/1332 
f 987/1335 988/1337 1052/1338 1053/1336 
f 988/1337 989/1339 1051/1340 1052/1338 
f 989/1344 990/1341 1056/1342 1051/1343 
f 990/1341 985/1334 1055/1333 1056/1342 
f 1007/1347 997/1348 998/1345 1006/1346 
f 1006/1351 998/1352 999/1349 1005/1350 
f 1005/1350 999/1349 1000/1353 1004/1354 
f 1000/1358 1001/1355 1003/1356 1004/1357 
f 1001/1355 1002/1359 1008/1360 1003/1356 
f 1002/1359 997/1348 1007/1347 1008/1360 
f 1006/1346 1018/1361 1019/1362 1007/1347 
f 1005/1350 1017/1363 1018/1364 1006/1351 
f 1004/1354 1016/1365 1017/1363 1005/1350 
f 1004/1357 1003/1356 1015/1366 1016/1367 
f 1007/1347 1019/1362 1020/1368 1008/1360 
f 1012/1370 890/1199 889/1202 1013/1369 
f 1011/1372 891/1203 890/1206 1012/1371 
f 1010/1373 892/1207 891/1203 1011/1372 
f 1010/1374 1009/1375 893/1209 892/1212 
f 1009/1375 1014/1376 894/1213 893/1209 
f 1014/1376 1013/1369 889/1202 894/1213 
f 1018/1361 1012/1370 1013/1369 1019/1362 
f 1017/1363 1011/1372 1012/1371 1018/1364 
f 1016/1365 1010/1373 1011/1372 1017/1363 
f 1015/1366 1009/1375 1010/1374 1016/1367 
f 1020/1368 1019/1362 1013/1369 1014/1376 
f 1031/1379 1021/1380 1022/1377 1030/1378 
f 1030/1378 1022/1377 1023/1381 1029/1382 
f 1029/1382 1023/1381 1024/1383 1028/1384 
f 1024/1388 1025/1385 1027/1386 1028/1387 
f 1025/1385 1026/1389 1032/1390 1027/1386 
f 1026/1389 1021/1391 1031/1392 1032/1390 
f 1030/1378 1042/1393 1043/1394 1031/1379 
f 1029/1382 1041/1395 1042/1393 1030/1378 
f 1028/1384 1040/1396 1041/1395 1029/1382 
f 1028/1387 1027/1386 1039/1397 1040/1398 
f 1031/1392 1043/1399 1044/1400 1032/1390 
f 1036/1402 914/1231 913/1234 1037/1401 
f 1035/1403 915/1235 914/1231 1036/1402 
f 1034/1404 916/1237 915/1235 1035/1403 
f 1034/1405 1033/1406 917/1239 916/1242 
f 1033/1406 1038/1407 918/1243 917/1239 
f 1038/1407 1037/1408 913/1245 918/1243 
f 1042/1393 1036/1402 1037/1401 1043/1394 
f 1041/1395 1035/1403 1036/1402 1042/1393 
f 1040/1396 1034/1404 1035/1403 1041/1395 
f 1039/1397 1033/1406 1034/1405 1040/1398 
f 1044/1400 1043/1399 1037/1408 1038/1407 
f 1044/1400 992/1409 993/1410 1032/1390 
f 1027/1386 1032/1390 993/1410 994/1411 
f 1039/1397 1027/1386 994/1411 995/1412 
f 1039/1397 995/1412 996/1413 1033/1406 
f 1038/1407 1033/1406 996/1413 991/1414 
f 1044/1400 1038/1407 991/1414 992/1409 
f 1015/1366 1003/1356 987/1415 986/1416 
f 1015/1366 986/1416 985/1417 1009/1375 
f 1014/1376 1009/1375 985/1417 990/1418 
f 1020/1368 1014/1376 990/1418 989/1419 
f 1020/1368 989/1419 988/1420 1008/1360 
f 1003/1356 1008/1360 988/1420 987/1415 
f 1049/1423 1048/1424 992/1421 991/1422 
f 1048/1424 1047/1426 993/1425 992/1421 
f 1047/1426 1046/1428 994/1427 993/1425 
f 1046/1428 1045/1430 995/1429 994/1427 
f 1045/1433 1050/1434 996/1431 995/1432 
f 1050/1434 1049/1423 991/1422 996/1431 
f 1055/1333 1054/1332 1072/1435 1073/1436 
f 1054/1332 1053/1336 1071/1437 1072/1435 
f 1053/1336 1052/1338 1070/1438 1071/1437 
f 1052/1338 1051/1340 1069/1439 1070/1438 
f 1051/1343 1056/1342 1074/1440 1069/1441 
f 1056/1342 1055/1333 1073/1436 1074/1440 
f 1057/1444 1061/1445 1078/1442 1079/1443 
f 1061/1445 1060/1447 1077/1446 1078/1442 
f 1060/1447 1059/1449 1076/1448 1077/1446 
f 1058/1451 1075/1450 1076/1448 1059/1449 
f 1058/1454 1062/1455 1080/1452 1075/1453 
f 1062/1455 1057/1444 1079/1443 1080/1452 
f 1081/1459 1082/1456 1087/1457 1088/1458 
f 1082/1456 1083/1460 1092/1461 1087/1457 
f 1083/1460 1084/1462 1091/1463 1092/1461 
f 1084/1462 1085/1464 1090/1465 1091/1463 
f 1085/1469 1086/1466 1089/1467 1090/1468 
f 1089/1467 1086/1466 1081/1459 1088/1458 
f 1073/1436 1072/1435 1067/1470 1063/1471 
f 1072/1435 1071/1437 1066/1472 1067/1470 
f 1070/1438 1065/1473 1066/1472 1071/1437 
f 1070/1438 1069/1439 1064/1474 1065/1473 
f 1069/1441 1074/1440 1068/1475 1064/1476 
f 1074/1440 1073/1436 1063/1471 1068/1475 
f 1079/1443 1078/1442 1048/1424 1049/1423 
f 1078/1442 1077/1446 1047/1426 1048/1424 
f 1077/1446 1076/1448 1046/1428 1047/1426 
f 1076/1448 1075/1450 1045/1430 1046/1428 
f 1075/1453 1080/1452 1050/1434 1045/1433 
f 1080/1452 1079/1443 1049/1423 1050/1434 
f 1082/1456 1081/1459 1063/1471 1067/1470 
f 1083/1460 1082/1456 1067/1470 1066/1472 
f 1084/1462 1083/1460 1066/1472 1065/1473 
f 1084/1462 1065/1473 1064/1474 1085/1464 
f 1086/1466 1085/1469 1064/1476 1068/1475 
f 1081/1459 1086/1466 1068/1475 1063/1471 
f 1088/1458 1087/1457 1061/1445 1057/1444 
f 1089/1467 1088/1458 1057/1444 1062/1455 
f 1089/1467 1062/1455 1058/1454 1090/1468 
f 1091/1463 1090/1465 1058/1451 1059/1449 
f 1091/1463 1059/1449 1060/1447 1092/1461 
f 1092/1461 1060/1447 1061/1445 1087/1457 
f 1093/1480 1094/1477 1162/1478 1163/1479 
f 1094/1477 1095/1481 1161/1482 1162/1478 
f 1095/1481 1096/1483 1160/1484 1161/1482 
f 1096/1483 1097/1485 1159/1486 1160/1484 
f 1097/1490 1098/1487 1164/1488 1159/1489 
f 1098/1487 1093/1480 1163/1479 1164/1488 
f 1115/1493 1105/1494 1106/1491 1114/1492 
f 1114/1497 1106/1498 1107/1495 1113/1496 
f 1113/1496 1107/1495 1108/1499 1112/1500 
f 1108/1504 1109/1501 1111/1502 1112/1503 
f 1109/1501 1110/1505 1116/1506 1111/1502 
f 1110/1505 1105/1494 1115/1493 1116/1506 
f 1114/1492 1126/1507 1127/1508 1115/1493 
f 1113/1496 1125/1509 1126/1510 1114/1497 
f 1112/1500 1124/1511 1125/1509 1113/1496 
f 1112/1503 1111/1502 1123/1512 1124/1513 
f 1115/1493 1127/1508 1128/1514 1116/1506 
f 1120/1516 998/1345 997/1348 1121/1515 
f 1119/1518 999/1349 998/1352 1120/1517 
f 1118/1519 1000/1353 999/1349 1119/1518 
f 1118/1520 1117/1521 1001/1355 1000/1358 
f 1117/1521 1122/1522 1002/1359 1001/1355 
f 1122/1522 1121/1515 997/1348 1002/1359 
f 1126/1507 1120/1516 1121/1515 1127/1508 
f 1125/1509 1119/1518 1120/1517 1126/1510 
f 1124/1511 1118/1519 1119/1518 1125/1509 
f 1123/1512 1117/1521 1118/1520 1124/1513 
f 1128/1514 1127/1508 1121/1515 1122/1522 
f 1139/1525 1129/1526 1130/1523 1138/1524 
f 1138/1524 1130/1523 1131/1527 1137/1528 
f 1137/1528 1131/1527 1132/1529 1136/1530 
f 1132/1534 1133/1531 1135/1532 1136/1533 
f 1133/1531 1134/1535 1140/1536 1135/1532 
f 1134/1535 1129/1537 1139/1538 1140/1536 
f 1138/1524 1150/1539 1151/1540 1139/1525 
f 1137/1528 1149/1541 1150/1539 1138/1524 
f 1136/1530 1148/1542 1149/1541 1137/1528 
f 1136/1533 1135/1532 1147/1543 1148/1544 
f 1139/1538 1151/1545 1152/1546 1140/1536 
f 1144/1548 1022/1377 1021/1380 1145/1547 
f 1143/1549 1023/1381 1022/1377 1144/1548 
f 1142/1550 1024/1383 1023/1381 1143/1549 
f 1142/1551 1141/1552 1025/1385 1024/1388 
f 1141/1552 1146/1553 1026/1389 1025/1385 
f 1146/1553 1145/1554 1021/1391 1026/1389 
f 1150/1539 1144/1548 1145/1547 1151/1540 
f 1149/1541 1143/1549 1144/1548 1150/1539 
f 1148/1542 1142/1550 1143/1549 1149/1541 
f 1147/1543 1141/1552 1142/1551 1148/1544 
f 1152/1546 1151/1545 1145/1554 1146/1553 
f 1152/1546 1100/1555 1101/1556 1140/1536 
f 1135/1532 1140/1536 1101/1556 1102/1557 
f 1147/1543 1135/1532 1102/1557 1103/1558 
f 1147/1543 1103/1558 1104/1559 1141/1552 
f 1146/1553 1141/1552 1104/1559 1099/1560 
f 1152/1546 1146/1553 1099/1560 1100/1555 
f 1123/1512 1111/1502 1095/1561 1094/1562 
f 1117/1521 1123/1512 1094/1562 1093/1563 
f 1122/1522 1117/1521 1093/1563 1098/1564 
f 1128/1514 1122/1522 1098/1564 1097/1565 
f 1128/1514 1097/1565 1096/1566 1116/1506 
f 1111/1502 1116/1506 1096/1566 1095/1561 
f 1157/1569 1156/1570 1100/1567 1099/1568 
f 1156/1570 1155/1572 1101/1571 1100/1567 
f 1155/1572 1154/1574 1102/1573 1101/1571 
f 1154/1574 1153/1576 1103/1575 1102/1573 
f 1153/1579 1158/1580 1104/1577 1103/1578 
f 1158/1580 1157/1569 1099/1568 1104/1577 
f 1163/1479 1162/1478 1180/1581 1181/1582 
f 1162/1478 1161/1482 1179/1583 1180/1581 
f 1161/1482 1160/1484 1178/1584 1179/1583 
f 1160/1484 1159/1486 1177/1585 1178/1584 
f 1159/1489 1164/1488 1182/1586 1177/1587 
f 1164/1488 1163/1479 1181/1582 1182/1586 
f 1165/1590 1169/1591 1186/1588 1187/1589 
f 1168/1593 1185/1592 1186/1588 1169/1591 
f 1168/1593 1167/1595 1184/1594 1185/1592 
f 1167/1595 1166/1597 1183/1596 1184/1594 
f 1166/1600 1170/1601 1188/1598 1183/1599 
f 1170/1601 1165/1590 1187/1589 1188/1598 
f 1189/1605 1190/1602 1195/1603 1196/1604 
f 1190/1602 1191/1606 1200/1607 1195/1603 
f 1191/1606 1192/1608 1199/1609 1200/1607 
f 1199/1609 1192/1608 1193/1610 1198/1611 
f 1198/1614 1193/1615 1194/1612 1197/1613 
f 1197/1613 1194/1612 1189/1605 1196/1604 
f 1181/1582 1180/1581 1175/1616 1171/1617 
f 1179/1583 1174/1618 1175/1616 1180/1581 
f 1179/1583 1178/1584 1173/1619 1174/1618 
f 1177/1585 1172/1620 1173/1619 1178/1584 
f 1177/1587 1182/1586 1176/1621 1172/1622 
f 1182/1586 1181/1582 1171/1617 1176/1621 
f 1187/1589 1186/1588 1156/1570 1157/1569 
f 1186/1588 1185/1592 1155/1572 1156/1570 
f 1184/1594 1154/1574 1155/1572 1185/1592 
f 1184/1594 1183/1596 1153/1576 1154/1574 
f 1183/1599 1188/1598 1158/1580 1153/1579 
f 1188/1598 1187/1589 1157/1569 1158/1580 
f 1189/1605 1171/1617 1175/1616 1190/1602 
f 1191/1606 1190/1602 1175/1616 1174/1618 
f 1191/1606 1174/1618 1173/1619 1192/1608 
f 1193/1610 1192/1608 1173/1619 1172/1620 
f 1193/1615 1172/1622 1176/1621 1194/1612 
f 1189/1605 1194/1612 1176/1621 1171/1617 
f 1196/1604 1195/1603 1169/1591 1165/1590 
f 1196/1604 1165/1590 1170/1601 1197/1613 
f 1198/1614 1197/1613 1170/1601 1166/1600 
f 1199/1609 1198/1611 1166/1597 1167/1595 
f 1199/1609 1167/1595 1168/1593 1200/1607 
f 1195/1603 1200/1607 1168/1593 1169/1591 
f 1201/1626 1202/1623 1270/1624 1271/1625 
f 1202/1623 1203/1627 1269/1628 1270/1624 
f 1203/1627 1204/1629 1268/1630 1269/1628 
f 1204/1629 1205/1631 1267/1632 1268/1630 
f 1205/1636 1206/1633 1272/1634 1267/1635 
f 1206/1633 1201/1626 1271/1625 1272/1634 
f 1223/1639 1213/1640 1214/1637 1222/1638 
f 1222/1643 1214/1644 1215/1641 1221/1642 
f 1221/1642 1215/1641 1216/1645 1220/1646 
f 1216/1650 1217/1647 1219/1648 1220/1649 
f 1217/1647 1218/1651 1224/1652 1219/1648 
f 1218/1651 1213/1640 1223/1639 1224/1652 
f 1222/1638 1234/1653 1235/1654 1223/1639 
f 1221/1642 1233/1655 1234/1656 1222/1643 
f 1220/1646 1232/1657 1233/1655 1221/1642 
f 1220/1649 1219/1648 1231/1658 1232/1659 
f 1223/1639 1235/1654 1236/1660 1224/1652 
f 1228/1662 1106/1491 1105/1494 1229/1661 
f 1227/1664 1107/1495 1106/1498 1228/1663 
f 1226/1665 1108/1499 1107/1495 1227/1664 
f 1226/1666 1225/1667 1109/1501 1108/1504 
f 1225/1667 1230/1668 1110/1505 1109/1501 
f 1230/1668 1229/1661 1105/1494 1110/1505 
f 1234/1653 1228/1662 1229/1661 1235/1654 
f 1233/1655 1227/1664 1228/1663 1234/1656 
f 1232/1657 1226/1665 1227/1664 1233/1655 
f 1231/1658 1225/1667 1226/1666 1232/1659 
f 1236/1660 1235/1654 1229/1661 1230/1668 
f 1247/1671 1237/1672 1238/1669 1246/1670 
f 1246/1670 1238/1669 1239/1673 1245/1674 
f 1245/1674 1239/1673 1240/1675 1244/1676 
f 1240/1680 1241/1677 1243/1678 1244/1679 
f 1241/1677 1242/1681 1248/1682 1243/1678 
f 1242/1681 1237/1683 1247/1684 1248/1682 
f 1246/1670 1258/1685 1259/1686 1247/1671 
f 1245/1674 1257/1687 1258/1685 1246/1670 
f 1244/1676 1256/1688 1257/1687 1245/1674 
f 1244/1679 1243/1678 1255/1689 1256/1690 
f 1247/1684 1259/1691 1260/1692 1248/1682 
f 1252/1694 1130/1523 1129/1526 1253/1693 
f 1251/1695 1131/1527 1130/1523 1252/1694 
f 1250/1696 1132/1529 1131/1527 1251/1695 
f 1250/1697 1249/1698 1133/1531 1132/1534 
f 1249/1698 1254/1699 1134/1535 1133/1531 
f 1254/1699 1253/1700 1129/1537 1134/1535 
f 1258/1685 1252/1694 1253/1693 1259/1686 
f 1257/1687 1251/1695 1252/1694 1258/1685 
f 1256/1688 1250/1696 1251/1695 1257/1687 
f 1255/1689 1249/1698 1250/1697 1256/1690 
f 1260/1692 1259/1691 1253/1700 1254/1699 
f 1248/1682 1260/1692 1208/1701 1209/1702 
f 1243/1678 1248/1682 1209/1702 1210/1703 
f 1255/1689 1243/1678 1210/1703 1211/1704 
f 1255/1689 1211/1704 1212/1705 1249/1698 
f 1254/1699 1249/1698 1212/1705 1207/1706 
f 1260/1692 1254/1699 1207/1706 1208/1701 
f 1231/1658 1219/1648 1203/1707 1202/1708 
f 1231/1658 1202/1708 1201/1709 1225/1667 
f 1230/1668 1225/1667 1201/1709 1206/1710 
f 1236/1660 1230/1668 1206/1710 1205/1711 
f 1236/1660 1205/1711 1204/1712 1224/1652 
f 1219/1648 1224/1652 1204/1712 1203/1707 
f 1265/1715 1264/1716 1208/1713 1207/1714 
f 1264/1716 1263/1718 1209/1717 1208/1713 
f 1263/1718 1262/1720 1210/1719 1209/1717 
f 1262/1720 1261/1722 1211/1721 1210/1719 
f 1261/1725 1266/1726 1212/1723 1211/1724 
f 1266/1726 1265/1715 1207/1714 1212/1723 
f 1271/1625 1270/1624 1288/1727 1289/1728 
f 1270/1624 1269/1628 1287/1729 1288/1727 
f 1269/1628 1268/1630 1286/1730 1287/1729 
f 1268/1630 1267/1632 1285/1731 1286/1730 
f 1267/1635 1272/1634 1290/1732 1285/1733 
f 1272/1634 1271/1625 1289/1728 1290/1732 
f 1273/1736 1277/1737 1294/1734 1295/1735 
f 1277/1737 1276/1739 1293/1738 1294/1734 
f 1275/1741 1292/1740 1293/1738 1276/1739 
f 1274/1743 1291/1742 1292/1740 1275/1741 
f 1274/1746 1278/1747 1296/1744 1291/1745 
f 1273/1736 1295/1735 1296/1744 1278/1747 
f 1297/1751 1298/1748 1303/1749 1304/1750 
f 1303/1749 1298/1748 1299/1752 1308/1753 
f 1308/1753 1299/1752 1300/1754 1307/1755 
f 1300/1754 1301/1756 1306/1757 1307/1755 
f 1301/1761 1302/1758 1305/1759 1306/1760 
f 1302/1758 1297/1751 1304/1750 1305/1759 
f 1289/1728 1288/1727 1283/1762 1279/1763 
f 1288/1727 1287/1729 1282/1764 1283/1762 
f 1287/1729 1286/1730 1281/1765 1282/1764 
f 1286/1730 1285/1731 1280/1766 1281/1765 
f 1285/1733 1290/1732 1284/1767 1280/1768 
f 1290/1732 1289/1728 1279/1763 1284/1767 
f 1295/1735 1294/1734 1264/1716 1265/1715 
f 1294/1734 1293/1738 1263/1718 1264/1716 
f 1293/1738 1292/1740 1262/1720 1263/1718 
f 1292/1740 1291/1742 1261/1722 1262/1720 
f 1291/1745 1296/1744 1266/1726 1261/1725 
f 1296/1744 1295/1735 1265/1715 1266/1726 
f 1297/1751 1279/1763 1283/1762 1298/1748 
f 1299/1752 1298/1748 1283/1762 1282/1764 
f 1300/1754 1299/1752 1282/1764 1281/1765 
f 1300/1754 1281/1765 1280/1766 1301/1756 
f 1302/1758 1301/1761 1280/1768 1284/1767 
f 1297/1751 1302/1758 1284/1767 1279/1763 
f 1304/1750 1303/1749 1277/1737 1273/1736 
f 1305/1759 1304/1750 1273/1736 1278/1747 
f 1306/1760 1305/1759 1278/1747 1274/1746 
f 1307/1755 1306/1757 1274/1743 1275/1741 
f 1308/1753 1307/1755 1275/1741 1276/1739 
f 1308/1753 1276/1739 1277/1737 1303/1749 
f 1309/1772 1310/1769 1378/1770 1379/1771 
f 1310/1776 1311/1773 1377/1774 1378/1775 
f 1311/1773 1312/1777 1376/1778 1377/1774 
f 1312/1777 1313/1779 1375/1780 1376/1778 
f 1313/1779 1314/1781 1380/1782 1375/1780 
f 1314/1781 1309/1772 1379/1771 1380/1782 
f 1331/1785 1321/1786 1322/1783 1330/1784 
f 1330/1789 1322/1790 1323/1787 1329/1788 
f 1329/1788 1323/1787 1324/1791 1328/1792 
f 1324/1796 1325/1793 1327/1794 1328/1795 
f 1325/1793 1326/1797 1332/1798 1327/1794 
f 1326/1797 1321/1786 1331/1785 1332/1798 
f 1330/1784 1342/1799 1343/1800 1331/1785 
f 1329/1788 1341/1801 1342/1802 1330/1789 
f 1328/1792 1340/1803 1341/1801 1329/1788 
f 1328/1795 1327/1794 1339/1804 1340/1805 
f 1331/1785 1343/1800 1344/1806 1332/1798 
f 1336/1808 1214/1637 1213/1640 1337/1807 
f 1335/1810 1215/1641 1214/1644 1336/1809 
f 1334/1811 1216/1645 1215/1641 1335/1810 
f 1334/1812 1333/1813 1217/1647 1216/1650 
f 1333/1813 1338/1814 1218/1651 1217/1647 
f 1338/1814 1337/1807 1213/1640 1218/1651 
f 1342/1799 1336/1808 1337/1807 1343/1800 
f 1341/1801 1335/1810 1336/1809 1342/1802 
f 1340/1803 1334/1811 1335/1810 1341/1801 
f 1339/1804 1333/1813 1334/1812 1340/1805 
f 1344/1806 1343/1800 1337/1807 1338/1814 
f 1355/1817 1345/1818 1346/1815 1354/1816 
f 1354/1816 1346/1815 1347/1819 1353/1820 
f 1353/1820 1347/1819 1348/1821 1352/1822 
f 1348/1826 1349/1823 1351/1824 1352/1825 
f 1349/1823 1350/1827 1356/1828 1351/1824 
f 1350/1827 1345/1829 1355/1830 1356/1828 
f 1354/1816 1366/1831 1367/1832 1355/1817 
f 1353/1820 1365/1833 1366/1831 1354/1816 
f 1352/1822 1364/1834 1365/1833 1353/1820 
f 1352/1825 1351/1824 1363/1835 1364/1836 
f 1355/1830 1367/1837 1368/1838 1356/1828 
f 1360/1840 1238/1669 1237/1672 1361/1839 
f 1359/1841 1239/1673 1238/1669 1360/1840 
f 1358/1842 1240/1675 1239/1673 1359/1841 
f 1358/1843 1357/1844 1241/1677 1240/1680 
f 1357/1844 1362/1845 1242/1681 1241/1677 
f 1362/1845 1361/1846 1237/1683 1242/1681 
f 1366/1831 1360/1840 1361/1839 1367/1832 
f 1365/1833 1359/1841 1360/1840 1366/1831 
f 1364/1834 1358/1842 1359/1841 1365/1833 
f 1363/1835 1357/1844 1358/1843 1364/1836 
f 1368/1838 1367/1837 1361/1846 1362/1845 
f 1356/1828 1368/1838 1316/1847 1317/1848 
f 1351/1824 1356/1828 1317/1848 1318/1849 
f 1363/1835 1351/1824 1318/1849 1319/1850 
f 1357/1844 1363/1835 1319/1850 1320/1851 
f 1362/1845 1357/1844 1320/1851 1315/1852 
f 1368/1838 1362/1845 1315/1852 1316/1847 
f 1327/1794 1311/1853 1310/1854 1339/1804 
f 1339/1804 1310/1854 1309/1855 1333/1813 
f 1338/1814 1333/1813 1309/1855 1314/1856 
f 1344/1806 1338/1814 1314/1856 1313/1857 
f 1332/1798 1344/1806 1313/1857 1312/1858 
f 1327/1794 1332/1798 1312/1858 1311/1853 
f 1373/1861 1372/1862 1316/1859 1315/1860 
f 1372/1865 1371/1866 1317/1863 1316/1864 
f 1371/1866 1370/1868 1318/1867 1317/1863 
f 1370/1868 1369/1870 1319/1869 1318/1867 
f 1369/1870 1374/1872 1320/1871 1319/1869 
f 1373/1861 1315/1860 1320/1871 1374/1872 
f 1379/1771 1378/1770 1396/1873 1397/1874 
f 1378/1775 1377/1774 1395/1875 1396/1876 
f 1376/1778 1394/1877 1395/1875 1377/1774 
f 1376/1778 1375/1780 1393/1878 1394/1877 
f 1375/1780 1380/1782 1398/1879 1393/1878 
f 1380/1782 1379/1771 1397/1874 1398/1879 
f 1381/1882 1385/1883 1402/1880 1403/1881 
f 1385/1886 1384/1887 1401/1884 1402/1885 
f 1384/1887 1383/1889 1400/1888 1401/1884 
f 1383/1889 1382/1891 1399/1890 1400/1888 
f 1382/1891 1386/1893 1404/1892 1399/1890 
f 1386/1893 1381/1882 1403/1881 1404/1892 
f 1412/1896 1405/1897 1406/1894 1411/1895 
f 1406/1901 1407/1898 1416/1899 1411/1900 
f 1416/1899 1407/1898 1408/1902 1415/1903 
f 1408/1902 1409/1904 1414/1905 1415/1903 
f 1409/1904 1410/1906 1413/1907 1414/1905 
f 1410/1906 1405/1897 1412/1896 1413/1907 
f 1397/1874 1396/1873 1391/1908 1387/1909 
f 1396/1876 1395/1875 1390/1910 1391/1911 
f 1395/1875 1394/1877 1389/1912 1390/1910 
f 1393/1878 1388/1913 1389/1912 1394/1877 
f 1393/1878 1398/1879 1392/1914 1388/1913 
f 1398/1879 1397/1874 1387/1909 1392/1914 
f 1403/1881 1402/1880 1372/1862 1373/1861 
f 1402/1885 1401/1884 1371/1866 1372/1865 
f 1401/1884 1400/1888 1370/1868 1371/1866 
f 1400/1888 1399/1890 1369/1870 1370/1868 
f 1399/1890 1404/1892 1374/1872 1369/1870 
f 1404/1892 1403/1881 1373/1861 1374/1872 
f 1405/1897 1387/1909 1391/1908 1406/1894 
f 1407/1898 1406/1901 1391/1911 1390/1910 
f 1408/1902 1407/1898 1390/1910 1389/1912 
f 1409/1904 1408/1902 1389/1912 1388/1913 
f 1409/1904 1388/1913 1392/1914 1410/1906 
f 1405/1897 1410/1906 1392/1914 1387/1909 
f 1412/1896 1411/1895 1385/1883 1381/1882 
f 1413/1907 1412/1896 1381/1882 1386/1893 
f 1414/1905 1413/1907 1386/1893 1382/1891 
f 1415/1903 1414/1905 1382/1891 1383/1889 
f 1416/1899 1415/1903 1383/1889 1384/1887 
f 1416/1899 1384/1887 1385/1886 1411/1900 
f 1417/1918 1418/1915 1486/1916 1487/1917 
f 1418/1922 1419/1919 1485/1920 1486/1921 
f 1419/1919 1420/1923 1484/1924 1485/1920 
f 1420/1923 1421/1925 1483/1926 1484/1924 
f 1421/1925 1422/1927 1488/1928 1483/1926 
f 1422/1927 1417/1918 1487/1917 1488/1928 
f 1439/1931 1429/1932 1430/1929 1438/1930 
f 1438/1935 1430/1936 1431/1933 1437/1934 
f 1437/1934 1431/1933 1432/1937 1436/1938 
f 1432/1942 1433/1939 1435/1940 1436/1941 
f 1433/1939 1434/1943 1440/1944 1435/1940 
f 1434/1943 1429/1932 1439/1931 1440/1944 
f 1438/1930 1450/1945 1451/1946 1439/1931 
f 1437/1934 1449/1947 1450/1948 1438/1935 
f 1436/1938 1448/1949 1449/1947 1437/1934 
f 1436/1941 1435/1940 1447/1950 1448/1951 
f 1439/1931 1451/1946 1452/1952 1440/1944 
f 1444/1954 1322/1783 1321/1786 1445/1953 
f 1443/1956 1323/1787 1322/1790 1444/1955 
f 1442/1957 1324/1791 1323/1787 1443/1956 
f 1442/1958 1441/1959 1325/1793 1324/1796 
f 1441/1959 1446/1960 1326/1797 1325/1793 
f 1446/1960 1445/1953 1321/1786 1326/1797 
f 1450/1945 1444/1954 1445/1953 1451/1946 
f 1449/1947 1443/1956 1444/1955 1450/1948 
f 1448/1949 1442/1957 1443/1956 1449/1947 
f 1447/1950 1441/1959 1442/1958 1448/1951 
f 1452/1952 1451/1946 1445/1953 1446/1960 
f 1463/1963 1453/1964 1454/1961 1462/1962 
f 1462/1962 1454/1961 1455/1965 1461/1966 
f 1461/1966 1455/1965 1456/1967 1460/1968 
f 1456/1972 1457/1969 1459/1970 1460/1971 
f 1457/1969 1458/1973 1464/1974 1459/1970 
f 1458/1973 1453/1975 1463/1976 1464/1974 
f 1462/1962 1474/1977 1475/1978 1463/1963 
f 1461/1966 1473/1979 1474/1977 1462/1962 
f 1460/1968 1472/1980 1473/1979 1461/1966 
f 1460/1971 1459/1970 1471/1981 1472/1982 
f 1463/1976 1475/1983 1476/1984 1464/1974 
f 1468/1986 1346/1815 1345/1818 1469/1985 
f 1467/1987 1347/1819 1346/1815 1468/1986 
f 1466/1988 1348/1821 1347/1819 1467/1987 
f 1466/1989 1465/1990 1349/1823 1348/1826 
f 1465/1990 1470/1991 1350/1827 1349/1823 
f 1470/1991 1469/1992 1345/1829 1350/1827 
f 1474/1977 1468/1986 1469/1985 1475/1978 
f 1473/1979 1467/1987 1468/1986 1474/1977 
f 1472/1980 1466/1988 1467/1987 1473/1979 
f 1471/1981 1465/1990 1466/1989 1472/1982 
f 1476/1984 1475/1983 1469/1992 1470/1991 
f 1464/1974 1476/1984 1424/1993 1425/1994 
f 1459/1970 1464/1974 1425/1994 1426/1995 
f 1471/1981 1459/1970 1426/1995 1427/1996 
f 1471/1981 1427/1996 1428/1997 1465/1990 
f 1470/1991 1465/1990 1428/1997 1423/1998 
f 1476/1984 1470/1991 1423/1998 1424/1993 
f 1447/1950 1435/1940 1419/1999 1418/2000 
f 1441/1959 1447/1950 1418/2000 1417/2001 
f 1446/1960 1441/1959 1417/2001 1422/2002 
f 1452/1952 1446/1960 1422/2002 1421/2003 
f 1440/1944 1452/1952 1421/2003 1420/2004 
f 1435/1940 1440/1944 1420/2004 1419/1999 
f 1481/2007 1480/2008 1424/2005 1423/2006 
f 1480/2011 1479/2012 1425/2009 1424/2010 
f 1479/2012 1478/2014 1426/2013 1425/2009 
f 1478/2014 1477/2016 1427/2015 1426/2013 
f 1477/2016 1482/2018 1428/2017 1427/2015 
f 1482/2018 1481/2007 1423/2006 1428/2017 
f 1487/1917 1486/1916 1504/2019 1505/2020 
f 1486/1921 1485/1920 1503/2021 1504/2022 
f 1485/1920 1484/1924 1502/2023 1503/2021 
f 1484/1924 1483/1926 1501/2024 1502/2023 
f 1483/1926 1488/1928 1506/2025 1501/2024 
f 1488/1928 1487/1917 1505/2020 1506/2025 
f 1489/2028 1493/2029 1510/2026 1511/2027 
f 1492/2033 1509/2030 1510/2031 1493/2032 
f 1491/2035 1508/2034 1509/2030 1492/2033 
f 1491/2035 1490/2037 1507/2036 1508/2034 
f 1490/2037 1494/2039 1512/2038 1507/2036 
f 1494/2039 1489/2028 1511/2027 1512/2038 
f 1513/2043 1514/2040 1519/2041 1520/2042 
f 1514/2047 1515/2044 1524/2045 1519/2046 
f 1524/2045 1515/2044 1516/2048 1523/2049 
f 1516/2048 1517/2050 1522/2051 1523/2049 
f 1517/2050 1518/2052 1521/2053 1522/2051 
f 1518/2052 1513/2043 1520/2042 1521/2053 
f 1504/2019 1499/2054 1495/2055 1505/2020 
f 1504/2022 1503/2021 1498/2056 1499/2057 
f 1503/2021 1502/2023 1497/2058 1498/2056 
f 1501/2024 1496/2059 1497/2058 1502/2023 
f 1501/2024 1506/2025 1500/2060 1496/2059 
f 1506/2025 1505/2020 1495/2055 1500/2060 
f 1511/2027 1510/2026 1480/2008 1481/2007 
f 1510/2031 1509/2030 1479/2012 1480/2011 
f 1509/2030 1508/2034 1478/2014 1479/2012 
f 1507/2036 1477/2016 1478/2014 1508/2034 
f 1507/2036 1512/2038 1482/2018 1477/2016 
f 1512/2038 1511/2027 1481/2007 1482/2018 
f 1513/2043 1495/2055 1499/2054 1514/2040 
f 1514/2047 1499/2057 1498/2056 1515/2044 
f 1515/2044 1498/2056 1497/2058 1516/2048 
f 1517/2050 1516/2048 1497/2058 1496/2059 
f 1518/2052 1517/2050 1496/2059 1500/2060 
f 1518/2052 1500/2060 1495/2055 1513/2043 
f 1520/2042 1519/2041 1493/2029 1489/2028 
f 1521/2053 1520/2042 1489/2028 1494/2039 
f 1521/2053 1494/2039 1490/2037 1522/2051 
f 1522/2051 1490/2037 1491/2035 1523/2049 
f 1524/2045 1523/2049 1491/2035 1492/2033 
f 1519/2046 1524/2045 1492/2033 1493/2032 
f 1525/2064 1526/2061 1594/2062 1595/2063 
f 1526/2068 1527/2065 1593/2066 1594/2067 
f 1527/2065 1528/2069 1592/2070 1593/2066 
f 1528/2069 1529/2071 1591/2072 1592/2070 
f 1529/2071 1530/2073 1596/2074 1591/2072 
f 1530/2073 1525/2064 1595/2063 1596/2074 
f 1547/2077 1537/2078 1538/2075 1546/2076 
f 1546/2081 1538/2082 1539/2079 1545/2080 
f 1545/2080 1539/2079 1540/2083 1544/2084 
f 1540/2088 1541/2085 1543/2086 1544/2087 
f 1541/2085 1542/2089 1548/2090 1543/2086 
f 1542/2089 1537/2078 1547/2077 1548/2090 
f 1546/2076 1558/2091 1559/2092 1547/2077 
f 1545/2080 1557/2093 1558/2094 1546/2081 
f 1544/2084 1556/2095 1557/2093 1545/2080 
f 1544/2087 1543/2086 1555/2096 1556/2097 
f 1547/2077 1559/2092 1560/2098 1548/2090 
f 1552/2100 1430/1929 1429/1932 1553/2099 
f 1551/2102 1431/1933 1430/1936 1552/2101 
f 1550/2103 1432/1937 1431/1933 1551/2102 
f 1550/2104 1549/2105 1433/1939 1432/1942 
f 1549/2105 1554/2106 1434/1943 1433/1939 
f 1554/2106 1553/2099 1429/1932 1434/1943 
f 1558/2091 1552/2100 1553/2099 1559/2092 
f 1557/2093 1551/2102 1552/2101 1558/2094 
f 1556/2095 1550/2103 1551/2102 1557/2093 
f 1555/2096 1549/2105 1550/2104 1556/2097 
f 1560/2098 1559/2092 1553/2099 1554/2106 
f 1571/2109 1561/2110 1562/2107 1570/2108 
f 1570/2108 1562/2107 1563/2111 1569/2112 
f 1569/2112 1563/2111 1564/2113 1568/2114 
f 1564/2118 1565/2115 1567/2116 1568/2117 
f 1565/2115 1566/2119 1572/2120 1567/2116 
f 1566/2119 1561/2121 1571/2122 1572/2120 
f 1570/2108 1582/2123 1583/2124 1571/2109 
f 1569/2112 1581/2125 1582/2123 1570/2108 
f 1568/2114 1580/2126 1581/2125 1569/2112 
f 1568/2117 1567/2116 1579/2127 1580/2128 
f 1571/2122 1583/2129 1584/2130 1572/2120 
f 1576/2132 1454/1961 1453/1964 1577/2131 
f 1575/2133 1455/1965 1454/1961 1576/2132 
f 1574/2134 1456/1967 1455/1965 1575/2133 
f 1574/2135 1573/2136 1457/1969 1456/1972 
f 1573/2136 1578/2137 1458/1973 1457/1969 
f 1578/2137 1577/2138 1453/1975 1458/1973 
f 1582/2123 1576/2132 1577/2131 1583/2124 
f 1581/2125 1575/2133 1576/2132 1582/2123 
f 1580/2126 1574/2134 1575/2133 1581/2125 
f 1579/2127 1573/2136 1574/2135 1580/2128 
f 1584/2130 1583/2129 1577/2138 1578/2137 
f 1584/2130 1532/2139 1533/2140 1572/2120 
f 1567/2116 1572/2120 1533/2140 1534/2141 
f 1579/2127 1567/2116 1534/2141 1535/2142 
f 1579/2127 1535/2142 1536/2143 1573/2136 
f 1578/2137 1573/2136 1536/2143 1531/2144 
f 1584/2130 1578/2137 1531/2144 1532/2139 
f 1543/2086 1527/2145 1526/2146 1555/2096 
f 1549/2105 1555/2096 1526/2146 1525/2147 
f 1554/2106 1549/2105 1525/2147 1530/2148 
f 1560/2098 1554/2106 1530/2148 1529/2149 
f 1548/2090 1560/2098 1529/2149 1528/2150 
f 1543/2086 1548/2090 1528/2150 1527/2145 
f 1589/2153 1588/2154 1532/2151 1531/2152 
f 1588/2157 1587/2158 1533/2155 1532/2156 
f 1587/2158 1586/2160 1534/2159 1533/2155 
f 1586/2160 1585/2162 1535/2161 1534/2159 
f 1585/2162 1590/2164 1536/2163 1535/2161 
f 1590/2164 1589/2153 1531/2152 1536/2163 
f 1595/2063 1594/2062 1612/2165 1613/2166 
f 1593/2066 1611/2167 1612/2168 1594/2067 
f 1593/2066 1592/2070 1610/2169 1611/2167 
f 1592/2070 1591/2072 1609/2170 1610/2169 
f 1591/2072 1596/2074 1614/2171 1609/2170 
f 1596/2074 1595/2063 1613/2166 1614/2171 
f 1601/2175 1618/2172 1619/2173 1597/2174 
f 1601/2178 1600/2179 1617/2176 1618/2177 
f 1599/2181 1616/2180 1617/2176 1600/2179 
f 1599/2181 1598/2183 1615/2182 1616/2180 
f 1598/2183 1602/2185 1620/2184 1615/2182 
f 1602/2185 1597/2174 1619/2173 1620/2184 
f 1621/2189 1622/2186 1627/2187 1628/2188 
f 1627/2192 1622/2193 1623/2190 1632/2191 
f 1623/2190 1624/2194 1631/2195 1632/2191 
f 1624/2194 1625/2196 1630/2197 1631/2195 
f 1630/2197 1625/2196 1626/2198 1629/2199 
f 1626/2198 1621/2189 1628/2188 1629/2199 
f 1612/2165 1607/2200 1603/2201 1613/2166 
f 1612/2168 1611/2167 1606/2202 1607/2203 
f 1610/2169 1605/2204 1606/2202 1611/2167 
f 1610/2169 1609/2170 1604/2205 1605/2204 
f 1609/2170 1614/2171 1608/2206 1604/2205 
f 1614/2171 1613/2166 1603/2201 1608/2206 
f 1619/2173 1618/2172 1588/2154 1589/2153 
f 1618/2177 1617/2176 1587/2158 1588/2157 
f 1617/2176 1616/2180 1586/2160 1587/2158 
f 1616/2180 1615/2182 1585/2162 1586/2160 
f 1615/2182 1620/2184 1590/2164 1585/2162 
f 1620/2184 1619/2173 1589/2153 1590/2164 
f 1622/2186 1621/2189 1603/2201 1607/2200 
f 1623/2190 1622/2193 1607/2203 1606/2202 
f 1624/2194 1623/2190 1606/2202 1605/2204 
f 1624/2194 1605/2204 1604/2205 1625/2196 
f 1626/2198 1625/2196 1604/2205 1608/2206 
f 1626/2198 1608/2206 1603/2201 1621/2189 
f 1628/2188 1627/2187 1601/2175 1597/2174 
f 1629/2199 1628/2188 1597/2174 1602/2185 
f 1629/2199 1602/2185 1598/2183 1630/2197 
f 1630/2197 1598/2183 1599/2181 1631/2195 
f 1632/2191 1631/2195 1599/2181 1600/2179 
f 1632/2191 1600/2179 1601/2178 1627/2192 
f 1633/2210 1634/2207 1702/2208 1703/2209 
f 1634/2207 1635/2211 1701/2212 1702/2208 
f 1635/2211 1636/2213 1700/2214 1701/2212 
f 1636/2213 1637/2215 1699/2216 1700/2214 
f 1637/2220 1638/2217 1704/2218 1699/2219 
f 1638/2217 1633/2210 1703/2209 1704/2218 
f 1655/2223 1645/2224 1646/2221 1654/2222 
f 1654/2227 1646/2228 1647/2225 1653/2226 
f 1653/2226 1647/2225 1648/2229 1652/2230 
f 1648/2234 1649/2231 1651/2232 1652/2233 
f 1649/2231 1650/2235 1656/2236 1651/2232 
f 1650/2235 1645/2224 1655/2223 1656/2236 
f 1654/2222 1666/2237 1667/2238 1655/2223 
f 1653/2226 1665/2239 1666/2240 1654/2227 
f 1652/2230 1664/2241 1665/2239 1653/2226 
f 1652/2233 1651/2232 1663/2242 1664/2243 
f 1655/2223 1667/2238 1668/2244 1656/2236 
f 1660/2246 1538/2075 1537/2078 1661/2245 
f 1659/2248 1539/2079 1538/2082 1660/2247 
f 1658/2249 1540/2083 1539/2079 1659/2248 
f 1658/2250 1657/2251 1541/2085 1540/2088 
f 1657/2251 1662/2252 1542/2089 1541/2085 
f 1662/2252 1661/2245 1537/2078 1542/2089 
f 1666/2237 1660/2246 1661/2245 1667/2238 
f 1665/2239 1659/2248 1660/2247 1666/2240 
f 1664/2241 1658/2249 1659/2248 1665/2239 
f 1663/2242 1657/2251 1658/2250 1664/2243 
f 1668/2244 1667/2238 1661/2245 1662/2252 
f 1679/2255 1669/2256 1670/2253 1678/2254 
f 1678/2254 1670/2253 1671/2257 1677/2258 
f 1677/2258 1671/2257 1672/2259 1676/2260 
f 1672/2264 1673/2261 1675/2262 1676/2263 
f 1673/2261 1674/2265 1680/2266 1675/2262 
f 1674/2265 1669/2267 1679/2268 1680/2266 
f 1678/2254 1690/2269 1691/2270 1679/2255 
f 1677/2258 1689/2271 1690/2269 1678/2254 
f 1676/2260 1688/2272 1689/2271 1677/2258 
f 1676/2263 1675/2262 1687/2273 1688/2274 
f 1679/2268 1691/2275 1692/2276 1680/2266 
f 1684/2278 1562/2107 1561/2110 1685/2277 
f 1683/2279 1563/2111 1562/2107 1684/2278 
f 1682/2280 1564/2113 1563/2111 1683/2279 
f 1682/2281 1681/2282 1565/2115 1564/2118 
f 1681/2282 1686/2283 1566/2119 1565/2115 
f 1686/2283 1685/2284 1561/2121 1566/2119 
f 1690/2269 1684/2278 1685/2277 1691/2270 
f 1689/2271 1683/2279 1684/2278 1690/2269 
f 1688/2272 1682/2280 1683/2279 1689/2271 
f 1687/2273 1681/2282 1682/2281 1688/2274 
f 1692/2276 1691/2275 1685/2284 1686/2283 
f 1680/2266 1692/2276 1640/2285 1641/2286 
f 1675/2262 1680/2266 1641/2286 1642/2287 
f 1687/2273 1675/2262 1642/2287 1643/2288 
f 1687/2273 1643/2288 1644/2289 1681/2282 
f 1686/2283 1681/2282 1644/2289 1639/2290 
f 1692/2276 1686/2283 1639/2290 1640/2285 
f 1663/2242 1651/2232 1635/2291 1634/2292 
f 1657/2251 1663/2242 1634/2292 1633/2293 
f 1662/2252 1657/2251 1633/2293 1638/2294 
f 1668/2244 1662/2252 1638/2294 1637/2295 
f 1668/2244 1637/2295 1636/2296 1656/2236 
f 1651/2232 1656/2236 1636/2296 1635/2291 
f 1697/2299 1696/2300 1640/2297 1639/2298 
f 1696/2300 1695/2302 1641/2301 1640/2297 
f 1695/2302 1694/2304 1642/2303 1641/2301 
f 1693/2306 1643/2305 1642/2303 1694/2304 
f 1693/2309 1698/2310 1644/2307 1643/2308 
f 1698/2310 1697/2299 1639/2298 1644/2307 
f 1703/2209 1702/2208 1720/2311 1721/2312 
f 1702/2208 1701/2212 1719/2313 1720/2311 
f 1701/2212 1700/2214 1718/2314 1719/2313 
f 1699/2216 1717/2315 1718/2314 1700/2214 
f 1699/2219 1704/2218 1722/2316 1717/2317 
f 1704/2218 1703/2209 1721/2312 1722/2316 
f 1705/2320 1709/2321 1726/2318 1727/2319 
f 1709/2321 1708/2323 1725/2322 1726/2318 
f 1708/2323 1707/2325 1724/2324 1725/2322 
f 1706/2327 1723/2326 1724/2324 1707/2325 
f 1710/2331 1728/2328 1723/2329 1706/2330 
f 1710/2331 1705/2320 1727/2319 1728/2328 
f 1729/2335 1730/2332 1735/2333 1736/2334 
f 1730/2332 1731/2336 1740/2337 1735/2333 
f 1731/2336 1732/2338 1739/2339 1740/2337 
f 1732/2338 1733/2340 1738/2341 1739/2339 
f 1733/2345 1734/2342 1737/2343 1738/2344 
f 1734/2342 1729/2335 1736/2334 1737/2343 
f 1721/2312 1720/2311 1715/2346 1711/2347 
f 1720/2311 1719/2313 1714/2348 1715/2346 
f 1718/2314 1713/2349 1714/2348 1719/2313 
f 1718/2314 1717/2315 1712/2350 1713/2349 
f 1717/2317 1722/2316 1716/2351 1712/2352 
f 1722/2316 1721/2312 1711/2347 1716/2351 
f 1727/2319 1726/2318 1696/2300 1697/2299 
f 1726/2318 1725/2322 1695/2302 1696/2300 
f 1724/2324 1694/2304 1695/2302 1725/2322 
f 1724/2324 1723/2326 1693/2306 1694/2304 
f 1723/2329 1728/2328 1698/2310 1693/2309 
f 1728/2328 1727/2319 1697/2299 1698/2310 
f 1729/2335 1711/2347 1715/2346 1730/2332 
f 1731/2336 1730/2332 1715/2346 1714/2348 
f 1731/2336 1714/2348 1713/2349 1732/2338 
f 1733/2340 1732/2338 1713/2349 1712/2350 
f 1734/2342 1733/2345 1712/2352 1716/2351 
f 1729/2335 1734/2342 1716/2351 1711/2347 
f 1735/2333 1709/2321 1705/2320 1736/2334 
f 1736/2334 1705/2320 1710/2331 1737/2343 
f 1738/2344 1737/2343 1710/2331 1706/2330 
f 1739/2339 1738/2341 1706/2327 1707/2325 
f 1740/2337 1739/2339 1707/2325 1708/2323 
f 1735/2333 1740/2337 1708/2323 1709/2321 
f 1741/2356 1742/2353 1810/2354 1811/2355 
f 1742/2353 1743/2357 1809/2358 1810/2354 
f 1743/2357 1744/2359 1808/2360 1809/2358 
f 1744/2359 1745/2361 1807/2362 1808/2360 
f 1745/2366 1746/2363 1812/2364 1807/2365 
f 1746/2363 1741/2356 1811/2355 1812/2364 
f 1763/2369 1753/2370 1754/2367 1762/2368 
f 1762/2373 1754/2374 1755/2371 1761/2372 
f 1761/2372 1755/2371 1756/2375 1760/2376 
f 1756/2380 1757/2377 1759/2378 1760/2379 
f 1757/2377 1758/2381 1764/2382 1759/2378 
f 1758/2381 1753/2370 1763/2369 1764/2382 
f 1762/2368 1774/2383 1775/2384 1763/2369 
f 1761/2372 1773/2385 1774/2386 1762/2373 
f 1760/2376 1772/2387 1773/2385 1761/2372 
f 1760/2379 1759/2378 1771/2388 1772/2389 
f 1763/2369 1775/2384 1776/2390 1764/2382 
f 1768/2394 1646/2391 1645/2392 1769/2393 
f 1767/2396 1647/2225 1646/2228 1768/2395 
f 1766/2397 1648/2229 1647/2225 1767/2396 
f 1766/2400 1765/2401 1649/2398 1648/2399 
f 1765/2401 1770/2403 1650/2402 1649/2398 
f 1770/2403 1769/2393 1645/2392 1650/2402 
f 1774/2383 1768/2394 1769/2393 1775/2384 
f 1773/2385 1767/2396 1768/2395 1774/2386 
f 1772/2387 1766/2397 1767/2396 1773/2385 
f 1771/2388 1765/2401 1766/2400 1772/2389 
f 1776/2390 1775/2384 1769/2393 1770/2403 
f 1787/2406 1777/2407 1778/2404 1786/2405 
f 1786/2405 1778/2404 1779/2408 1785/2409 
f 1785/2409 1779/2408 1780/2410 1784/2411 
f 1780/2415 1781/2412 1783/2413 1784/2414 
f 1781/2412 1782/2416 1788/2417 1783/2413 
f 1782/2416 1777/2418 1787/2419 1788/2417 
f 1786/2405 1798/2420 1799/2421 1787/2406 
f 1785/2409 1797/2422 1798/2420 1786/2405 
f 1784/2411 1796/2423 1797/2422 1785/2409 
f 1784/2414 1783/2413 1795/2424 1796/2425 
f 1787/2419 1799/2426 1800/2427 1788/2417 
f 1792/2429 1670/2253 1669/2256 1793/2428 
f 1791/2430 1671/2257 1670/2253 1792/2429 
f 1790/2431 1672/2259 1671/2257 1791/2430 
f 1790/2434 1789/2435 1673/2432 1672/2433 
f 1789/2435 1794/2437 1674/2436 1673/2432 
f 1794/2437 1793/2439 1669/2438 1674/2436 
f 1798/2441 1792/2429 1793/2428 1799/2440 
f 1797/2442 1791/2430 1792/2429 1798/2441 
f 1796/2443 1790/2431 1791/2430 1797/2442 
f 1795/2424 1789/2435 1790/2434 1796/2425 
f 1800/2427 1799/2426 1793/2439 1794/2437 
f 1788/2417 1800/2427 1748/2444 1749/2445 
f 1783/2413 1788/2417 1749/2445 1750/2446 
f 1795/2424 1783/2413 1750/2446 1751/2447 
f 1789/2435 1795/2424 1751/2447 1752/2448 
f 1794/2437 1789/2435 1752/2448 1747/2449 
f 1800/2427 1794/2437 1747/2449 1748/2444 
f 1771/2388 1759/2378 1743/2450 1742/2451 
f 1765/2401 1771/2388 1742/2451 1741/2452 
f 1770/2403 1765/2401 1741/2452 1746/2453 
f 1776/2390 1770/2403 1746/2453 1745/2454 
f 1764/2382 1776/2390 1745/2454 1744/2455 
f 1759/2378 1764/2382 1744/2455 1743/2450 
f 1805/2458 1804/2459 1748/2456 1747/2457 
f 1804/2459 1803/2461 1749/2460 1748/2456 
f 1803/2461 1802/2463 1750/2462 1749/2460 
f 1802/2463 1801/2465 1751/2464 1750/2462 
f 1801/2468 1806/2469 1752/2466 1751/2467 
f 1806/2469 1805/2458 1747/2457 1752/2466 
f 1811/2355 1810/2354 1828/2470 1829/2471 
f 1809/2358 1827/2472 1828/2470 1810/2354 
f 1809/2358 1808/2360 1826/2473 1827/2472 
f 1808/2360 1807/2362 1825/2474 1826/2473 
f 1807/2365 1812/2364 1830/2475 1825/2476 
f 1812/2364 1811/2355 1829/2471 1830/2475 
f 1813/2479 1817/2480 1834/2477 1835/2478 
f 1816/2482 1833/2481 1834/2477 1817/2480 
f 1816/2482 1815/2484 1832/2483 1833/2481 
f 1814/2486 1831/2485 1832/2483 1815/2484 
f 1818/2490 1836/2487 1831/2488 1814/2489 
f 1818/2490 1813/2479 1835/2478 1836/2487 
f 1837/2494 1838/2491 1843/2492 1844/2493 
f 1838/2491 1839/2495 1848/2496 1843/2492 
f 1848/2496 1839/2495 1840/2497 1847/2498 
f 1840/2497 1841/2499 1846/2500 1847/2498 
f 1846/2503 1841/2504 1842/2501 1845/2502 
f 1842/2501 1837/2494 1844/2493 1845/2502 
f 1828/2470 1823/2505 1819/2506 1829/2471 
f 1828/2470 1827/2472 1822/2507 1823/2505 
f 1827/2472 1826/2473 1821/2508 1822/2507 
f 1825/2474 1820/2509 1821/2508 1826/2473 
f 1825/2476 1830/2475 1824/2510 1820/2511 
f 1830/2475 1829/2471 1819/2506 1824/2510 
f 1835/2478 1834/2477 1804/2459 1805/2458 
f 1834/2477 1833/2481 1803/2461 1804/2459 
f 1833/2481 1832/2483 1802/2463 1803/2461 
f 1832/2483 1831/2485 1801/2465 1802/2463 
f 1831/2488 1836/2487 1806/2469 1801/2468 
f 1836/2487 1835/2478 1805/2458 1806/2469 
f 1838/2491 1837/2494 1819/2506 1823/2505 
f 1839/2495 1838/2491 1823/2505 1822/2507 
f 1840/2497 1839/2495 1822/2507 1821/2508 
f 1841/2499 1840/2497 1821/2508 1820/2509 
f 1842/2501 1841/2504 1820/2511 1824/2510 
f 1842/2501 1824/2510 1819/2506 1837/2494 
f 1843/2492 1817/2480 1813/2479 1844/2493 
f 1845/2502 1844/2493 1813/2479 1818/2490 
f 1846/2503 1845/2502 1818/2490 1814/2489 
f 1847/2498 1846/2500 1814/2486 1815/2484 
f 1847/2498 1815/2484 1816/2482 1848/2496 
f 1843/2492 1848/2496 1816/2482 1817/2480 
f 1849/2515 1850/2512 1918/2513 1919/2514 
f 1850/2519 1851/2516 1917/2517 1918/2518 
f 1851/2516 1852/2520 1916/2521 1917/2517 
f 1852/2520 1853/2522 1915/2523 1916/2521 
f 1853/2522 1854/2524 1920/2525 1915/2523 
f 1854/2524 1849/2515 1919/2514 1920/2525 
f 1871/2528 1861/2529 1862/2526 1870/2527 
f 1870/2532 1862/2533 1863/2530 1869/2531 
f 1869/2531 1863/2530 1864/2534 1868/2535 
f 1864/2539 1865/2536 1867/2537 1868/2538 
f 1865/2536 1866/2540 1872/2541 1867/2537 
f 1866/2540 1861/2529 1871/2528 1872/2541 
f 1870/2527 1882/2542 1883/2543 1871/2528 
f 1869/2531 1881/2544 1882/2545 1870/2532 
f 1868/2535 1880/2546 1881/2544 1869/2531 
f 1868/2538 1867/2537 1879/2547 1880/2548 
f 1871/2528 1883/2543 1884/2549 1872/2541 
f 1876/2551 1754/2367 1753/2370 1877/2550 
f 1875/2553 1755/2371 1754/2374 1876/2552 
f 1874/2554 1756/2375 1755/2371 1875/2553 
f 1874/2555 1873/2556 1757/2377 1756/2380 
f 1873/2556 1878/2557 1758/2381 1757/2377 
f 1878/2557 1877/2550 1753/2370 1758/2381 
f 1882/2542 1876/2551 1877/2550 1883/2543 
f 1881/2544 1875/2553 1876/2552 1882/2545 
f 1880/2546 1874/2554 1875/2553 1881/2544 
f 1879/2547 1873/2556 1874/2555 1880/2548 
f 1884/2549 1883/2543 1877/2550 1878/2557 
f 1895/2560 1885/2561 1886/2558 1894/2559 
f 1894/2559 1886/2558 1887/2562 1893/2563 
f 1893/2563 1887/2562 1888/2564 1892/2565 
f 1888/2569 1889/2566 1891/2567 1892/2568 
f 1889/2566 1890/2570 1896/2571 1891/2567 
f 1890/2570 1885/2572 1895/2573 1896/2571 
f 1894/2559 1906/2574 1907/2575 1895/2560 
f 1893/2563 1905/2576 1906/2574 1894/2559 
f 1892/2565 1904/2577 1905/2576 1893/2563 
f 1892/2568 1891/2567 1903/2578 1904/2579 
f 1895/2573 1907/2580 1908/2581 1896/2571 
f 1900/2583 1778/2404 1777/2407 1901/2582 
f 1899/2584 1779/2408 1778/2404 1900/2583 
f 1898/2585 1780/2410 1779/2408 1899/2584 
f 1898/2586 1897/2587 1781/2412 1780/2415 
f 1897/2587 1902/2588 1782/2416 1781/2412 
f 1902/2588 1901/2589 1777/2418 1782/2416 
f 1906/2574 1900/2583 1901/2582 1907/2575 
f 1905/2576 1899/2584 1900/2583 1906/2574 
f 1904/2577 1898/2585 1899/2584 1905/2576 
f 1903/2578 1897/2587 1898/2586 1904/2579 
f 1908/2581 1907/2580 1901/2589 1902/2588 
f 1908/2581 1856/2590 1857/2591 1896/2571 
f 1891/2567 1896/2571 1857/2591 1858/2592 
f 1903/2578 1891/2567 1858/2592 1859/2593 
f 1903/2578 1859/2593 1860/2594 1897/2587 
f 1902/2588 1897/2587 1860/2594 1855/2595 
f 1908/2581 1902/2588 1855/2595 1856/2590 
f 1879/2547 1867/2537 1851/2596 1850/2597 
f 1879/2547 1850/2597 1849/2598 1873/2556 
f 1878/2557 1873/2556 1849/2598 1854/2599 
f 1884/2549 1878/2557 1854/2599 1853/2600 
f 1884/2549 1853/2600 1852/2601 1872/2541 
f 1867/2537 1872/2541 1852/2601 1851/2596 
f 1913/2604 1912/2605 1856/2602 1855/2603 
f 1912/2608 1911/2609 1857/2606 1856/2607 
f 1911/2609 1910/2611 1858/2610 1857/2606 
f 1910/2611 1909/2613 1859/2612 1858/2610 
f 1909/2613 1914/2615 1860/2614 1859/2612 
f 1914/2615 1913/2604 1855/2603 1860/2614 
f 1919/2514 1918/2513 1936/2616 1937/2617 
f 1918/2518 1917/2517 1935/2618 1936/2619 
f 1917/2517 1916/2521 1934/2620 1935/2618 
f 1916/2521 1915/2523 1933/2621 1934/2620 
f 1915/2523 1920/2525 1938/2622 1933/2621 
f 1920/2525 1919/2514 1937/2617 1938/2622 
f 1921/2625 1925/2626 1942/2623 1943/2624 
f 1925/2629 1924/2630 1941/2627 1942/2628 
f 1923/2632 1940/2631 1941/2627 1924/2630 
f 1922/2634 1939/2633 1940/2631 1923/2632 
f 1926/2636 1944/2635 1939/2633 1922/2634 
f 1926/2636 1921/2625 1943/2624 1944/2635 
f 1952/2639 1945/2640 1946/2637 1951/2638 
f 1946/2644 1947/2641 1956/2642 1951/2643 
f 1947/2641 1948/2645 1955/2646 1956/2642 
f 1948/2645 1949/2647 1954/2648 1955/2646 
f 1949/2647 1950/2649 1953/2650 1954/2648 
f 1950/2649 1945/2640 1952/2639 1953/2650 
f 1937/2617 1936/2616 1931/2651 1927/2652 
f 1936/2619 1935/2618 1930/2653 1931/2654 
f 1934/2620 1929/2655 1930/2653 1935/2618 
f 1933/2621 1928/2656 1929/2655 1934/2620 
f 1933/2621 1938/2622 1932/2657 1928/2656 
f 1938/2622 1937/2617 1927/2652 1932/2657 
f 1943/2624 1942/2623 1912/2605 1913/2604 
f 1942/2628 1941/2627 1911/2609 1912/2608 
f 1941/2627 1940/2631 1910/2611 1911/2609 
f 1940/2631 1939/2633 1909/2613 1910/2611 
f 1939/2633 1944/2635 1914/2615 1909/2613 
f 1944/2635 1943/2624 1913/2604 1914/2615 
f 1946/2637 1945/2640 1927/2652 1931/2651 
f 1947/2641 1946/2644 1931/2654 1930/2653 
f 1948/2645 1947/2641 1930/2653 1929/2655 
f 1949/2647 1948/2645 1929/2655 1928/2656 
f 1949/2647 1928/2656 1932/2657 1950/2649 
f 1945/2640 1950/2649 1932/2657 1927/2652 
f 1951/2638 1925/2626 1921/2625 1952/2639 
f 1953/2650 1952/2639 1921/2625 1926/2636 
f 1953/2650 1926/2636 1922/2634 1954/2648 
f 1954/2648 1922/2634 1923/2632 1955/2646 
f 1956/2642 1955/2646 1923/2632 1924/2630 
f 1951/2643 1956/2642 1924/2630 1925/2629 
f 1957/2661 1958/2658 2026/2659 2027/2660 
f 1958/2658 1959/2662 2025/2663 2026/2659 
f 1959/2662 1960/2664 2024/2665 2025/2663 
f 1960/2664 1961/2666 2023/2667 2024/2665 
f 1961/2671 1962/2668 2028/2669 2023/2670 
f 1962/2668 1957/2661 2027/2660 2028/2669 
f 1979/2674 1969/2675 1970/2672 1978/2673 
f 1978/2678 1970/2679 1971/2676 1977/2677 
f 1977/2677 1971/2676 1972/2680 1976/2681 
f 1972/2685 1973/2682 1975/2683 1976/2684 
f 1973/2682 1974/2686 1980/2687 1975/2683 
f 1974/2686 1969/2675 1979/2674 1980/2687 
f 1978/2673 1990/2688 1991/2689 1979/2674 
f 1977/2677 1989/2690 1990/2691 1978/2678 
f 1976/2681 1988/2692 1989/2690 1977/2677 
f 1976/2684 1975/2683 1987/2693 1988/2694 
f 1979/2674 1991/2689 1992/2695 1980/2687 
f 1984/2697 1862/2526 1861/2529 1985/2696 
f 1983/2699 1863/2530 1862/2533 1984/2698 
f 1982/2700 1864/2534 1863/2530 1983/2699 
f 1982/2701 1981/2702 1865/2536 1864/2539 
f 1981/2702 1986/2703 1866/2540 1865/2536 
f 1986/2703 1985/2696 1861/2529 1866/2540 
f 1990/2688 1984/2697 1985/2696 1991/2689 
f 1989/2690 1983/2699 1984/2698 1990/2691 
f 1988/2692 1982/2700 1983/2699 1989/2690 
f 1987/2693 1981/2702 1982/2701 1988/2694 
f 1992/2695 1991/2689 1985/2696 1986/2703 
f 2003/2706 1993/2707 1994/2704 2002/2705 
f 2002/2705 1994/2704 1995/2708 2001/2709 
f 2001/2709 1995/2708 1996/2710 2000/2711 
f 1996/2715 1997/2712 1999/2713 2000/2714 
f 1997/2712 1998/2716 2004/2717 1999/2713 
f 1998/2716 1993/2718 2003/2719 2004/2717 
f 2002/2705 2014/2720 2015/2721 2003/2706 
f 2001/2709 2013/2722 2014/2720 2002/2705 
f 2000/2711 2012/2723 2013/2722 2001/2709 
f 2000/2714 1999/2713 2011/2724 2012/2725 
f 2003/2719 2015/2726 2016/2727 2004/2717 
f 2008/2729 1886/2558 1885/2561 2009/2728 
f 2007/2730 1887/2562 1886/2558 2008/2729 
f 2006/2731 1888/2564 1887/2562 2007/2730 
f 2006/2732 2005/2733 1889/2566 1888/2569 
f 2005/2733 2010/2734 1890/2570 1889/2566 
f 2010/2734 2009/2735 1885/2572 1890/2570 
f 2014/2720 2008/2729 2009/2728 2015/2721 
f 2013/2722 2007/2730 2008/2729 2014/2720 
f 2012/2723 2006/2731 2007/2730 2013/2722 
f 2011/2724 2005/2733 2006/2732 2012/2725 
f 2016/2727 2015/2726 2009/2735 2010/2734 
f 2004/2717 2016/2727 1964/2736 1965/2737 
f 1999/2713 2004/2717 1965/2737 1966/2738 
f 1999/2713 1966/2738 1967/2739 2011/2724 
f 2011/2724 1967/2739 1968/2740 2005/2733 
f 2010/2734 2005/2733 1968/2740 1963/2741 
f 2016/2727 2010/2734 1963/2741 1964/2736 
f 1987/2693 1975/2683 1959/2742 1958/2743 
f 1987/2693 1958/2743 1957/2744 1981/2702 
f 1986/2703 1981/2702 1957/2744 1962/2745 
f 1992/2695 1986/2703 1962/2745 1961/2746 
f 1992/2695 1961/2746 1960/2747 1980/2687 
f 1975/2683 1980/2687 1960/2747 1959/2742 
f 2021/2750 2020/2751 1964/2748 1963/2749 
f 2020/2751 2019/2753 1965/2752 1964/2748 
f 2019/2753 2018/2755 1966/2754 1965/2752 
f 2017/2757 1967/2756 1966/2754 2018/2755 
f 2017/2760 2022/2761 1968/2758 1967/2759 
f 2022/2761 2021/2750 1963/2749 1968/2758 
f 2027/2660 2026/2659 2044/2762 2045/2763 
f 2026/2659 2025/2663 2043/2764 2044/2762 
f 2025/2663 2024/2665 2042/2765 2043/2764 
f 2024/2665 2023/2667 2041/2766 2042/2765 
f 2023/2670 2028/2669 2046/2767 2041/2768 
f 2028/2669 2027/2660 2045/2763 2046/2767 
f 2029/2771 2033/2772 2050/2769 2051/2770 
f 2033/2772 2032/2774 2049/2773 2050/2769 
f 2031/2776 2048/2775 2049/2773 2032/2774 
f 2030/2778 2047/2777 2048/2775 2031/2776 
f 2030/2781 2034/2782 2052/2779 2047/2780 
f 2029/2771 2051/2770 2052/2779 2034/2782 
f 2053/2786 2054/2783 2059/2784 2060/2785 
f 2059/2784 2054/2783 2055/2787 2064/2788 
f 2064/2788 2055/2787 2056/2789 2063/2790 
f 2056/2789 2057/2791 2062/2792 2063/2790 
f 2062/2795 2057/2796 2058/2793 2061/2794 
f 2058/2793 2053/2786 2060/2785 2061/2794 
f 2045/2763 2044/2762 2039/2797 2035/2798 
f 2044/2762 2043/2764 2038/2799 2039/2797 
f 2043/2764 2042/2765 2037/2800 2038/2799 
f 2042/2765 2041/2766 2036/2801 2037/2800 
f 2041/2768 2046/2767 2040/2802 2036/2803 
f 2046/2767 2045/2763 2035/2798 2040/2802 
f 2051/2770 2050/2769 2020/2751 2021/2750 
f 2050/2769 2049/2773 2019/2753 2020/2751 
f 2049/2773 2048/2775 2018/2755 2019/2753 
f 2048/2775 2047/2777 2017/2757 2018/2755 
f 2052/2779 2022/2761 2017/2760 2047/2780 
f 2052/2779 2051/2770 2021/2750 2022/2761 
f 2054/2783 2053/2786 2035/2798 2039/2797 
f 2055/2787 2054/2783 2039/2797 2038/2799 
f 2056/2789 2055/2787 2038/2799 2037/2800 
f 2057/2791 2056/2789 2037/2800 2036/2801 
f 2058/2793 2057/2796 2036/2803 2040/2802 
f 2053/2786 2058/2793 2040/2802 2035/2798 
f 2059/2784 2033/2772 2029/2771 2060/2785 
f 2061/2794 2060/2785 2029/2771 2034/2782 
f 2061/2794 2034/2782 2030/2781 2062/2795 
f 2062/2792 2030/2778 2031/2776 2063/2790 
f 2064/2788 2063/2790 2031/2776 2032/2774 
f 2064/2788 2032/2774 2033/2772 2059/2784 
f 2065/2807 2066/2804 2134/2805 2135/2806 
f 2066/2804 2067/2808 2133/2809 2134/2805 
f 2067/2808 2068/2810 2132/2811 2133/2809 
f 2068/2810 2069/2812 2131/2813 2132/2811 
f 2069/2817 2070/2814 2136/2815 2131/2816 
f 2070/2814 2065/2807 2135/2806 2136/2815 
f 2087/2820 2077/2821 2078/2818 2086/2819 
f 2086/2824 2078/2825 2079/2822 2085/2823 
f 2085/2823 2079/2822 2080/2826 2084/2827 
f 2080/2831 2081/2828 2083/2829 2084/2830 
f 2081/2828 2082/2832 2088/2833 2083/2829 
f 2082/2832 2077/2821 2087/2820 2088/2833 
f 2086/2819 2098/2834 2099/2835 2087/2820 
f 2085/2823 2097/2836 2098/2837 2086/2824 
f 2084/2827 2096/2838 2097/2836 2085/2823 
f 2084/2830 2083/2829 2095/2839 2096/2840 
f 2087/2820 2099/2835 2100/2841 2088/2833 
f 2092/2843 1970/2672 1969/2675 2093/2842 
f 2091/2845 1971/2676 1970/2679 2092/2844 
f 2090/2846 1972/2680 1971/2676 2091/2845 
f 2090/2847 2089/2848 1973/2682 1972/2685 
f 2089/2848 2094/2849 1974/2686 1973/2682 
f 2094/2849 2093/2842 1969/2675 1974/2686 
f 2098/2834 2092/2843 2093/2842 2099/2835 
f 2097/2851 2091/2845 2092/2844 2098/2850 
f 2096/2852 2090/2846 2091/2845 2097/2851 
f 2095/2839 2089/2848 2090/2847 2096/2840 
f 2100/2841 2099/2835 2093/2842 2094/2849 
f 2111/2855 2101/2856 2102/2853 2110/2854 
f 2110/2854 2102/2853 2103/2857 2109/2858 
f 2109/2858 2103/2857 2104/2859 2108/2860 
f 2104/2864 2105/2861 2107/2862 2108/2863 
f 2105/2861 2106/2865 2112/2866 2107/2862 
f 2106/2865 2101/2867 2111/2868 2112/2866 
f 2110/2854 2122/2869 2123/2870 2111/2855 
f 2109/2858 2121/2871 2122/2869 2110/2854 
f 2108/2860 2120/2872 2121/2871 2109/2858 
f 2108/2863 2107/2862 2119/2873 2120/2874 
f 2111/2868 2123/2875 2124/2876 2112/2866 
f 2116/2878 1994/2704 1993/2707 2117/2877 
f 2115/2879 1995/2708 1994/2704 2116/2878 
f 2114/2880 1996/2710 1995/2708 2115/2879 
f 2114/2881 2113/2882 1997/2712 1996/2715 
f 2113/2882 2118/2883 1998/2716 1997/2712 
f 2118/2883 2117/2884 1993/2718 1998/2716 
f 2122/2869 2116/2878 2117/2877 2123/2870 
f 2121/2871 2115/2879 2116/2878 2122/2869 
f 2120/2872 2114/2880 2115/2879 2121/2871 
f 2119/2873 2113/2882 2114/2881 2120/2874 
f 2124/2876 2123/2875 2117/2884 2118/2883 
f 2124/2876 2072/2885 2073/2886 2112/2866 
f 2107/2862 2112/2866 2073/2886 2074/2887 
f 2119/2873 2107/2862 2074/2887 2075/2888 
f 2119/2873 2075/2888 2076/2889 2113/2882 
f 2118/2883 2113/2882 2076/2889 2071/2890 
f 2124/2876 2118/2883 2071/2890 2072/2885 
f 2095/2839 2083/2829 2067/2891 2066/2892 
f 2095/2839 2066/2892 2065/2893 2089/2848 
f 2094/2849 2089/2848 2065/2893 2070/2894 
f 2100/2841 2094/2849 2070/2894 2069/2895 
f 2088/2833 2100/2841 2069/2895 2068/2896 
f 2083/2829 2088/2833 2068/2896 2067/2891 
f 2129/2899 2128/2900 2072/2897 2071/2898 
f 2128/2900 2127/2902 2073/2901 2072/2897 
f 2127/2902 2126/2904 2074/2903 2073/2901 
f 2126/2904 2125/2906 2075/2905 2074/2903 
f 2125/2909 2130/2910 2076/2907 2075/2908 
f 2130/2910 2129/2899 2071/2898 2076/2907 
f 2135/2806 2134/2805 2152/2911 2153/2912 
f 2134/2805 2133/2809 2151/2913 2152/2911 
f 2133/2809 2132/2811 2150/2914 2151/2913 
f 2132/2811 2131/2813 2149/2915 2150/2914 
f 2131/2816 2136/2815 2154/2916 2149/2917 
f 2136/2815 2135/2806 2153/2912 2154/2916 
f 2137/2920 2141/2921 2158/2918 2159/2919 
f 2141/2921 2140/2923 2157/2922 2158/2918 
f 2140/2923 2139/2925 2156/2924 2157/2922 
f 2139/2925 2138/2927 2155/2926 2156/2924 
f 2142/2931 2160/2928 2155/2929 2138/2930 
f 2142/2931 2137/2920 2159/2919 2160/2928 
f 2161/2935 2162/2932 2167/2933 2168/2934 
f 2162/2932 2163/2936 2172/2937 2167/2933 
f 2163/2936 2164/2938 2171/2939 2172/2937 
f 2164/2938 2165/2940 2170/2941 2171/2939 
f 2165/2945 2166/2942 2169/2943 2170/2944 
f 2166/2942 2161/2935 2168/2934 2169/2943 
f 2152/2911 2147/2946 2143/2947 2153/2912 
f 2152/2911 2151/2913 2146/2948 2147/2946 
f 2151/2913 2150/2914 2145/2949 2146/2948 
f 2150/2914 2149/2915 2144/2950 2145/2949 
f 2149/2917 2154/2916 2148/2951 2144/2952 
f 2154/2916 2153/2912 2143/2947 2148/2951 
f 2159/2919 2158/2918 2128/2900 2129/2899 
f 2158/2918 2157/2922 2127/2902 2128/2900 
f 2157/2922 2156/2924 2126/2904 2127/2902 
f 2156/2924 2155/2926 2125/2906 2126/2904 
f 2155/2929 2160/2928 2130/2910 2125/2909 
f 2160/2928 2159/2919 2129/2899 2130/2910 
f 2161/2935 2143/2947 2147/2946 2162/2932 
f 2163/2936 2162/2932 2147/2946 2146/2948 
f 2164/2938 2163/2936 2146/2948 2145/2949 
f 2165/2940 2164/2938 2145/2949 2144/2950 
f 2165/2945 2144/2952 2148/2951 2166/2942 
f 2166/2942 2148/2951 2143/2947 2161/2935 
f 2168/2934 2167/2933 2141/2921 2137/2920 
f 2169/2943 2168/2934 2137/2920 2142/2931 
f 2170/2944 2169/2943 2142/2931 2138/2930 
f 2170/2941 2138/2927 2139/2925 2171/2939 
f 2172/2937 2171/2939 2139/2925 2140/2923 
f 2172/2937 2140/2923 2141/2921 2167/2933 
f 2173/2956 2174/2953 2242/2954 2243/2955 
f 2174/2953 2175/2957 2241/2958 2242/2954 
f 2175/2957 2176/2959 2240/2960 2241/2958 
f 2176/2959 2177/2961 2239/2962 2240/2960 
f 2177/2966 2178/2963 2244/2964 2239/2965 
f 2178/2963 2173/2956 2243/2955 2244/2964 
f 2195/2969 2185/2970 2186/2967 2194/2968 
f 2194/2973 2186/2974 2187/2971 2193/2972 
f 2193/2972 2187/2971 2188/2975 2192/2976 
f 2188/2980 2189/2977 2191/2978 2192/2979 
f 2189/2977 2190/2981 2196/2982 2191/2978 
f 2190/2981 2185/2970 2195/2969 2196/2982 
f 2194/2968 2206/2983 2207/2984 2195/2969 
f 2193/2972 2205/2985 2206/2986 2194/2973 
f 2192/2976 2204/2987 2205/2985 2193/2972 
f 2192/2979 2191/2978 2203/2988 2204/2989 
f 2195/2969 2207/2984 2208/2990 2196/2982 
f 2200/2992 2078/2818 2077/2821 2201/2991 
f 2199/2994 2079/2822 2078/2825 2200/2993 
f 2198/2995 2080/2826 2079/2822 2199/2994 
f 2198/2996 2197/2997 2081/2828 2080/2831 
f 2197/2997 2202/2998 2082/2832 2081/2828 
f 2202/2998 2201/2991 2077/2821 2082/2832 
f 2206/2983 2200/2992 2201/2991 2207/2984 
f 2205/2985 2199/2994 2200/2993 2206/2986 
f 2204/2987 2198/2995 2199/2994 2205/2985 
f 2203/2988 2197/2997 2198/2996 2204/2989 
f 2208/2990 2207/2984 2201/2991 2202/2998 
f 2219/3001 2209/3002 2210/2999 2218/3000 
f 2218/3000 2210/2999 2211/3003 2217/3004 
f 2217/3004 2211/3003 2212/3005 2216/3006 
f 2212/3010 2213/3007 2215/3008 2216/3009 
f 2213/3007 2214/3011 2220/3012 2215/3008 
f 2214/3011 2209/3013 2219/3014 2220/3012 
f 2218/3000 2230/3015 2231/3016 2219/3001 
f 2217/3004 2229/3017 2230/3015 2218/3000 
f 2216/3006 2228/3018 2229/3017 2217/3004 
f 2216/3009 2215/3008 2227/3019 2228/3020 
f 2219/3014 2231/3021 2232/3022 2220/3012 
f 2224/3024 2102/2853 2101/2856 2225/3023 
f 2223/3025 2103/2857 2102/2853 2224/3024 
f 2222/3026 2104/2859 2103/2857 2223/3025 
f 2222/3027 2221/3028 2105/2861 2104/2864 
f 2221/3028 2226/3029 2106/2865 2105/2861 
f 2226/3029 2225/3030 2101/2867 2106/2865 
f 2230/3015 2224/3024 2225/3023 2231/3016 
f 2229/3017 2223/3025 2224/3024 2230/3015 
f 2228/3018 2222/3026 2223/3025 2229/3017 
f 2227/3019 2221/3028 2222/3027 2228/3020 
f 2232/3022 2231/3021 2225/3030 2226/3029 
f 2220/3012 2232/3022 2180/3031 2181/3032 
f 2215/3008 2220/3012 2181/3032 2182/3033 
f 2227/3019 2215/3008 2182/3033 2183/3034 
f 2227/3019 2183/3034 2184/3035 2221/3028 
f 2226/3029 2221/3028 2184/3035 2179/3036 
f 2232/3022 2226/3029 2179/3036 2180/3031 
f 2203/2988 2191/2978 2175/3037 2174/3038 
f 2197/2997 2203/2988 2174/3038 2173/3039 
f 2202/2998 2197/2997 2173/3039 2178/3040 
f 2208/2990 2202/2998 2178/3040 2177/3041 
f 2208/2990 2177/3041 2176/3042 2196/2982 
f 2191/2978 2196/2982 2176/3042 2175/3037 
f 2237/3045 2236/3046 2180/3043 2179/3044 
f 2236/3046 2235/3048 2181/3047 2180/3043 
f 2235/3048 2234/3050 2182/3049 2181/3047 
f 2234/3050 2233/3052 2183/3051 2182/3049 
f 2233/3055 2238/3056 2184/3053 2183/3054 
f 2238/3056 2237/3045 2179/3044 2184/3053 
f 2243/2955 2242/2954 2260/3057 2261/3058 
f 2242/2954 2241/2958 2259/3059 2260/3057 
f 2241/2958 2240/2960 2258/3060 2259/3059 
f 2240/2960 2239/2962 2257/3061 2258/3060 
f 2239/2965 2244/2964 2262/3062 2257/3063 
f 2244/2964 2243/2955 2261/3058 2262/3062 
f 2245/3066 2249/3067 2266/3064 2267/3065 
f 2249/3067 2248/3069 2265/3068 2266/3064 
f 2248/3069 2247/3071 2264/3070 2265/3068 
f 2247/3071 2246/3073 2263/3072 2264/3070 
f 2250/3077 2268/3074 2263/3075 2246/3076 
f 2250/3077 2245/3066 2267/3065 2268/3074 
f 2269/3081 2270/3078 2275/3079 2276/3080 
f 2275/3079 2270/3078 2271/3082 2280/3083 
f 2271/3082 2272/3084 2279/3085 2280/3083 
f 2272/3084 2273/3086 2278/3087 2279/3085 
f 2273/3091 2274/3088 2277/3089 2278/3090 
f 2274/3088 2269/3081 2276/3080 2277/3089 
f 2260/3057 2255/3092 2251/3093 2261/3058 
f 2260/3057 2259/3059 2254/3094 2255/3092 
f 2258/3060 2253/3095 2254/3094 2259/3059 
f 2258/3060 2257/3061 2252/3096 2253/3095 
f 2257/3063 2262/3062 2256/3097 2252/3098 
f 2262/3062 2261/3058 2251/3093 2256/3097 
f 2267/3065 2266/3064 2236/3046 2237/3045 
f 2266/3064 2265/3068 2235/3048 2236/3046 
f 2265/3068 2264/3070 2234/3050 2235/3048 
f 2264/3070 2263/3072 2233/3052 2234/3050 
f 2263/3075 2268/3074 2238/3056 2233/3055 
f 2268/3074 2267/3065 2237/3045 2238/3056 
f 2269/3081 2251/3093 2255/3092 2270/3078 
f 2271/3082 2270/3078 2255/3092 2254/3094 
f 2272/3084 2271/3082 2254/3094 2253/3095 
f 2273/3086 2272/3084 2253/3095 2252/3096 
f 2273/3091 2252/3098 2256/3097 2274/3088 
f 2269/3081 2274/3088 2256/3097 2251/3093 
f 2276/3080 2275/3079 2249/3067 2245/3066 
f 2277/3089 2276/3080 2245/3066 2250/3077 
f 2278/3090 2277/3089 2250/3077 2246/3076 
f 2278/3087 2246/3073 2247/3071 2279/3085 
f 2279/3085 2247/3071 2248/3069 2280/3083 
f 2280/3083 2248/3069 2249/3067 2275/3079 
f 2281/3102 2282/3099 2350/3100 2351/3101 
f 2282/3099 2283/3103 2349/3104 2350/3100 
f 2283/3103 2284/3105 2348/3106 2349/3104 
f 2284/3105 2285/3107 2347/3108 2348/3106 
f 2285/3112 2286/3109 2352/3110 2347/3111 
f 2286/3109 2281/3102 2351/3101 2352/3110 
f 2303/3115 2293/3116 2294/3113 2302/3114 
f 2302/3119 2294/3120 2295/3117 2301/3118 
f 2301/3118 2295/3117 2296/3121 2300/3122 
f 2296/3126 2297/3123 2299/3124 2300/3125 
f 2297/3123 2298/3127 2304/3128 2299/3124 
f 2298/3127 2293/3116 2303/3115 2304/3128 
f 2302/3114 2314/3129 2315/3130 2303/3115 
f 2301/3118 2313/3131 2314/3132 2302/3119 
f 2300/3122 2312/3133 2313/3131 2301/3118 
f 2300/3125 2299/3124 2311/3134 2312/3135 
f 2303/3115 2315/3130 2316/3136 2304/3128 
f 2308/3138 2186/2967 2185/2970 2309/3137 
f 2307/3140 2187/2971 2186/2974 2308/3139 
f 2306/3141 2188/2975 2187/2971 2307/3140 
f 2306/3142 2305/3143 2189/2977 2188/2980 
f 2305/3143 2310/3144 2190/2981 2189/2977 
f 2310/3144 2309/3137 2185/2970 2190/2981 
f 2314/3129 2308/3138 2309/3137 2315/3130 
f 2313/3131 2307/3140 2308/3139 2314/3132 
f 2312/3133 2306/3141 2307/3140 2313/3131 
f 2311/3134 2305/3143 2306/3142 2312/3135 
f 2316/3136 2315/3130 2309/3137 2310/3144 
f 2327/3147 2317/3148 2318/3145 2326/3146 
f 2326/3146 2318/3145 2319/3149 2325/3150 
f 2325/3150 2319/3149 2320/3151 2324/3152 
f 2320/3156 2321/3153 2323/3154 2324/3155 
f 2321/3153 2322/3157 2328/3158 2323/3154 
f 2322/3157 2317/3159 2327/3160 2328/3158 
f 2326/3146 2338/3161 2339/3162 2327/3147 
f 2325/3150 2337/3163 2338/3161 2326/3146 
f 2324/3152 2336/3164 2337/3163 2325/3150 
f 2324/3155 2323/3154 2335/3165 2336/3166 
f 2327/3160 2339/3167 2340/3168 2328/3158 
f 2332/3170 2210/2999 2209/3002 2333/3169 
f 2331/3171 2211/3003 2210/2999 2332/3170 
f 2330/3172 2212/3005 2211/3003 2331/3171 
f 2330/3173 2329/3174 2213/3007 2212/3010 
f 2329/3174 2334/3175 2214/3011 2213/3007 
f 2334/3175 2333/3176 2209/3013 2214/3011 
f 2338/3161 2332/3170 2333/3169 2339/3162 
f 2337/3163 2331/3171 2332/3170 2338/3161 
f 2336/3164 2330/3172 2331/3171 2337/3163 
f 2335/3165 2329/3174 2330/3173 2336/3166 
f 2340/3168 2339/3167 2333/3176 2334/3175 
f 2328/3158 2340/3168 2288/3177 2289/3178 
f 2323/3154 2328/3158 2289/3178 2290/3179 
f 2335/3165 2323/3154 2290/3179 2291/3180 
f 2329/3174 2335/3165 2291/3180 2292/3181 
f 2334/3175 2329/3174 2292/3181 2287/3182 
f 2340/3168 2334/3175 2287/3182 2288/3177 
f 2311/3134 2299/3124 2283/3183 2282/3184 
f 2305/3143 2311/3134 2282/3184 2281/3185 
f 2310/3144 2305/3143 2281/3185 2286/3186 
f 2316/3136 2310/3144 2286/3186 2285/3187 
f 2316/3136 2285/3187 2284/3188 2304/3128 
f 2299/3124 2304/3128 2284/3188 2283/3183 
f 2345/3191 2344/3192 2288/3189 2287/3190 
f 2344/3192 2343/3194 2289/3193 2288/3189 
f 2343/3194 2342/3196 2290/3195 2289/3193 
f 2341/3198 2291/3197 2290/3195 2342/3196 
f 2341/3201 2346/3202 2292/3199 2291/3200 
f 2346/3202 2345/3191 2287/3190 2292/3199 
f 2351/3101 2350/3100 2368/3203 2369/3204 
f 2350/3100 2349/3104 2367/3205 2368/3203 
f 2349/3104 2348/3106 2366/3206 2367/3205 
f 2348/3106 2347/3108 2365/3207 2366/3206 
f 2347/3111 2352/3110 2370/3208 2365/3209 
f 2352/3110 2351/3101 2369/3204 2370/3208 
f 2353/3212 2357/3213 2374/3210 2375/3211 
f 2357/3213 2356/3215 2373/3214 2374/3210 
f 2356/3215 2355/3217 2372/3216 2373/3214 
f 2355/3217 2354/3219 2371/3218 2372/3216 
f 2354/3222 2358/3223 2376/3220 2371/3221 
f 2358/3223 2353/3212 2375/3211 2376/3220 
f 2377/3227 2378/3224 2383/3225 2384/3226 
f 2378/3224 2379/3228 2388/3229 2383/3225 
f 2388/3229 2379/3228 2380/3230 2387/3231 
f 2380/3230 2381/3232 2386/3233 2387/3231 
f 2381/3237 2382/3234 2385/3235 2386/3236 
f 2382/3234 2377/3227 2384/3226 2385/3235 
f 2368/3203 2363/3238 2359/3239 2369/3204 
f 2367/3205 2362/3240 2363/3238 2368/3203 
f 2367/3205 2366/3206 2361/3241 2362/3240 
f 2366/3206 2365/3207 2360/3242 2361/3241 
f 2365/3209 2370/3208 2364/3243 2360/3244 
f 2370/3208 2369/3204 2359/3239 2364/3243 
f 2375/3211 2374/3210 2344/3192 2345/3191 
f 2374/3210 2373/3214 2343/3194 2344/3192 
f 2373/3214 2372/3216 2342/3196 2343/3194 
f 2372/3216 2371/3218 2341/3198 2342/3196 
f 2371/3221 2376/3220 2346/3202 2341/3201 
f 2376/3220 2375/3211 2345/3191 2346/3202 
f 2377/3227 2359/3239 2363/3238 2378/3224 
f 2378/3224 2363/3238 2362/3240 2379/3228 
f 2380/3230 2379/3228 2362/3240 2361/3241 
f 2381/3232 2380/3230 2361/3241 2360/3242 
f 2382/3234 2381/3237 2360/3244 2364/3243 
f 2382/3234 2364/3243 2359/3239 2377/3227 
f 2384/3226 2383/3225 2357/3213 2353/3212 
f 2385/3235 2384/3226 2353/3212 2358/3223 
f 2385/3235 2358/3223 2354/3222 2386/3236 
f 2386/3233 2354/3219 2355/3217 2387/3231 
f 2388/3229 2387/3231 2355/3217 2356/3215 
f 2388/3229 2356/3215 2357/3213 2383/3225 
f 2389/3248 2390/3245 2458/3246 2459/3247 
f 2390/3245 2391/3249 2457/3250 2458/3246 
f 2391/3249 2392/3251 2456/3252 2457/3250 
f 2392/3251 2393/3253 2455/3254 2456/3252 
f 2393/3258 2394/3255 2460/3256 2455/3257 
f 2394/3255 2389/3248 2459/3247 2460/3256 
f 2411/3261 2401/3262 2402/3259 2410/3260 
f 2410/3265 2402/3266 2403/3263 2409/3264 
f 2409/3264 2403/3263 2404/3267 2408/3268 
f 2404/3272 2405/3269 2407/3270 2408/3271 
f 2405/3269 2406/3273 2412/3274 2407/3270 
f 2406/3273 2401/3262 2411/3261 2412/3274 
f 2410/3260 2422/3275 2423/3276 2411/3261 
f 2409/3264 2421/3277 2422/3278 2410/3265 
f 2408/3268 2420/3279 2421/3277 2409/3264 
f 2408/3271 2407/3270 2419/3280 2420/3281 
f 2411/3261 2423/3276 2424/3282 2412/3274 
f 2416/3284 2294/3113 2293/3116 2417/3283 
f 2415/3286 2295/3117 2294/3120 2416/3285 
f 2414/3287 2296/3121 2295/3117 2415/3286 
f 2414/3288 2413/3289 2297/3123 2296/3126 
f 2413/3289 2418/3290 2298/3127 2297/3123 
f 2418/3290 2417/3283 2293/3116 2298/3127 
f 2422/3275 2416/3284 2417/3283 2423/3276 
f 2421/3277 2415/3286 2416/3285 2422/3278 
f 2420/3279 2414/3287 2415/3286 2421/3277 
f 2419/3280 2413/3289 2414/3288 2420/3281 
f 2424/3282 2423/3276 2417/3283 2418/3290 
f 2435/3293 2425/3294 2426/3291 2434/3292 
f 2434/3292 2426/3291 2427/3295 2433/3296 
f 2433/3296 2427/3295 2428/3297 2432/3298 
f 2428/3302 2429/3299 2431/3300 2432/3301 
f 2429/3299 2430/3303 2436/3304 2431/3300 
f 2430/3303 2425/3305 2435/3306 2436/3304 
f 2434/3292 2446/3307 2447/3308 2435/3293 
f 2433/3296 2445/3309 2446/3307 2434/3292 
f 2432/3298 2444/3310 2445/3309 2433/3296 
f 2432/3301 2431/3300 2443/3311 2444/3312 
f 2435/3306 2447/3313 2448/3314 2436/3304 
f 2440/3316 2318/3145 2317/3148 2441/3315 
f 2439/3317 2319/3149 2318/3145 2440/3316 
f 2438/3318 2320/3151 2319/3149 2439/3317 
f 2438/3319 2437/3320 2321/3153 2320/3156 
f 2437/3320 2442/3321 2322/3157 2321/3153 
f 2442/3321 2441/3322 2317/3159 2322/3157 
f 2446/3307 2440/3316 2441/3315 2447/3308 
f 2445/3309 2439/3317 2440/3316 2446/3307 
f 2444/3310 2438/3318 2439/3317 2445/3309 
f 2443/3311 2437/3320 2438/3319 2444/3312 
f 2448/3314 2447/3313 2441/3322 2442/3321 
f 2436/3304 2448/3314 2396/3323 2397/3324 
f 2431/3300 2436/3304 2397/3324 2398/3325 
f 2443/3311 2431/3300 2398/3325 2399/3326 
f 2443/3311 2399/3326 2400/3327 2437/3320 
f 2442/3321 2437/3320 2400/3327 2395/3328 
f 2448/3314 2442/3321 2395/3328 2396/3323 
f 2419/3280 2407/3270 2391/3329 2390/3330 
f 2419/3280 2390/3330 2389/3331 2413/3289 
f 2418/3290 2413/3289 2389/3331 2394/3332 
f 2424/3282 2418/3290 2394/3332 2393/3333 
f 2412/3274 2424/3282 2393/3333 2392/3334 
f 2407/3270 2412/3274 2392/3334 2391/3329 
f 2453/3337 2452/3338 2396/3335 2395/3336 
f 2452/3338 2451/3340 2397/3339 2396/3335 
f 2451/3340 2450/3342 2398/3341 2397/3339 
f 2450/3342 2449/3344 2399/3343 2398/3341 
f 2449/3347 2454/3348 2400/3345 2399/3346 
f 2454/3348 2453/3337 2395/3336 2400/3345 
f 2459/3247 2458/3246 2476/3349 2477/3350 
f 2458/3246 2457/3250 2475/3351 2476/3349 
f 2457/3250 2456/3252 2474/3352 2475/3351 
f 2456/3252 2455/3254 2473/3353 2474/3352 
f 2455/3257 2460/3256 2478/3354 2473/3355 
f 2459/3247 2477/3350 2478/3354 2460/3256 
f 2461/3358 2465/3359 2482/3356 2483/3357 
f 2465/3359 2464/3361 2481/3360 2482/3356 
f 2464/3361 2463/3363 2480/3362 2481/3360 
f 2462/3365 2479/3364 2480/3362 2463/3363 
f 2466/3369 2484/3366 2479/3367 2462/3368 
f 2466/3369 2461/3358 2483/3357 2484/3366 
f 2492/3372 2485/3373 2486/3370 2491/3371 
f 2491/3371 2486/3370 2487/3374 2496/3375 
f 2487/3374 2488/3376 2495/3377 2496/3375 
f 2488/3376 2489/3378 2494/3379 2495/3377 
f 2489/3383 2490/3380 2493/3381 2494/3382 
f 2490/3380 2485/3373 2492/3372 2493/3381 
f 2476/3349 2471/3384 2467/3385 2477/3350 
f 2476/3349 2475/3351 2470/3386 2471/3384 
f 2475/3351 2474/3352 2469/3387 2470/3386 
f 2474/3352 2473/3353 2468/3388 2469/3387 
f 2473/3355 2478/3354 2472/3389 2468/3390 
f 2478/3354 2477/3350 2467/3385 2472/3389 
f 2483/3357 2482/3356 2452/3338 2453/3337 
f 2482/3356 2481/3360 2451/3340 2452/3338 
f 2481/3360 2480/3362 2450/3342 2451/3340 
f 2479/3364 2449/3344 2450/3342 2480/3362 
f 2479/3367 2484/3366 2454/3348 2449/3347 
f 2484/3366 2483/3357 2453/3337 2454/3348 
f 2485/3373 2467/3385 2471/3384 2486/3370 
f 2487/3374 2486/3370 2471/3384 2470/3386 
f 2488/3376 2487/3374 2470/3386 2469/3387 
f 2489/3378 2488/3376 2469/3387 2468/3388 
f 2490/3380 2489/3383 2468/3390 2472/3389 
f 2485/3373 2490/3380 2472/3389 2467/3385 
f 2492/3372 2491/3371 2465/3359 2461/3358 
f 2493/3381 2492/3372 2461/3358 2466/3369 
f 2494/3382 2493/3381 2466/3369 2462/3368 
f 2494/3379 2462/3365 2463/3363 2495/3377 
f 2495/3377 2463/3363 2464/3361 2496/3375 
f 2491/3371 2496/3375 2464/3361 2465/3359 
f 2497/3394 2498/3391 2566/3392 2567/3393 
f 2498/3391 2499/3395 2565/3396 2566/3392 
f 2499/3395 2500/3397 2564/3398 2565/3396 
f 2500/3397 2501/3399 2563/3400 2564/3398 
f 2501/3404 2502/3401 2568/3402 2563/3403 
f 2502/3401 2497/3394 2567/3393 2568/3402 
f 2519/3407 2509/3408 2510/3405 2518/3406 
f 2518/3411 2510/3412 2511/3409 2517/3410 
f 2517/3410 2511/3409 2512/3413 2516/3414 
f 2512/3418 2513/3415 2515/3416 2516/3417 
f 2513/3415 2514/3419 2520/3420 2515/3416 
f 2514/3419 2509/3408 2519/3407 2520/3420 
f 2518/3406 2530/3421 2531/3422 2519/3407 
f 2517/3410 2529/3423 2530/3424 2518/3411 
f 2516/3414 2528/3425 2529/3423 2517/3410 
f 2516/3417 2515/3416 2527/3426 2528/3427 
f 2519/3407 2531/3422 2532/3428 2520/3420 
f 2524/3430 2402/3259 2401/3262 2525/3429 
f 2523/3432 2403/3263 2402/3266 2524/3431 
f 2522/3433 2404/3267 2403/3263 2523/3432 
f 2522/3434 2521/3435 2405/3269 2404/3272 
f 2521/3435 2526/3436 2406/3273 2405/3269 
f 2526/3436 2525/3429 2401/3262 2406/3273 
f 2530/3421 2524/3430 2525/3429 2531/3422 
f 2529/3423 2523/3432 2524/3431 2530/3424 
f 2528/3425 2522/3433 2523/3432 2529/3423 
f 2527/3426 2521/3435 2522/3434 2528/3427 
f 2532/3428 2531/3422 2525/3429 2526/3436 
f 2543/3439 2533/3440 2534/3437 2542/3438 
f 2542/3438 2534/3437 2535/3441 2541/3442 
f 2541/3442 2535/3441 2536/3443 2540/3444 
f 2536/3448 2537/3445 2539/3446 2540/3447 
f 2537/3445 2538/3449 2544/3450 2539/3446 
f 2538/3449 2533/3451 2543/3452 2544/3450 
f 2542/3438 2554/3453 2555/3454 2543/3439 
f 2541/3442 2553/3455 2554/3453 2542/3438 
f 2540/3444 2552/3456 2553/3455 2541/3442 
f 2540/3447 2539/3446 2551/3457 2552/3458 
f 2543/3452 2555/3459 2556/3460 2544/3450 
f 2548/3462 2426/3291 2425/3294 2549/3461 
f 2547/3463 2427/3295 2426/3291 2548/3462 
f 2546/3464 2428/3297 2427/3295 2547/3463 
f 2546/3465 2545/3466 2429/3299 2428/3302 
f 2545/3466 2550/3467 2430/3303 2429/3299 
f 2550/3467 2549/3468 2425/3305 2430/3303 
f 2554/3453 2548/3462 2549/3461 2555/3454 
f 2553/3455 2547/3463 2548/3462 2554/3453 
f 2552/3456 2546/3464 2547/3463 2553/3455 
f 2551/3457 2545/3466 2546/3465 2552/3458 
f 2556/3460 2555/3459 2549/3468 2550/3467 
f 2556/3460 2504/3469 2505/3470 2544/3450 
f 2539/3446 2544/3450 2505/3470 2506/3471 
f 2551/3457 2539/3446 2506/3471 2507/3472 
f 2551/3457 2507/3472 2508/3473 2545/3466 
f 2550/3467 2545/3466 2508/3473 2503/3474 
f 2556/3460 2550/3467 2503/3474 2504/3469 
f 2527/3426 2515/3416 2499/3475 2498/3476 
f 2521/3435 2527/3426 2498/3476 2497/3477 
f 2526/3436 2521/3435 2497/3477 2502/3478 
f 2532/3428 2526/3436 2502/3478 2501/3479 
f 2520/3420 2532/3428 2501/3479 2500/3480 
f 2515/3416 2520/3420 2500/3480 2499/3475 
f 2561/3483 2560/3484 2504/3481 2503/3482 
f 2560/3484 2559/3486 2505/3485 2504/3481 
f 2559/3486 2558/3488 2506/3487 2505/3485 
f 2558/3488 2557/3490 2507/3489 2506/3487 
f 2557/3493 2562/3494 2508/3491 2507/3492 
f 2562/3494 2561/3483 2503/3482 2508/3491 
f 2567/3393 2566/3392 2584/3495 2585/3496 
f 2566/3392 2565/3396 2583/3497 2584/3495 
f 2564/3398 2582/3498 2583/3497 2565/3396 
f 2564/3398 2563/3400 2581/3499 2582/3498 
f 2563/3403 2568/3402 2586/3500 2581/3501 
f 2568/3402 2567/3393 2585/3496 2586/3500 
f 2569/3504 2573/3505 2590/3502 2591/3503 
f 2573/3505 2572/3507 2589/3506 2590/3502 
f 2572/3507 2571/3509 2588/3508 2589/3506 
f 2571/3509 2570/3511 2587/3510 2588/3508 
f 2574/3515 2592/3512 2587/3513 2570/3514 
f 2574/3515 2569/3504 2591/3503 2592/3512 
f 2593/3519 2594/3516 2599/3517 2600/3518 
f 2599/3517 2594/3516 2595/3520 2604/3521 
f 2595/3520 2596/3522 2603/3523 2604/3521 
f 2603/3523 2596/3522 2597/3524 2602/3525 
f 2597/3529 2598/3526 2601/3527 2602/3528 
f 2598/3526 2593/3519 2600/3518 2601/3527 
f 2585/3496 2584/3495 2579/3530 2575/3531 
f 2584/3495 2583/3497 2578/3532 2579/3530 
f 2583/3497 2582/3498 2577/3533 2578/3532 
f 2582/3498 2581/3499 2576/3534 2577/3533 
f 2581/3501 2586/3500 2580/3535 2576/3536 
f 2586/3500 2585/3496 2575/3531 2580/3535 
f 2591/3503 2590/3502 2560/3484 2561/3483 
f 2590/3502 2589/3506 2559/3486 2560/3484 
f 2589/3506 2588/3508 2558/3488 2559/3486 
f 2588/3508 2587/3510 2557/3490 2558/3488 
f 2587/3513 2592/3512 2562/3494 2557/3493 
f 2592/3512 2591/3503 2561/3483 2562/3494 
f 2594/3516 2593/3519 2575/3531 2579/3530 
f 2594/3516 2579/3530 2578/3532 2595/3520 
f 2596/3522 2595/3520 2578/3532 2577/3533 
f 2597/3524 2596/3522 2577/3533 2576/3534 
f 2598/3526 2597/3529 2576/3536 2580/3535 
f 2593/3519 2598/3526 2580/3535 2575/3531 
f 2599/3517 2573/3505 2569/3504 2600/3518 
f 2601/3527 2600/3518 2569/3504 2574/3515 
f 2602/3528 2601/3527 2574/3515 2570/3514 
f 2602/3525 2570/3511 2571/3509 2603/3523 
f 2603/3523 2571/3509 2572/3507 2604/3521 
f 2604/3521 2572/3507 2573/3505 2599/3517 
f 2605/3540 2606/3537 2674/3538 2675/3539 
f 2606/3544 2607/3541 2673/3542 2674/3543 
f 2607/3541 2608/3545 2672/3546 2673/3542 
f 2608/3545 2609/3547 2671/3548 2672/3546 
f 2609/3547 2610/3549 2676/3550 2671/3548 
f 2610/3549 2605/3540 2675/3539 2676/3550 
f 2627/3553 2617/3554 2618/3551 2626/3552 
f 2626/3557 2618/3558 2619/3555 2625/3556 
f 2625/3556 2619/3555 2620/3559 2624/3560 
f 2620/3564 2621/3561 2623/3562 2624/3563 
f 2621/3561 2622/3565 2628/3566 2623/3562 
f 2622/3565 2617/3554 2627/3553 2628/3566 
f 2626/3552 2638/3567 2639/3568 2627/3553 
f 2625/3556 2637/3569 2638/3570 2626/3557 
f 2624/3560 2636/3571 2637/3569 2625/3556 
f 2624/3563 2623/3562 2635/3572 2636/3573 
f 2627/3553 2639/3568 2640/3574 2628/3566 
f 2632/3576 2510/3405 2509/3408 2633/3575 
f 2631/3578 2511/3409 2510/3412 2632/3577 
f 2630/3579 2512/3413 2511/3409 2631/3578 
f 2630/3580 2629/3581 2513/3415 2512/3418 
f 2629/3581 2634/3582 2514/3419 2513/3415 
f 2634/3582 2633/3575 2509/3408 2514/3419 
f 2638/3567 2632/3576 2633/3575 2639/3568 
f 2637/3569 2631/3578 2632/3577 2638/3570 
f 2636/3571 2630/3579 2631/3578 2637/3569 
f 2635/3572 2629/3581 2630/3580 2636/3573 
f 2640/3574 2639/3568 2633/3575 2634/3582 
f 2651/3585 2641/3586 2642/3583 2650/3584 
f 2650/3584 2642/3583 2643/3587 2649/3588 
f 2649/3588 2643/3587 2644/3589 2648/3590 
f 2644/3594 2645/3591 2647/3592 2648/3593 
f 2645/3591 2646/3595 2652/3596 2647/3592 
f 2646/3595 2641/3597 2651/3598 2652/3596 
f 2650/3584 2662/3599 2663/3600 2651/3585 
f 2649/3588 2661/3601 2662/3599 2650/3584 
f 2648/3590 2660/3602 2661/3601 2649/3588 
f 2648/3593 2647/3592 2659/3603 2660/3604 
f 2651/3598 2663/3605 2664/3606 2652/3596 
f 2656/3608 2534/3437 2533/3440 2657/3607 
f 2655/3609 2535/3441 2534/3437 2656/3608 
f 2654/3610 2536/3443 2535/3441 2655/3609 
f 2654/3611 2653/3612 2537/3445 2536/3448 
f 2653/3612 2658/3613 2538/3449 2537/3445 
f 2658/3613 2657/3614 2533/3451 2538/3449 
f 2662/3599 2656/3608 2657/3607 2663/3600 
f 2661/3601 2655/3609 2656/3608 2662/3599 
f 2660/3602 2654/3610 2655/3609 2661/3601 
f 2659/3603 2653/3612 2654/3611 2660/3604 
f 2664/3606 2663/3605 2657/3614 2658/3613 
f 2652/3596 2664/3606 2612/3615 2613/3616 
f 2647/3592 2652/3596 2613/3616 2614/3617 
f 2659/3603 2647/3592 2614/3617 2615/3618 
f 2659/3603 2615/3618 2616/3619 2653/3612 
f 2658/3613 2653/3612 2616/3619 2611/3620 
f 2664/3606 2658/3613 2611/3620 2612/3615 
f 2635/3572 2623/3562 2607/3621 2606/3622 
f 2629/3581 2635/3572 2606/3622 2605/3623 
f 2634/3582 2629/3581 2605/3623 2610/3624 
f 2640/3574 2634/3582 2610/3624 2609/3625 
f 2640/3574 2609/3625 2608/3626 2628/3566 
f 2623/3562 2628/3566 2608/3626 2607/3621 
f 2669/3629 2668/3630 2612/3627 2611/3628 
f 2668/3633 2667/3634 2613/3631 2612/3632 
f 2667/3634 2666/3636 2614/3635 2613/3631 
f 2666/3636 2665/3638 2615/3637 2614/3635 
f 2665/3638 2670/3640 2616/3639 2615/3637 
f 2670/3640 2669/3629 2611/3628 2616/3639 
f 2675/3539 2674/3538 2692/3641 2693/3642 
f 2674/3543 2673/3542 2691/3643 2692/3644 
f 2673/3542 2672/3546 2690/3645 2691/3643 
f 2672/3546 2671/3548 2689/3646 2690/3645 
f 2671/3548 2676/3550 2694/3647 2689/3646 
f 2676/3550 2675/3539 2693/3642 2694/3647 
f 2677/3650 2681/3651 2698/3648 2699/3649 
f 2681/3654 2680/3655 2697/3652 2698/3653 
f 2679/3657 2696/3656 2697/3652 2680/3655 
f 2679/3657 2678/3659 2695/3658 2696/3656 
f 2678/3659 2682/3661 2700/3660 2695/3658 
f 2682/3661 2677/3650 2699/3649 2700/3660 
f 2701/3665 2702/3662 2707/3663 2708/3664 
f 2702/3669 2703/3666 2712/3667 2707/3668 
f 2703/3666 2704/3670 2711/3671 2712/3667 
f 2704/3670 2705/3672 2710/3673 2711/3671 
f 2705/3672 2706/3674 2709/3675 2710/3673 
f 2709/3675 2706/3674 2701/3665 2708/3664 
f 2693/3642 2692/3641 2687/3676 2683/3677 
f 2691/3643 2686/3678 2687/3679 2692/3644 
f 2691/3643 2690/3645 2685/3680 2686/3678 
f 2689/3646 2684/3681 2685/3680 2690/3645 
f 2689/3646 2694/3647 2688/3682 2684/3681 
f 2694/3647 2693/3642 2683/3677 2688/3682 
f 2699/3649 2698/3648 2668/3630 2669/3629 
f 2698/3653 2697/3652 2667/3634 2668/3633 
f 2697/3652 2696/3656 2666/3636 2667/3634 
f 2696/3656 2695/3658 2665/3638 2666/3636 
f 2695/3658 2700/3660 2670/3640 2665/3638 
f 2700/3660 2699/3649 2669/3629 2670/3640 
f 2701/3665 2683/3677 2687/3676 2702/3662 
f 2703/3666 2702/3669 2687/3679 2686/3678 
f 2703/3666 2686/3678 2685/3680 2704/3670 
f 2705/3672 2704/3670 2685/3680 2684/3681 
f 2706/3674 2705/3672 2684/3681 2688/3682 
f 2701/3665 2706/3674 2688/3682 2683/3677 
f 2708/3664 2707/3663 2681/3651 2677/3650 
f 2709/3675 2708/3664 2677/3650 2682/3661 
f 2709/3675 2682/3661 2678/3659 2710/3673 
f 2711/3671 2710/3673 2678/3659 2679/3657 
f 2712/3667 2711/3671 2679/3657 2680/3655 
f 2712/3667 2680/3655 2681/3654 2707/3668 
f 2713/3686 2714/3683 2782/3684 2783/3685 
f 2714/3683 2715/3687 2781/3688 2782/3684 
f 2715/3687 2716/3689 2780/3690 2781/3688 
f 2716/3689 2717/3691 2779/3692 2780/3690 
f 2717/3696 2718/3693 2784/3694 2779/3695 
f 2718/3693 2713/3686 2783/3685 2784/3694 
f 2735/3699 2725/3700 2726/3697 2734/3698 
f 2734/3703 2726/3704 2727/3701 2733/3702 
f 2733/3702 2727/3701 2728/3705 2732/3706 
f 2728/3710 2729/3707 2731/3708 2732/3709 
f 2729/3707 2730/3711 2736/3712 2731/3708 
f 2730/3711 2725/3700 2735/3699 2736/3712 
f 2734/3698 2746/3713 2747/3714 2735/3699 
f 2733/3702 2745/3715 2746/3716 2734/3703 
f 2732/3706 2744/3717 2745/3715 2733/3702 
f 2732/3709 2731/3708 2743/3718 2744/3719 
f 2735/3699 2747/3714 2748/3720 2736/3712 
f 2740/3722 2618/3551 2617/3554 2741/3721 
f 2739/3724 2619/3555 2618/3558 2740/3723 
f 2738/3725 2620/3559 2619/3555 2739/3724 
f 2738/3726 2737/3727 2621/3561 2620/3564 
f 2737/3727 2742/3728 2622/3565 2621/3561 
f 2742/3728 2741/3721 2617/3554 2622/3565 
f 2746/3713 2740/3722 2741/3721 2747/3714 
f 2745/3715 2739/3724 2740/3723 2746/3716 
f 2744/3717 2738/3725 2739/3724 2745/3715 
f 2743/3718 2737/3727 2738/3726 2744/3719 
f 2748/3720 2747/3714 2741/3721 2742/3728 
f 2759/3731 2749/3732 2750/3729 2758/3730 
f 2758/3730 2750/3729 2751/3733 2757/3734 
f 2757/3734 2751/3733 2752/3735 2756/3736 
f 2752/3740 2753/3737 2755/3738 2756/3739 
f 2753/3737 2754/3741 2760/3742 2755/3738 
f 2754/3741 2749/3743 2759/3744 2760/3742 
f 2758/3730 2770/3745 2771/3746 2759/3731 
f 2757/3734 2769/3747 2770/3745 2758/3730 
f 2756/3736 2768/3748 2769/3747 2757/3734 
f 2756/3739 2755/3738 2767/3749 2768/3750 
f 2759/3744 2771/3751 2772/3752 2760/3742 
f 2764/3754 2642/3583 2641/3586 2765/3753 
f 2763/3755 2643/3587 2642/3583 2764/3754 
f 2762/3756 2644/3589 2643/3587 2763/3755 
f 2762/3757 2761/3758 2645/3591 2644/3594 
f 2761/3758 2766/3759 2646/3595 2645/3591 
f 2766/3759 2765/3760 2641/3597 2646/3595 
f 2770/3745 2764/3754 2765/3753 2771/3746 
f 2769/3747 2763/3755 2764/3754 2770/3745 
f 2768/3748 2762/3756 2763/3755 2769/3747 
f 2767/3749 2761/3758 2762/3757 2768/3750 
f 2772/3752 2771/3751 2765/3760 2766/3759 
f 2760/3742 2772/3752 2720/3761 2721/3762 
f 2755/3738 2760/3742 2721/3762 2722/3763 
f 2755/3738 2722/3763 2723/3764 2767/3749 
f 2761/3758 2767/3749 2723/3764 2724/3765 
f 2766/3759 2761/3758 2724/3765 2719/3766 
f 2772/3752 2766/3759 2719/3766 2720/3761 
f 2743/3718 2731/3708 2715/3767 2714/3768 
f 2743/3718 2714/3768 2713/3769 2737/3727 
f 2742/3728 2737/3727 2713/3769 2718/3770 
f 2748/3720 2742/3728 2718/3770 2717/3771 
f 2736/3712 2748/3720 2717/3771 2716/3772 
f 2731/3708 2736/3712 2716/3772 2715/3767 
f 2777/3775 2776/3776 2720/3773 2719/3774 
f 2776/3776 2775/3778 2721/3777 2720/3773 
f 2775/3778 2774/3780 2722/3779 2721/3777 
f 2774/3780 2773/3782 2723/3781 2722/3779 
f 2773/3785 2778/3786 2724/3783 2723/3784 
f 2778/3786 2777/3775 2719/3774 2724/3783 
f 2783/3685 2782/3684 2800/3787 2801/3788 
f 2782/3684 2781/3688 2799/3789 2800/3787 
f 2781/3688 2780/3690 2798/3790 2799/3789 
f 2780/3690 2779/3692 2797/3791 2798/3790 
f 2779/3695 2784/3694 2802/3792 2797/3793 
f 2784/3694 2783/3685 2801/3788 2802/3792 
f 2785/3796 2789/3797 2806/3794 2807/3795 
f 2789/3797 2788/3799 2805/3798 2806/3794 
f 2788/3799 2787/3801 2804/3800 2805/3798 
f 2787/3801 2786/3803 2803/3802 2804/3800 
f 2786/3806 2790/3807 2808/3804 2803/3805 
f 2790/3807 2785/3796 2807/3795 2808/3804 
f 2809/3811 2810/3808 2815/3809 2816/3810 
f 2810/3808 2811/3812 2820/3813 2815/3809 
f 2811/3812 2812/3814 2819/3815 2820/3813 
f 2812/3814 2813/3816 2818/3817 2819/3815 
f 2818/3820 2813/3821 2814/3818 2817/3819 
f 2814/3818 2809/3811 2816/3810 2817/3819 
f 2801/3788 2800/3787 2795/3822 2791/3823 
f 2800/3787 2799/3789 2794/3824 2795/3822 
f 2799/3789 2798/3790 2793/3825 2794/3824 
f 2797/3791 2792/3826 2793/3825 2798/3790 
f 2797/3793 2802/3792 2796/3827 2792/3828 
f 2802/3792 2801/3788 2791/3823 2796/3827 
f 2807/3795 2806/3794 2776/3776 2777/3775 
f 2806/3794 2805/3798 2775/3778 2776/3776 
f 2804/3800 2774/3780 2775/3778 2805/3798 
f 2804/3800 2803/3802 2773/3782 2774/3780 
f 2803/3805 2808/3804 2778/3786 2773/3785 
f 2808/3804 2807/3795 2777/3775 2778/3786 
f 2810/3808 2809/3811 2791/3823 2795/3822 
f 2811/3812 2810/3808 2795/3822 2794/3824 
f 2811/3812 2794/3824 2793/3825 2812/3814 
f 2813/3816 2812/3814 2793/3825 2792/3826 
f 2813/3821 2792/3828 2796/3827 2814/3818 
f 2809/3811 2814/3818 2796/3827 2791/3823 
f 2815/3809 2789/3797 2785/3796 2816/3810 
f 2816/3810 2785/3796 2790/3807 2817/3819 
f 2818/3820 2817/3819 2790/3807 2786/3806 
f 2819/3815 2818/3817 2786/3803 2787/3801 
f 2820/3813 2819/3815 2787/3801 2788/3799 
f 2820/3813 2788/3799 2789/3797 2815/3809 
f 2821/3832 2822/3829 2890/3830 2891/3831 
f 2822/3836 2823/3833 2889/3834 2890/3835 
f 2823/3833 2824/3837 2888/3838 2889/3834 
f 2824/3837 2825/3839 2887/3840 2888/3838 
f 2825/3839 2826/3841 2892/3842 2887/3840 
f 2826/3841 2821/3832 2891/3831 2892/3842 
f 2843/3845 2833/3846 2834/3843 2842/3844 
f 2842/3849 2834/3850 2835/3847 2841/3848 
f 2841/3848 2835/3847 2836/3851 2840/3852 
f 2836/3856 2837/3853 2839/3854 2840/3855 
f 2837/3853 2838/3857 2844/3858 2839/3854 
f 2838/3857 2833/3846 2843/3845 2844/3858 
f 2842/3844 2854/3859 2855/3860 2843/3845 
f 2841/3848 2853/3861 2854/3862 2842/3849 
f 2840/3852 2852/3863 2853/3861 2841/3848 
f 2840/3855 2839/3854 2851/3864 2852/3865 
f 2843/3845 2855/3860 2856/3866 2844/3858 
f 2848/3868 2726/3697 2725/3700 2849/3867 
f 2847/3870 2727/3701 2726/3704 2848/3869 
f 2846/3871 2728/3705 2727/3701 2847/3870 
f 2846/3872 2845/3873 2729/3707 2728/3710 
f 2845/3873 2850/3874 2730/3711 2729/3707 
f 2850/3874 2849/3867 2725/3700 2730/3711 
f 2854/3859 2848/3868 2849/3867 2855/3860 
f 2853/3861 2847/3870 2848/3869 2854/3862 
f 2852/3863 2846/3871 2847/3870 2853/3861 
f 2851/3864 2845/3873 2846/3872 2852/3865 
f 2856/3866 2855/3860 2849/3867 2850/3874 
f 2867/3877 2857/3878 2858/3875 2866/3876 
f 2866/3876 2858/3875 2859/3879 2865/3880 
f 2865/3880 2859/3879 2860/3881 2864/3882 
f 2860/3886 2861/3883 2863/3884 2864/3885 
f 2861/3883 2862/3887 2868/3888 2863/3884 
f 2862/3887 2857/3889 2867/3890 2868/3888 
f 2866/3876 2878/3891 2879/3892 2867/3877 
f 2865/3880 2877/3893 2878/3891 2866/3876 
f 2864/3882 2876/3894 2877/3893 2865/3880 
f 2864/3885 2863/3884 2875/3895 2876/3896 
f 2867/3890 2879/3897 2880/3898 2868/3888 
f 2872/3900 2750/3729 2749/3732 2873/3899 
f 2871/3901 2751/3733 2750/3729 2872/3900 
f 2870/3902 2752/3735 2751/3733 2871/3901 
f 2870/3903 2869/3904 2753/3737 2752/3740 
f 2869/3904 2874/3905 2754/3741 2753/3737 
f 2874/3905 2873/3906 2749/3743 2754/3741 
f 2878/3891 2872/3900 2873/3899 2879/3892 
f 2877/3893 2871/3901 2872/3900 2878/3891 
f 2876/3894 2870/3902 2871/3901 2877/3893 
f 2875/3895 2869/3904 2870/3903 2876/3896 
f 2880/3898 2879/3897 2873/3906 2874/3905 
f 2868/3888 2880/3898 2828/3907 2829/3908 
f 2863/3884 2868/3888 2829/3908 2830/3909 
f 2875/3895 2863/3884 2830/3909 2831/3910 
f 2869/3904 2875/3895 2831/3910 2832/3911 
f 2874/3905 2869/3904 2832/3911 2827/3912 
f 2880/3898 2874/3905 2827/3912 2828/3907 
f 2851/3864 2839/3854 2823/3913 2822/3914 
f 2851/3864 2822/3914 2821/3915 2845/3873 
f 2850/3874 2845/3873 2821/3915 2826/3916 
f 2856/3866 2850/3874 2826/3916 2825/3917 
f 2844/3858 2856/3866 2825/3917 2824/3918 
f 2839/3854 2844/3858 2824/3918 2823/3913 
f 2885/3921 2884/3922 2828/3919 2827/3920 
f 2884/3925 2883/3926 2829/3923 2828/3924 
f 2883/3926 2882/3928 2830/3927 2829/3923 
f 2882/3928 2881/3930 2831/3929 2830/3927 
f 2881/3930 2886/3932 2832/3931 2831/3929 
f 2886/3932 2885/3921 2827/3920 2832/3931 
f 2891/3831 2890/3830 2908/3933 2909/3934 
f 2890/3835 2889/3834 2907/3935 2908/3936 
f 2889/3834 2888/3838 2906/3937 2907/3935 
f 2888/3838 2887/3840 2905/3938 2906/3937 
f 2887/3840 2892/3842 2910/3939 2905/3938 
f 2892/3842 2891/3831 2909/3934 2910/3939 
f 2897/3943 2914/3940 2915/3941 2893/3942 
f 2897/3946 2896/3947 2913/3944 2914/3945 
f 2896/3947 2895/3949 2912/3948 2913/3944 
f 2894/3951 2911/3950 2912/3948 2895/3949 
f 2894/3951 2898/3953 2916/3952 2911/3950 
f 2898/3953 2893/3942 2915/3941 2916/3952 
f 2917/3957 2918/3954 2923/3955 2924/3956 
f 2918/3961 2919/3958 2928/3959 2923/3960 
f 2919/3958 2920/3962 2927/3963 2928/3959 
f 2920/3962 2921/3964 2926/3965 2927/3963 
f 2921/3964 2922/3966 2925/3967 2926/3965 
f 2922/3966 2917/3957 2924/3956 2925/3967 
f 2909/3934 2908/3933 2903/3968 2899/3969 
f 2907/3935 2902/3970 2903/3971 2908/3936 
f 2907/3935 2906/3937 2901/3972 2902/3970 
f 2906/3937 2905/3938 2900/3973 2901/3972 
f 2905/3938 2910/3939 2904/3974 2900/3973 
f 2910/3939 2909/3934 2899/3969 2904/3974 
f 2915/3941 2914/3940 2884/3922 2885/3921 
f 2914/3945 2913/3944 2883/3926 2884/3925 
f 2913/3944 2912/3948 2882/3928 2883/3926 
f 2912/3948 2911/3950 2881/3930 2882/3928 
f 2911/3950 2916/3952 2886/3932 2881/3930 
f 2916/3952 2915/3941 2885/3921 2886/3932 
f 2918/3954 2917/3957 2899/3969 2903/3968 
f 2919/3958 2918/3961 2903/3971 2902/3970 
f 2920/3962 2919/3958 2902/3970 2901/3972 
f 2920/3962 2901/3972 2900/3973 2921/3964 
f 2922/3966 2921/3964 2900/3973 2904/3974 
f 2922/3966 2904/3974 2899/3969 2917/3957 
f 2924/3956 2923/3955 2897/3943 2893/3942 
f 2925/3967 2924/3956 2893/3942 2898/3953 
f 2926/3965 2925/3967 2898/3953 2894/3951 
f 2927/3963 2926/3965 2894/3951 2895/3949 
f 2927/3963 2895/3949 2896/3947 2928/3959 
f 2928/3959 2896/3947 2897/3946 2923/3960 
f 2929/3978 2930/3975 2998/3976 2999/3977 
f 2930/3982 2931/3979 2997/3980 2998/3981 
f 2931/3979 2932/3983 2996/3984 2997/3980 
f 2932/3983 2933/3985 2995/3986 2996/3984 
f 2933/3985 2934/3987 3000/3988 2995/3986 
f 2934/3987 2929/3978 2999/3977 3000/3988 
f 2951/3991 2941/3992 2942/3989 2950/3990 
f 2950/3995 2942/3996 2943/3993 2949/3994 
f 2949/3994 2943/3993 2944/3997 2948/3998 
f 2944/4002 2945/3999 2947/4000 2948/4001 
f 2945/3999 2946/4003 2952/4004 2947/4000 
f 2946/4003 2941/3992 2951/3991 2952/4004 
f 2950/3990 2962/4005 2963/4006 2951/3991 
f 2949/3994 2961/4007 2962/4008 2950/3995 
f 2948/3998 2960/4009 2961/4007 2949/3994 
f 2948/4001 2947/4000 2959/4010 2960/4011 
f 2951/3991 2963/4006 2964/4012 2952/4004 
f 2956/4014 2834/3843 2833/3846 2957/4013 
f 2955/4016 2835/3847 2834/3850 2956/4015 
f 2954/4017 2836/3851 2835/3847 2955/4016 
f 2954/4018 2953/4019 2837/3853 2836/3856 
f 2953/4019 2958/4020 2838/3857 2837/3853 
f 2958/4020 2957/4013 2833/3846 2838/3857 
f 2962/4005 2956/4014 2957/4013 2963/4006 
f 2961/4007 2955/4016 2956/4015 2962/4008 
f 2960/4009 2954/4017 2955/4016 2961/4007 
f 2959/4010 2953/4019 2954/4018 2960/4011 
f 2964/4012 2963/4006 2957/4013 2958/4020 
f 2975/4023 2965/4024 2966/4021 2974/4022 
f 2974/4022 2966/4021 2967/4025 2973/4026 
f 2973/4026 2967/4025 2968/4027 2972/4028 
f 2968/4032 2969/4029 2971/4030 2972/4031 
f 2969/4029 2970/4033 2976/4034 2971/4030 
f 2970/4033 2965/4035 2975/4036 2976/4034 
f 2974/4022 2986/4037 2987/4038 2975/4023 
f 2973/4026 2985/4039 2986/4037 2974/4022 
f 2972/4028 2984/4040 2985/4039 2973/4026 
f 2972/4031 2971/4030 2983/4041 2984/4042 
f 2975/4036 2987/4043 2988/4044 2976/4034 
f 2980/4046 2858/3875 2857/3878 2981/4045 
f 2979/4047 2859/3879 2858/3875 2980/4046 
f 2978/4048 2860/3881 2859/3879 2979/4047 
f 2978/4049 2977/4050 2861/3883 2860/3886 
f 2977/4050 2982/4051 2862/3887 2861/3883 
f 2982/4051 2981/4052 2857/3889 2862/3887 
f 2986/4037 2980/4046 2981/4045 2987/4038 
f 2985/4039 2979/4047 2980/4046 2986/4037 
f 2984/4040 2978/4048 2979/4047 2985/4039 
f 2983/4041 2977/4050 2978/4049 2984/4042 
f 2988/4044 2987/4043 2981/4052 2982/4051 
f 2988/4044 2936/4053 2937/4054 2976/4034 
f 2971/4030 2976/4034 2937/4054 2938/4055 
f 2983/4041 2971/4030 2938/4055 2939/4056 
f 2983/4041 2939/4056 2940/4057 2977/4050 
f 2982/4051 2977/4050 2940/4057 2935/4058 
f 2988/4044 2982/4051 2935/4058 2936/4053 
f 2959/4010 2947/4000 2931/4059 2930/4060 
f 2953/4019 2959/4010 2930/4060 2929/4061 
f 2958/4020 2953/4019 2929/4061 2934/4062 
f 2964/4012 2958/4020 2934/4062 2933/4063 
f 2964/4012 2933/4063 2932/4064 2952/4004 
f 2947/4000 2952/4004 2932/4064 2931/4059 
f 2993/4067 2992/4068 2936/4065 2935/4066 
f 2992/4071 2991/4072 2937/4069 2936/4070 
f 2991/4072 2990/4074 2938/4073 2937/4069 
f 2990/4074 2989/4076 2939/4075 2938/4073 
f 2989/4076 2994/4078 2940/4077 2939/4075 
f 2994/4078 2993/4067 2935/4066 2940/4077 
f 2999/3977 2998/3976 3016/4079 3017/4080 
f 2998/3981 2997/3980 3015/4081 3016/4082 
f 2997/3980 2996/3984 3014/4083 3015/4081 
f 2996/3984 2995/3986 3013/4084 3014/4083 
f 2995/3986 3000/3988 3018/4085 3013/4084 
f 3000/3988 2999/3977 3017/4080 3018/4085 
f 3001/4088 3005/4089 3022/4086 3023/4087 
f 3005/4092 3004/4093 3021/4090 3022/4091 
f 3004/4093 3003/4095 3020/4094 3021/4090 
f 3003/4095 3002/4097 3019/4096 3020/4094 
f 3006/4099 3024/4098 3019/4096 3002/4097 
f 3006/4099 3001/4088 3023/4087 3024/4098 
f 3025/4103 3026/4100 3031/4101 3032/4102 
f 3026/4107 3027/4104 3036/4105 3031/4106 
f 3036/4105 3027/4104 3028/4108 3035/4109 
f 3035/4109 3028/4108 3029/4110 3034/4111 
f 3029/4110 3030/4112 3033/4113 3034/4111 
f 3030/4112 3025/4103 3032/4102 3033/4113 
f 3016/4079 3011/4114 3007/4115 3017/4080 
f 3016/4082 3015/4081 3010/4116 3011/4117 
f 3015/4081 3014/4083 3009/4118 3010/4116 
f 3014/4083 3013/4084 3008/4119 3009/4118 
f 3013/4084 3018/4085 3012/4120 3008/4119 
f 3017/4080 3007/4115 3012/4120 3018/4085 
f 3023/4087 3022/4086 2992/4068 2993/4067 
f 3022/4091 3021/4090 2991/4072 2992/4071 
f 3021/4090 3020/4094 2990/4074 2991/4072 
f 3020/4094 3019/4096 2989/4076 2990/4074 
f 3019/4096 3024/4098 2994/4078 2989/4076 
f 3024/4098 3023/4087 2993/4067 2994/4078 
f 3025/4103 3007/4115 3011/4114 3026/4100 
f 3027/4104 3026/4107 3011/4117 3010/4116 
f 3028/4108 3027/4104 3010/4116 3009/4118 
f 3029/4110 3028/4108 3009/4118 3008/4119 
f 3029/4110 3008/4119 3012/4120 3030/4112 
f 3030/4112 3012/4120 3007/4115 3025/4103 
f 3032/4102 3031/4101 3005/4089 3001/4088 
f 3033/4113 3032/4102 3001/4088 3006/4099 
f 3034/4111 3033/4113 3006/4099 3002/4097 
f 3034/4111 3002/4097 3003/4095 3035/4109 
f 3036/4105 3035/4109 3003/4095 3004/4093 
f 3036/4105 3004/4093 3005/4092 3031/4106 
f 3037/4124 3038/4121 3106/4122 3107/4123 
f 3038/4128 3039/4125 3105/4126 3106/4127 
f 3039/4125 3040/4129 3104/4130 3105/4126 
f 3040/4129 3041/4131 3103/4132 3104/4130 
f 3041/4131 3042/4133 3108/4134 3103/4132 
f 3042/4133 3037/4124 3107/4123 3108/4134 
f 3059/4137 3049/4138 3050/4135 3058/4136 
f 3058/4141 3050/4142 3051/4139 3057/4140 
f 3057/4140 3051/4139 3052/4143 3056/4144 
f 3052/4148 3053/4145 3055/4146 3056/4147 
f 3053/4145 3054/4149 3060/4150 3055/4146 
f 3054/4149 3049/4138 3059/4137 3060/4150 
f 3058/4136 3070/4151 3071/4152 3059/4137 
f 3057/4140 3069/4153 3070/4154 3058/4141 
f 3056/4144 3068/4155 3069/4153 3057/4140 
f 3056/4147 3055/4146 3067/4156 3068/4157 
f 3059/4137 3071/4152 3072/4158 3060/4150 
f 3064/4160 2942/3989 2941/3992 3065/4159 
f 3063/4162 2943/3993 2942/3996 3064/4161 
f 3062/4163 2944/3997 2943/3993 3063/4162 
f 3062/4164 3061/4165 2945/3999 2944/4002 
f 3061/4165 3066/4166 2946/4003 2945/3999 
f 3066/4166 3065/4159 2941/3992 2946/4003 
f 3070/4151 3064/4160 3065/4159 3071/4152 
f 3069/4153 3063/4162 3064/4161 3070/4154 
f 3068/4155 3062/4163 3063/4162 3069/4153 
f 3067/4156 3061/4165 3062/4164 3068/4157 
f 3072/4158 3071/4152 3065/4159 3066/4166 
f 3083/4169 3073/4170 3074/4167 3082/4168 
f 3082/4168 3074/4167 3075/4171 3081/4172 
f 3081/4172 3075/4171 3076/4173 3080/4174 
f 3076/4178 3077/4175 3079/4176 3080/4177 
f 3077/4175 3078/4179 3084/4180 3079/4176 
f 3078/4179 3073/4181 3083/4182 3084/4180 
f 3082/4168 3094/4183 3095/4184 3083/4169 
f 3081/4172 3093/4185 3094/4183 3082/4168 
f 3080/4174 3092/4186 3093/4185 3081/4172 
f 3080/4177 3079/4176 3091/4187 3092/4188 
f 3083/4182 3095/4189 3096/4190 3084/4180 
f 3088/4192 2966/4021 2965/4024 3089/4191 
f 3087/4193 2967/4025 2966/4021 3088/4192 
f 3086/4194 2968/4027 2967/4025 3087/4193 
f 3086/4195 3085/4196 2969/4029 2968/4032 
f 3085/4196 3090/4197 2970/4033 2969/4029 
f 3090/4197 3089/4198 2965/4035 2970/4033 
f 3094/4183 3088/4192 3089/4191 3095/4184 
f 3093/4185 3087/4193 3088/4192 3094/4183 
f 3092/4186 3086/4194 3087/4193 3093/4185 
f 3091/4187 3085/4196 3086/4195 3092/4188 
f 3096/4190 3095/4189 3089/4198 3090/4197 
f 3084/4180 3096/4190 3044/4199 3045/4200 
f 3079/4176 3084/4180 3045/4200 3046/4201 
f 3091/4187 3079/4176 3046/4201 3047/4202 
f 3091/4187 3047/4202 3048/4203 3085/4196 
f 3090/4197 3085/4196 3048/4203 3043/4204 
f 3096/4190 3090/4197 3043/4204 3044/4199 
f 3067/4156 3055/4146 3039/4205 3038/4206 
f 3061/4165 3067/4156 3038/4206 3037/4207 
f 3066/4166 3061/4165 3037/4207 3042/4208 
f 3072/4158 3066/4166 3042/4208 3041/4209 
f 3072/4158 3041/4209 3040/4210 3060/4150 
f 3055/4146 3060/4150 3040/4210 3039/4205 
f 3101/4213 3100/4214 3044/4211 3043/4212 
f 3100/4217 3099/4218 3045/4215 3044/4216 
f 3099/4218 3098/4220 3046/4219 3045/4215 
f 3098/4220 3097/4222 3047/4221 3046/4219 
f 3097/4222 3102/4224 3048/4223 3047/4221 
f 3102/4224 3101/4213 3043/4212 3048/4223 
f 3107/4123 3106/4122 3124/4225 3125/4226 
f 3106/4127 3105/4126 3123/4227 3124/4228 
f 3105/4126 3104/4130 3122/4229 3123/4227 
f 3104/4130 3103/4132 3121/4230 3122/4229 
f 3103/4132 3108/4134 3126/4231 3121/4230 
f 3108/4134 3107/4123 3125/4226 3126/4231 
f 3109/4234 3113/4235 3130/4232 3131/4233 
f 3113/4238 3112/4239 3129/4236 3130/4237 
f 3112/4239 3111/4241 3128/4240 3129/4236 
f 3110/4243 3127/4242 3128/4240 3111/4241 
f 3110/4243 3114/4245 3132/4244 3127/4242 
f 3114/4245 3109/4234 3131/4233 3132/4244 
f 3133/4249 3134/4246 3139/4247 3140/4248 
f 3134/4253 3135/4250 3144/4251 3139/4252 
f 3135/4250 3136/4254 3143/4255 3144/4251 
f 3136/4254 3137/4256 3142/4257 3143/4255 
f 3142/4257 3137/4256 3138/4258 3141/4259 
f 3138/4258 3133/4249 3140/4248 3141/4259 
f 3125/4226 3124/4225 3119/4260 3115/4261 
f 3124/4228 3123/4227 3118/4262 3119/4263 
f 3122/4229 3117/4264 3118/4262 3123/4227 
f 3122/4229 3121/4230 3116/4265 3117/4264 
f 3121/4230 3126/4231 3120/4266 3116/4265 
f 3126/4231 3125/4226 3115/4261 3120/4266 
f 3131/4233 3130/4232 3100/4214 3101/4213 
f 3130/4237 3129/4236 3099/4218 3100/4217 
f 3129/4236 3128/4240 3098/4220 3099/4218 
f 3128/4240 3127/4242 3097/4222 3098/4220 
f 3127/4242 3132/4244 3102/4224 3097/4222 
f 3132/4244 3131/4233 3101/4213 3102/4224 
f 3134/4246 3133/4249 3115/4261 3119/4260 
f 3135/4250 3134/4253 3119/4263 3118/4262 
f 3135/4250 3118/4262 3117/4264 3136/4254 
f 3136/4254 3117/4264 3116/4265 3137/4256 
f 3138/4258 3137/4256 3116/4265 3120/4266 
f 3133/4249 3138/4258 3120/4266 3115/4261 
f 3140/4248 3139/4247 3113/4235 3109/4234 
f 3141/4259 3140/4248 3109/4234 3114/4245 
f 3142/4257 3141/4259 3114/4245 3110/4243 
f 3143/4255 3142/4257 3110/4243 3111/4241 
f 3143/4255 3111/4241 3112/4239 3144/4251 
f 3144/4251 3112/4239 3113/4238 3139/4252 
f 3145/4270 3146/4267 3214/4268 3215/4269 
f 3146/4274 3147/4271 3213/4272 3214/4273 
f 3147/4271 3148/4275 3212/4276 3213/4272 
f 3148/4275 3149/4277 3211/4278 3212/4276 
f 3149/4277 3150/4279 3216/4280 3211/4278 
f 3150/4279 3145/4270 3215/4269 3216/4280 
f 3167/4283 3157/4284 3158/4281 3166/4282 
f 3166/4287 3158/4288 3159/4285 3165/4286 
f 3165/4286 3159/4285 3160/4289 3164/4290 
f 3160/4294 3161/4291 3163/4292 3164/4293 
f 3161/4291 3162/4295 3168/4296 3163/4292 
f 3162/4295 3157/4284 3167/4283 3168/4296 
f 3166/4282 3178/4297 3179/4298 3167/4283 
f 3165/4286 3177/4299 3178/4300 3166/4287 
f 3164/4290 3176/4301 3177/4299 3165/4286 
f 3164/4293 3163/4292 3175/4302 3176/4303 
f 3167/4283 3179/4298 3180/4304 3168/4296 
f 3172/4306 3050/4135 3049/4138 3173/4305 
f 3171/4308 3051/4139 3050/4142 3172/4307 
f 3170/4309 3052/4143 3051/4139 3171/4308 
f 3170/4310 3169/4311 3053/4145 3052/4148 
f 3169/4311 3174/4312 3054/4149 3053/4145 
f 3174/4312 3173/4305 3049/4138 3054/4149 
f 3178/4297 3172/4306 3173/4305 3179/4298 
f 3177/4299 3171/4308 3172/4307 3178/4300 
f 3176/4301 3170/4309 3171/4308 3177/4299 
f 3175/4302 3169/4311 3170/4310 3176/4303 
f 3180/4304 3179/4298 3173/4305 3174/4312 
f 3191/4315 3181/4316 3182/4313 3190/4314 
f 3190/4314 3182/4313 3183/4317 3189/4318 
f 3189/4318 3183/4317 3184/4319 3188/4320 
f 3184/4324 3185/4321 3187/4322 3188/4323 
f 3185/4321 3186/4325 3192/4326 3187/4322 
f 3186/4325 3181/4327 3191/4328 3192/4326 
f 3190/4314 3202/4329 3203/4330 3191/4315 
f 3189/4318 3201/4331 3202/4329 3190/4314 
f 3188/4320 3200/4332 3201/4331 3189/4318 
f 3188/4323 3187/4322 3199/4333 3200/4334 
f 3191/4328 3203/4335 3204/4336 3192/4326 
f 3196/4338 3074/4167 3073/4170 3197/4337 
f 3195/4339 3075/4171 3074/4167 3196/4338 
f 3194/4340 3076/4173 3075/4171 3195/4339 
f 3194/4341 3193/4342 3077/4175 3076/4178 
f 3193/4342 3198/4343 3078/4179 3077/4175 
f 3198/4343 3197/4344 3073/4181 3078/4179 
f 3202/4329 3196/4338 3197/4337 3203/4330 
f 3201/4331 3195/4339 3196/4338 3202/4329 
f 3200/4332 3194/4340 3195/4339 3201/4331 
f 3199/4333 3193/4342 3194/4341 3200/4334 
f 3204/4336 3203/4335 3197/4344 3198/4343 
f 3192/4326 3204/4336 3152/4345 3153/4346 
f 3187/4322 3192/4326 3153/4346 3154/4347 
f 3199/4333 3187/4322 3154/4347 3155/4348 
f 3199/4333 3155/4348 3156/4349 3193/4342 
f 3198/4343 3193/4342 3156/4349 3151/4350 
f 3204/4336 3198/4343 3151/4350 3152/4345 
f 3175/4302 3163/4292 3147/4351 3146/4352 
f 3175/4302 3146/4352 3145/4353 3169/4311 
f 3174/4312 3169/4311 3145/4353 3150/4354 
f 3180/4304 3174/4312 3150/4354 3149/4355 
f 3180/4304 3149/4355 3148/4356 3168/4296 
f 3163/4292 3168/4296 3148/4356 3147/4351 
f 3209/4359 3208/4360 3152/4357 3151/4358 
f 3208/4363 3207/4364 3153/4361 3152/4362 
f 3207/4364 3206/4366 3154/4365 3153/4361 
f 3206/4366 3205/4368 3155/4367 3154/4365 
f 3205/4368 3210/4370 3156/4369 3155/4367 
f 3210/4370 3209/4359 3151/4358 3156/4369 
f 3215/4269 3214/4268 3232/4371 3233/4372 
f 3214/4273 3213/4272 3231/4373 3232/4374 
f 3213/4272 3212/4276 3230/4375 3231/4373 
f 3212/4276 3211/4278 3229/4376 3230/4375 
f 3211/4278 3216/4280 3234/4377 3229/4376 
f 3216/4280 3215/4269 3233/4372 3234/4377 
f 3217/4380 3221/4381 3238/4378 3239/4379 
f 3221/4384 3220/4385 3237/4382 3238/4383 
f 3220/4385 3219/4387 3236/4386 3237/4382 
f 3219/4387 3218/4389 3235/4388 3236/4386 
f 3218/4389 3222/4391 3240/4390 3235/4388 
f 3222/4391 3217/4380 3239/4379 3240/4390 
f 3241/4395 3242/4392 3247/4393 3248/4394 
f 3247/4398 3242/4399 3243/4396 3252/4397 
f 3252/4397 3243/4396 3244/4400 3251/4401 
f 3244/4400 3245/4402 3250/4403 3251/4401 
f 3245/4402 3246/4404 3249/4405 3250/4403 
f 3246/4404 3241/4395 3248/4394 3249/4405 
f 3233/4372 3232/4371 3227/4406 3223/4407 
f 3232/4374 3231/4373 3226/4408 3227/4409 
f 3231/4373 3230/4375 3225/4410 3226/4408 
f 3230/4375 3229/4376 3224/4411 3225/4410 
f 3229/4376 3234/4377 3228/4412 3224/4411 
f 3234/4377 3233/4372 3223/4407 3228/4412 
f 3239/4379 3238/4378 3208/4360 3209/4359 
f 3238/4383 3237/4382 3207/4364 3208/4363 
f 3237/4382 3236/4386 3206/4366 3207/4364 
f 3235/4388 3205/4368 3206/4366 3236/4386 
f 3235/4388 3240/4390 3210/4370 3205/4368 
f 3240/4390 3239/4379 3209/4359 3210/4370 
f 3241/4395 3223/4407 3227/4406 3242/4392 
f 3243/4396 3242/4399 3227/4409 3226/4408 
f 3244/4400 3243/4396 3226/4408 3225/4410 
f 3244/4400 3225/4410 3224/4411 3245/4402 
f 3245/4402 3224/4411 3228/4412 3246/4404 
f 3241/4395 3246/4404 3228/4412 3223/4407 
f 3248/4394 3247/4393 3221/4381 3217/4380 
f 3249/4405 3248/4394 3217/4380 3222/4391 
f 3250/4403 3249/4405 3222/4391 3218/4389 
f 3250/4403 3218/4389 3219/4387 3251/4401 
f 3251/4401 3219/4387 3220/4385 3252/4397 
f 3252/4397 3220/4385 3221/4384 3247/4398 
f 3253/4416 3254/4413 3334/4414 3335/4415 
f 3254/4420 3255/4417 3333/4418 3334/4419 
f 3255/4417 3256/4421 3332/4422 3333/4418 
f 3256/4421 3257/4423 3331/4424 3332/4422 
f 3257/4423 3258/4425 3336/4426 3331/4424 
f 3258/4425 3253/4416 3335/4415 3336/4426 
f 3281/4429 3265/4430 3266/4427 3280/4428 
f 3280/4433 3266/4434 3267/4431 3279/4432 
f 3279/4432 3267/4431 3268/4435 3278/4436 
f 3268/4440 3269/4437 3277/4438 3278/4439 
f 3269/4437 3270/4441 3282/4442 3277/4438 
f 3270/4441 3265/4430 3281/4429 3282/4442 
f 3280/4428 3292/4443 3293/4444 3281/4429 
f 3279/4432 3291/4445 3292/4446 3280/4433 
f 3278/4436 3290/4447 3291/4445 3279/4432 
f 3278/4439 3277/4438 3289/4448 3290/4449 
f 3281/4429 3293/4444 3294/4450 3282/4442 
f 3286/4454 3272/4451 3271/4452 3287/4453 
f 3285/4458 3273/4455 3272/4456 3286/4457 
f 3284/4460 3274/4459 3273/4455 3285/4458 
f 3284/4463 3283/4464 3275/4461 3274/4462 
f 3283/4464 3288/4466 3276/4465 3275/4461 
f 3288/4466 3287/4453 3271/4452 3276/4465 
f 3292/4443 3286/4454 3287/4453 3293/4444 
f 3291/4445 3285/4458 3286/4457 3292/4446 
f 3290/4447 3284/4460 3285/4458 3291/4445 
f 3289/4448 3283/4464 3284/4463 3290/4449 
f 3294/4450 3293/4444 3287/4453 3288/4466 
f 3311/4469 3295/4470 3296/4467 3310/4468 
f 3310/4468 3296/4467 3297/4471 3309/4472 
f 3309/4472 3297/4471 3298/4473 3308/4474 
f 3298/4478 3299/4475 3307/4476 3308/4477 
f 3299/4475 3300/4479 3312/4480 3307/4476 
f 3300/4479 3295/4481 3311/4482 3312/4480 
f 3310/4468 3322/4483 3323/4484 3311/4469 
f 3309/4472 3321/4485 3322/4483 3310/4468 
f 3308/4474 3320/4486 3321/4485 3309/4472 
f 3308/4477 3307/4476 3319/4487 3320/4488 
f 3311/4482 3323/4489 3324/4490 3312/4480 
f 3316/4494 3302/4491 3301/4492 3317/4493 
f 3315/4496 3303/4495 3302/4491 3316/4494 
f 3314/4498 3304/4497 3303/4495 3315/4496 
f 3314/4501 3313/4502 3305/4499 3304/4500 
f 3313/4502 3318/4504 3306/4503 3305/4499 
f 3318/4504 3317/4506 3301/4505 3306/4503 
f 3322/4483 3316/4494 3317/4493 3323/4484 
f 3321/4485 3315/4496 3316/4494 3322/4483 
f 3320/4486 3314/4498 3315/4496 3321/4485 
f 3319/4487 3313/4502 3314/4501 3320/4488 
f 3324/4490 3323/4489 3317/4506 3318/4504 
f 3312/4480 3324/4490 3260/4507 3261/4508 
f 3307/4476 3312/4480 3261/4508 3262/4509 
f 3319/4487 3307/4476 3262/4509 3263/4510 
f 3319/4487 3263/4510 3264/4511 3313/4502 
f 3318/4504 3313/4502 3264/4511 3259/4512 
f 3324/4490 3318/4504 3259/4512 3260/4507 
f 3289/4448 3277/4438 3255/4513 3254/4514 
f 3283/4464 3289/4448 3254/4514 3253/4515 
f 3288/4466 3283/4464 3253/4515 3258/4516 
f 3294/4450 3288/4466 3258/4516 3257/4517 
f 3294/4450 3257/4517 3256/4518 3282/4442 
f 3277/4438 3282/4442 3256/4518 3255/4513 
f 3329/4521 3328/4522 3260/4519 3259/4520 
f 3328/4525 3327/4526 3261/4523 3260/4524 
f 3327/4526 3326/4528 3262/4527 3261/4523 
f 3326/4528 3325/4530 3263/4529 3262/4527 
f 3325/4530 3330/4532 3264/4531 3263/4529 
f 3330/4532 3329/4521 3259/4520 3264/4531 
f 3335/4415 3334/4414 3352/4533 3353/4534 
f 3334/4419 3333/4418 3351/4535 3352/4536 
f 3333/4418 3332/4422 3350/4537 3351/4535 
f 3332/4422 3331/4424 3349/4538 3350/4537 
f 3331/4424 3336/4426 3354/4539 3349/4538 
f 3336/4426 3335/4415 3353/4534 3354/4539 
f 3337/4542 3341/4543 3358/4540 3359/4541 
f 3341/4546 3340/4547 3357/4544 3358/4545 
f 3339/4549 3356/4548 3357/4544 3340/4547 
f 3338/4551 3355/4550 3356/4548 3339/4549 
f 3342/4553 3360/4552 3355/4550 3338/4551 
f 3342/4553 3337/4542 3359/4541 3360/4552 
f 3361/4557 3362/4554 3367/4555 3368/4556 
f 3367/4560 3362/4561 3363/4558 3372/4559 
f 3363/4558 3364/4562 3371/4563 3372/4559 
f 3364/4562 3365/4564 3370/4565 3371/4563 
f 3365/4564 3366/4566 3369/4567 3370/4565 
f 3366/4566 3361/4557 3368/4556 3369/4567 
f 3352/4533 3347/4568 3343/4569 3353/4534 
f 3352/4536 3351/4535 3346/4570 3347/4571 
f 3351/4535 3350/4537 3345/4572 3346/4570 
f 3350/4537 3349/4538 3344/4573 3345/4572 
f 3349/4538 3354/4539 3348/4574 3344/4573 
f 3354/4539 3353/4534 3343/4569 3348/4574 
f 3359/4541 3358/4540 3328/4522 3329/4521 
f 3358/4545 3357/4544 3327/4526 3328/4525 
f 3357/4544 3356/4548 3326/4528 3327/4526 
f 3356/4548 3355/4550 3325/4530 3326/4528 
f 3355/4550 3360/4552 3330/4532 3325/4530 
f 3360/4552 3359/4541 3329/4521 3330/4532 
f 3362/4554 3361/4557 3343/4569 3347/4568 
f 3362/4561 3347/4571 3346/4570 3363/4558 
f 3363/4558 3346/4570 3345/4572 3364/4562 
f 3364/4562 3345/4572 3344/4573 3365/4564 
f 3366/4566 3365/4564 3344/4573 3348/4574 
f 3361/4557 3366/4566 3348/4574 3343/4569 
f 3367/4555 3341/4543 3337/4542 3368/4556 
f 3368/4556 3337/4542 3342/4553 3369/4567 
f 3370/4565 3369/4567 3342/4553 3338/4551 
f 3371/4563 3370/4565 3338/4551 3339/4549 
f 3372/4559 3371/4563 3339/4549 3340/4547 
f 3372/4559 3340/4547 3341/4546 3367/4560 
f 3373/4578 3374/4575 3430/4576 3431/4577 
f 3374/4582 3375/4579 3429/4580 3430/4581 
f 3375/4579 3376/4583 3428/4584 3429/4580 
f 3376/4583 3377/4585 3427/4586 3428/4584 
f 3377/4590 3378/4587 3432/4588 3427/4589 
f 3378/4587 3373/4578 3431/4577 3432/4588 
f 3389/4592 3271/4452 3272/4451 3388/4591 
f 3388/4594 3272/4456 3273/4455 3387/4593 
f 3387/4593 3273/4455 3274/4459 3386/4595 
f 3274/4462 3275/4461 3385/4596 3386/4597 
f 3275/4461 3276/4465 3390/4598 3385/4596 
f 3276/4465 3271/4452 3389/4592 3390/4598 
f 3388/4591 3400/4599 3401/4600 3389/4592 
f 3387/4593 3399/4601 3400/4602 3388/4594 
f 3386/4595 3398/4603 3399/4601 3387/4593 
f 3386/4597 3385/4596 3397/4604 3398/4605 
f 3389/4592 3401/4600 3402/4606 3390/4598 
f 3394/4608 3158/4281 3157/4284 3395/4607 
f 3393/4610 3159/4285 3158/4288 3394/4609 
f 3392/4611 3160/4289 3159/4285 3393/4610 
f 3392/4612 3391/4613 3161/4291 3160/4294 
f 3391/4613 3396/4614 3162/4295 3161/4291 
f 3396/4614 3395/4607 3157/4284 3162/4295 
f 3400/4599 3394/4608 3395/4607 3401/4600 
f 3399/4601 3393/4610 3394/4609 3400/4602 
f 3398/4603 3392/4611 3393/4610 3399/4601 
f 3397/4604 3391/4613 3392/4612 3398/4605 
f 3402/4606 3401/4600 3395/4607 3396/4614 
f 3407/4616 3301/4492 3302/4491 3406/4615 
f 3406/4615 3302/4491 3303/4495 3405/4617 
f 3405/4617 3303/4495 3304/4497 3404/4618 
f 3304/4500 3305/4499 3403/4619 3404/4620 
f 3305/4499 3306/4503 3408/4621 3403/4619 
f 3306/4503 3301/4505 3407/4622 3408/4621 
f 3406/4615 3418/4623 3419/4624 3407/4616 
f 3405/4617 3417/4625 3418/4623 3406/4615 
f 3404/4618 3416/4626 3417/4625 3405/4617 
f 3404/4620 3403/4619 3415/4627 3416/4628 
f 3407/4622 3419/4629 3420/4630 3408/4621 
f 3412/4632 3182/4313 3181/4316 3413/4631 
f 3411/4633 3183/4317 3182/4313 3412/4632 
f 3410/4634 3184/4319 3183/4317 3411/4633 
f 3410/4635 3409/4636 3185/4321 3184/4324 
f 3409/4636 3414/4637 3186/4325 3185/4321 
f 3414/4637 3413/4638 3181/4327 3186/4325 
f 3418/4623 3412/4632 3413/4631 3419/4624 
f 3417/4625 3411/4633 3412/4632 3418/4623 
f 3416/4626 3410/4634 3411/4633 3417/4625 
f 3415/4627 3409/4636 3410/4635 3416/4628 
f 3420/4630 3419/4629 3413/4638 3414/4637 
f 3408/4621 3420/4630 3380/4639 3381/4640 
f 3403/4619 3408/4621 3381/4640 3382/4641 
f 3415/4627 3403/4619 3382/4641 3383/4642 
f 3415/4627 3383/4642 3384/4643 3409/4636 
f 3414/4637 3409/4636 3384/4643 3379/4644 
f 3420/4630 3414/4637 3379/4644 3380/4639 
f 3397/4604 3385/4596 3375/4645 3374/4646 
f 3397/4604 3374/4646 3373/4647 3391/4613 
f 3396/4614 3391/4613 3373/4647 3378/4648 
f 3402/4606 3396/4614 3378/4648 3377/4649 
f 3402/4606 3377/4649 3376/4650 3390/4598 
f 3385/4596 3390/4598 3376/4650 3375/4645 
f 3425/4653 3424/4654 3380/4651 3379/4652 
f 3424/4657 3423/4658 3381/4655 3380/4656 
f 3423/4658 3422/4660 3382/4659 3381/4655 
f 3422/4660 3421/4662 3383/4661 3382/4659 
f 3421/4665 3426/4666 3384/4663 3383/4664 
f 3426/4666 3425/4653 3379/4652 3384/4663 
f 3431/4577 3430/4576 3448/4667 3449/4668 
f 3430/4581 3429/4580 3447/4669 3448/4670 
f 3428/4584 3446/4671 3447/4669 3429/4580 
f 3428/4584 3427/4586 3445/4672 3446/4671 
f 3427/4589 3432/4588 3450/4673 3445/4674 
f 3432/4588 3431/4577 3449/4668 3450/4673 
f 3433/4677 3437/4678 3454/4675 3455/4676 
f 3437/4681 3436/4682 3453/4679 3454/4680 
f 3436/4682 3435/4684 3452/4683 3453/4679 
f 3435/4684 3434/4686 3451/4685 3452/4683 
f 3438/4690 3456/4687 3451/4688 3434/4689 
f 3433/4677 3455/4676 3456/4687 3438/4690 
f 3457/4694 3458/4691 3463/4692 3464/4693 
f 3458/4698 3459/4695 3468/4696 3463/4697 
f 3468/4696 3459/4695 3460/4699 3467/4700 
f 3460/4699 3461/4701 3466/4702 3467/4700 
f 3461/4706 3462/4703 3465/4704 3466/4705 
f 3462/4703 3457/4694 3464/4693 3465/4704 
f 3449/4668 3448/4667 3443/4707 3439/4708 
f 3447/4669 3442/4709 3443/4710 3448/4670 
f 3447/4669 3446/4671 3441/4711 3442/4709 
f 3446/4671 3445/4672 3440/4712 3441/4711 
f 3445/4674 3450/4673 3444/4713 3440/4714 
f 3450/4673 3449/4668 3439/4708 3444/4713 
f 3455/4676 3454/4675 3424/4654 3425/4653 
f 3454/4680 3453/4679 3423/4658 3424/4657 
f 3453/4679 3452/4683 3422/4660 3423/4658 
f 3452/4683 3451/4685 3421/4662 3422/4660 
f 3451/4688 3456/4687 3426/4666 3421/4665 
f 3456/4687 3455/4676 3425/4653 3426/4666 
f 3457/4694 3439/4708 3443/4707 3458/4691 
f 3458/4698 3443/4710 3442/4709 3459/4695 
f 3460/4699 3459/4695 3442/4709 3441/4711 
f 3461/4701 3460/4699 3441/4711 3440/4712 
f 3462/4703 3461/4706 3440/4714 3444/4713 
f 3457/4694 3462/4703 3444/4713 3439/4708 
f 3464/4693 3463/4692 3437/4678 3433/4677 
f 3465/4704 3464/4693 3433/4677 3438/4690 
f 3466/4705 3465/4704 3438/4690 3434/4689 
f 3466/4702 3434/4686 3435/4684 3467/4700 
f 3468/4696 3467/4700 3435/4684 3436/4682 
f 3463/4697 3468/4696 3436/4682 3437/4681 
f 3469/4718 3470/4715 3538/4716 3539/4717 
f 3470/4722 3471/4719 3537/4720 3538/4721 
f 3471/4719 3472/4723 3536/4724 3537/4720 
f 3472/4723 3473/4725 3535/4726 3536/4724 
f 3473/4725 3474/4727 3540/4728 3535/4726 
f 3474/4727 3469/4718 3539/4717 3540/4728 
f 3491/4731 3481/4732 3482/4729 3490/4730 
f 3490/4735 3482/4736 3483/4733 3489/4734 
f 3489/4734 3483/4733 3484/4737 3488/4738 
f 3484/4742 3485/4739 3487/4740 3488/4741 
f 3485/4739 3486/4743 3492/4744 3487/4740 
f 3486/4743 3481/4732 3491/4731 3492/4744 
f 3490/4730 3502/4745 3503/4746 3491/4731 
f 3489/4734 3501/4747 3502/4748 3490/4735 
f 3488/4738 3500/4749 3501/4747 3489/4734 
f 3488/4741 3487/4740 3499/4750 3500/4751 
f 3491/4731 3503/4746 3504/4752 3492/4744 
f 3496/4754 3266/4427 3265/4430 3497/4753 
f 3495/4756 3267/4431 3266/4434 3496/4755 
f 3494/4757 3268/4435 3267/4431 3495/4756 
f 3494/4758 3493/4759 3269/4437 3268/4440 
f 3493/4759 3498/4760 3270/4441 3269/4437 
f 3498/4760 3497/4753 3265/4430 3270/4441 
f 3502/4745 3496/4754 3497/4753 3503/4746 
f 3501/4747 3495/4756 3496/4755 3502/4748 
f 3500/4749 3494/4757 3495/4756 3501/4747 
f 3499/4750 3493/4759 3494/4758 3500/4751 
f 3504/4752 3503/4746 3497/4753 3498/4760 
f 3515/4763 3505/4764 3506/4761 3514/4762 
f 3514/4762 3506/4761 3507/4765 3513/4766 
f 3513/4766 3507/4765 3508/4767 3512/4768 
f 3508/4772 3509/4769 3511/4770 3512/4771 
f 3509/4769 3510/4773 3516/4774 3511/4770 
f 3510/4773 3505/4775 3515/4776 3516/4774 
f 3514/4762 3526/4777 3527/4778 3515/4763 
f 3513/4766 3525/4779 3526/4777 3514/4762 
f 3512/4768 3524/4780 3525/4779 3513/4766 
f 3512/4771 3511/4770 3523/4781 3524/4782 
f 3515/4776 3527/4783 3528/4784 3516/4774 
f 3520/4786 3296/4467 3295/4470 3521/4785 
f 3519/4787 3297/4471 3296/4467 3520/4786 
f 3518/4788 3298/4473 3297/4471 3519/4787 
f 3518/4789 3517/4790 3299/4475 3298/4478 
f 3517/4790 3522/4791 3300/4479 3299/4475 
f 3522/4791 3521/4792 3295/4481 3300/4479 
f 3526/4777 3520/4786 3521/4785 3527/4778 
f 3525/4779 3519/4787 3520/4786 3526/4777 
f 3524/4780 3518/4788 3519/4787 3525/4779 
f 3523/4781 3517/4790 3518/4789 3524/4782 
f 3528/4784 3527/4783 3521/4792 3522/4791 
f 3516/4774 3528/4784 3476/4793 3477/4794 
f 3511/4770 3516/4774 3477/4794 3478/4795 
f 3523/4781 3511/4770 3478/4795 3479/4796 
f 3523/4781 3479/4796 3480/4797 3517/4790 
f 3522/4791 3517/4790 3480/4797 3475/4798 
f 3528/4784 3522/4791 3475/4798 3476/4793 
f 3499/4750 3487/4740 3471/4799 3470/4800 
f 3499/4750 3470/4800 3469/4801 3493/4759 
f 3498/4760 3493/4759 3469/4801 3474/4802 
f 3504/4752 3498/4760 3474/4802 3473/4803 
f 3504/4752 3473/4803 3472/4804 3492/4744 
f 3487/4740 3492/4744 3472/4804 3471/4799 
f 3533/4807 3532/4808 3476/4805 3475/4806 
f 3532/4811 3531/4812 3477/4809 3476/4810 
f 3531/4812 3530/4814 3478/4813 3477/4809 
f 3530/4814 3529/4816 3479/4815 3478/4813 
f 3529/4816 3534/4818 3480/4817 3479/4815 
f 3534/4818 3533/4807 3475/4806 3480/4817 
f 3539/4717 3538/4716 3556/4819 3557/4820 
f 3538/4721 3537/4720 3555/4821 3556/4822 
f 3537/4720 3536/4724 3554/4823 3555/4821 
f 3536/4724 3535/4726 3553/4824 3554/4823 
f 3535/4726 3540/4728 3558/4825 3553/4824 
f 3540/4728 3539/4717 3557/4820 3558/4825 
f 3541/4828 3545/4829 3562/4826 3563/4827 
f 3545/4832 3544/4833 3561/4830 3562/4831 
f 3544/4833 3543/4835 3560/4834 3561/4830 
f 3542/4837 3559/4836 3560/4834 3543/4835 
f 3542/4837 3546/4839 3564/4838 3559/4836 
f 3546/4839 3541/4828 3563/4827 3564/4838 
f 3565/4843 3566/4840 3571/4841 3572/4842 
f 3566/4847 3567/4844 3576/4845 3571/4846 
f 3567/4844 3568/4848 3575/4849 3576/4845 
f 3575/4849 3568/4848 3569/4850 3574/4851 
f 3569/4850 3570/4852 3573/4853 3574/4851 
f 3570/4852 3565/4843 3572/4842 3573/4853 
f 3557/4820 3556/4819 3551/4854 3547/4855 
f 3555/4821 3550/4856 3551/4857 3556/4822 
f 3555/4821 3554/4823 3549/4858 3550/4856 
f 3554/4823 3553/4824 3548/4859 3549/4858 
f 3553/4824 3558/4825 3552/4860 3548/4859 
f 3558/4825 3557/4820 3547/4855 3552/4860 
f 3563/4827 3562/4826 3532/4808 3533/4807 
f 3562/4831 3561/4830 3531/4812 3532/4811 
f 3561/4830 3560/4834 3530/4814 3531/4812 
f 3560/4834 3559/4836 3529/4816 3530/4814 
f 3559/4836 3564/4838 3534/4818 3529/4816 
f 3564/4838 3563/4827 3533/4807 3534/4818 
f 3565/4843 3547/4855 3551/4854 3566/4840 
f 3567/4844 3566/4847 3551/4857 3550/4856 
f 3568/4848 3567/4844 3550/4856 3549/4858 
f 3569/4850 3568/4848 3549/4858 3548/4859 
f 3570/4852 3569/4850 3548/4859 3552/4860 
f 3565/4843 3570/4852 3552/4860 3547/4855 
f 3572/4842 3571/4841 3545/4829 3541/4828 
f 3573/4853 3572/4842 3541/4828 3546/4839 
f 3573/4853 3546/4839 3542/4837 3574/4851 
f 3574/4851 3542/4837 3543/4835 3575/4849 
f 3575/4849 3543/4835 3544/4833 3576/4845 
f 3571/4846 3576/4845 3544/4833 3545/4832 
f 3580/4862 3482/4729 3481/4732 3581/4861 
f 3579/4864 3483/4733 3482/4736 3580/4863 
f 3578/4865 3484/4737 3483/4733 3579/4864 
f 3578/4866 3577/4867 3485/4739 3484/4742 
f 3577/4867 3582/4868 3486/4743 3485/4739 
f 3582/4868 3581/4861 3481/4732 3486/4743 
f 3586/4870 3506/4761 3505/4764 3587/4869 
f 3585/4871 3507/4765 3506/4761 3586/4870 
f 3584/4872 3508/4767 3507/4765 3585/4871 
f 3584/4873 3583/4874 3509/4769 3508/4772 
f 3583/4874 3588/4875 3510/4773 3509/4769 
f 3588/4875 3587/4876 3505/4775 3510/4773 
f 3589/4879 19/4880 20/4877 21/4878 
f 3589/4879 21/4878 22/4881 23/4882 
f 3589/4879 23/4882 24/4883 19/4880 
f 3590/4886 50/4887 51/4884 52/4885 
f 3590/4886 52/4885 53/4888 54/4889 
f 3590/4886 54/4889 49/4890 50/4887 
f 3581/4893 3578/4894 3579/4891 3580/4892 
f 3584/4897 3585/4898 3586/4895 3587/4896 
f 3582/4899 3577/4900 3578/4894 3581/4893 
f 3587/4896 3588/4902 3583/4901 3584/4897 
# 3652 polygons

